variant,gene,drug,action,phenotype,level,source
"CYP2C9*1, CYP2C9*3, CYP2C9*13",CYP2C9,lornoxicam,ADAPTER_DOSE,Metabolism/PK,1A,clinicalVariants
rs17376848,DPYD,capecitabine,EVITER,Toxicity,1A,clinicalVariants
rs2297595,DPYD,capecitabine,EVITER,Toxicity,1A,clinicalVariants
rs1801265,DPYD,capecitabine,EVITER,Toxicity,1A,clinicalVariants
"CYP2C19*1, CYP2C19*2, CYP2C19*3",CYP2C19,dexlansoprazole,ADAPTER_DOSE,Metabolism/PK,1A,clinicalVariants
"CYP2C9*1, CYP2C9*2, CYP2C9*3, CYP2C9*5, CYP2C9*6, CYP2C9*11",CYP2C9,warfarin,EVITER,Toxicity,1A,clinicalVariants
rs1801160,DPYD,capecitabine,EVITER,Toxicity,1A,clinicalVariants
rs1801159,DPYD,capecitabine,EVITER,Toxicity,1A,clinicalVariants
"UGT1A1*1, UGT1A1*6, UGT1A1*28, UGT1A1*36, UGT1A1*37",UGT1A1,"atazanavir,atazanavir / ritonavir",EVITER,Toxicity,1A,clinicalVariants
"TPMT*1, TPMT*2, TPMT*3A, TPMT*3B, TPMT*3C",TPMT,azathioprine,ADAPTER_DOSE,Dosage,1A,clinicalVariants
rs17376848,DPYD,fluorouracil,EVITER,Toxicity,1A,clinicalVariants
rs1801158,DPYD,fluorouracil,EVITER,Toxicity,1A,clinicalVariants
rs1801159,DPYD,fluorouracil,EVITER,Toxicity,1A,clinicalVariants
rs1801158,DPYD,capecitabine,EVITER,Toxicity,1A,clinicalVariants
rs1801265,DPYD,fluorouracil,EVITER,Toxicity,1A,clinicalVariants
rs1801160,DPYD,fluorouracil,EVITER,Toxicity,1A,clinicalVariants
rs2108622,CYP4F2,warfarin,ADAPTER_DOSE,Dosage,1A,clinicalVariants
rs121434568,EGFR,gefitinib,EVITER,Efficacy,1A,clinicalVariants
rs9923231,VKORC1,phenprocoumon,ADAPTER_DOSE,Dosage,1A,clinicalVariants
rs116855232,NUDT15,mercaptopurine,ADAPTER_DOSE,Dosage,1A,clinicalVariants
"CYP2D6*1, CYP2D6*2, CYP2D6*4, CYP2D6*5, CYP2D6*17, CYP2D6*41",CYP2D6,hydrocodone,ADAPTER_DOSE,Metabolism/PK,1A,clinicalVariants
"CYP2D6*1, CYP2D6*1xN, CYP2D6*2xN",CYP2D6,tropisetron,EVITER,Efficacy,1A,clinicalVariants
"CYP2C9*1, CYP2C9*2, CYP2C9*3",CYP2C9,ibuprofen,ADAPTER_DOSE,Metabolism/PK,1A,clinicalVariants
"CYP2D6*1, CYP2D6*2, CYP2D6*2xN, CYP2D6*4, CYP2D6*5, CYP2D6*6, CYP2D6*9, CYP2D6*10",CYP2D6,desipramine,ADAPTER_DOSE,Metabolism/PK,1A,clinicalVariants
rs78060119,DPYD,fluorouracil,EVITER,Toxicity,1A,clinicalVariants
"G6PD A- 202A_376G, G6PD B (reference), G6PD Mediterranean, Dallas, Panama, Sassari, Cagliari, Birmingham",G6PD,rasburicase,EVITER,Toxicity,1A,clinicalVariants
"CYP2C9*1, CYP2C9*2, CYP2C9*3, CYP2C9*29",CYP2C9,flurbiprofen,ADAPTER_DOSE,Metabolism/PK,1A,clinicalVariants
"CYP2D6*1, CYP2D6*3, CYP2D6*4, CYP2D6*5, CYP2D6*6",CYP2D6,trimipramine,ADAPTER_DOSE,Metabolism/PK,1A,clinicalVariants
"CYP2C9*1, CYP2C9*2, CYP2C9*3",CYP2C9,tenoxicam,ADAPTER_DOSE,Metabolism/PK,1A,clinicalVariants
"CYP2D6*1, CYP2D6*2xN, CYP2D6*3, CYP2D6*4, CYP2D6*5, CYP2D6*6, CYP2D6*10",CYP2D6,tropisetron,ADAPTER_DOSE,Metabolism/PK,1A,clinicalVariants
rs59086055,DPYD,fluorouracil,SURVEILLER,Other,1A,clinicalVariants
rs115232898,DPYD,fluorouracil,EVITER,Toxicity,1A,clinicalVariants
"CYP2C9*1, CYP2C9*2, CYP2C9*3, CYP2C9*13",CYP2C9,celecoxib,ADAPTER_DOSE,Metabolism/PK,1A,clinicalVariants
"CYP2C9*1, CYP2C9*2, CYP2C9*3",CYP2C9,piroxicam,ADAPTER_DOSE,Metabolism/PK,1A,clinicalVariants
rs113993960,CFTR,ivacaftor / lumacaftor,EVITER,Efficacy,1A,clinicalVariants
rs113993960,CFTR,ivacaftor / tezacaftor,EVITER,Efficacy,1A,clinicalVariants
HLA-B*57:01,HLA-B,flucloxacillin,EVITER,Toxicity,1A,clinicalVariants
rs72549306,DPYD,fluorouracil,SURVEILLER,Other,1A,clinicalVariants
rs72549303,DPYD,fluorouracil,SURVEILLER,Other,1A,clinicalVariants
rs1801268,DPYD,fluorouracil,SURVEILLER,Other,1A,clinicalVariants
rs1801266,DPYD,fluorouracil,SURVEILLER,Other,1A,clinicalVariants
rs72549309,DPYD,fluorouracil,SURVEILLER,Other,1A,clinicalVariants
"CYP2C9*1, CYP2C9*2, CYP2C9*3",CYP2C9,phenytoin,EVITER,Toxicity,1A,clinicalVariants
"UGT1A1*1, UGT1A1*28",UGT1A1,irinotecan,ADAPTER_DOSE,Dosage,1A,clinicalVariants
"CYP2C19*1, CYP2C19*2",CYP2C19,trimipramine,ADAPTER_DOSE,Metabolism/PK,1A,clinicalVariants
"CYP2D6*1, CYP2D6*3, CYP2D6*4, CYP2D6*5, CYP2D6*6",CYP2D6,desipramine,EVITER,Toxicity,1A,clinicalVariants
"CYP2B6*1, CYP2B6*2, CYP2B6*6, CYP2B6*18, CYP2B6*38",CYP2B6,efavirenz,EVITER,Toxicity,1A,clinicalVariants
HLA-B*57:01,HLA-B,abacavir,EVITER,Toxicity,1A,clinicalVariants
rs9923231,VKORC1,acenocoumarol,ADAPTER_DOSE,Dosage,1A,clinicalVariants
rs3745274,CYP2B6,efavirenz,EVITER,Toxicity,1A,clinicalVariants
"CYP2B6*1, CYP2B6*4, CYP2B6*6, CYP2B6*9, CYP2B6*18, CYP2B6*28",CYP2B6,efavirenz,ADAPTER_DOSE,Metabolism/PK,1A,clinicalVariants
"CYP2B6*1, CYP2B6*6, CYP2B6*26",CYP2B6,efavirenz,ADAPTER_DOSE,Dosage,1A,clinicalVariants
rs12979860,"IFNL3,IFNL4","peginterferon alfa-2a,peginterferon alfa-2b,ribavirin,telaprevir",EVITER,Efficacy,1A,clinicalVariants
rs12979860,"IFNL3,IFNL4","peginterferon alfa-2a,peginterferon alfa-2b,ribavirin",EVITER,Efficacy,1A,clinicalVariants
rs12979860,"IFNL3,IFNL4","boceprevir,peginterferon alfa-2a,peginterferon alfa-2b,ribavirin",EVITER,Efficacy,1A,clinicalVariants
rs2297595,DPYD,fluorouracil,EVITER,Toxicity,1A,clinicalVariants
"UGT1A1*1, UGT1A1*28",UGT1A1,"folfiri,irinotecan",EVITER,Toxicity,1A,clinicalVariants
"CYP2D6*1, CYP2D6*1xN, CYP2D6*2, CYP2D6*3, CYP2D6*4, CYP2D6*5, CYP2D6*6, CYP2D6*10, CYP2D6*41",CYP2D6,amitriptyline,EVITER,Toxicity,1A,clinicalVariants
"CYP2D6*1, CYP2D6*3, CYP2D6*4, CYP2D6*5, CYP2D6*6",CYP2D6,clomipramine,EVITER,Toxicity,1A,clinicalVariants
"CYP2D6*1, CYP2D6*1xN, CYP2D6*2, CYP2D6*3, CYP2D6*4, CYP2D6*5, CYP2D6*6, CYP2D6*10, CYP2D6*41",CYP2D6,clomipramine,ADAPTER_DOSE,Metabolism/PK,1A,clinicalVariants
"CYP2D6*1, CYP2D6*3, CYP2D6*4, CYP2D6*5, CYP2D6*6",CYP2D6,imipramine,EVITER,Toxicity,1A,clinicalVariants
"CYP2D6*1, CYP2D6*1xN, CYP2D6*2xN, CYP2D6*4, CYP2D6*5",CYP2D6,imipramine,ADAPTER_DOSE,Dosage,1A,clinicalVariants
"CYP2D6*1, CYP2D6*1xN, CYP2D6*2, CYP2D6*2xN",CYP2D6,codeine,EVITER,Toxicity,1A,clinicalVariants
"CYP2D6*1, CYP2D6*1xN, CYP2D6*2xN, CYP2D6*3, CYP2D6*4, CYP2D6*5, CYP2D6*9, CYP2D6*10, CYP2D6*35, CYP2D6*35xN, CYP2D6*41",CYP2D6,doxepin,ADAPTER_DOSE,Metabolism/PK,1A,clinicalVariants
"CYP2D6*1, CYP2D6*3, CYP2D6*4, CYP2D6*5",CYP2D6,imipramine,ADAPTER_DOSE,Metabolism/PK,1A,clinicalVariants
"CYP2D6*1, CYP2D6*3, CYP2D6*4, CYP2D6*5, CYP2D6*6, CYP2D6*10",CYP2D6,nortriptyline,EVITER,Toxicity,1A,clinicalVariants
"CYP2D6*1, CYP2D6*1xN, CYP2D6*2, CYP2D6*2xN, CYP2D6*3, CYP2D6*4, CYP2D6*5, CYP2D6*6, CYP2D6*10, CYP2D6*17",CYP2D6,nortriptyline,ADAPTER_DOSE,Metabolism/PK,1A,clinicalVariants
"CYP2C19*1, CYP2C19*2, CYP2C19*3, CYP2C19*17",CYP2C19,voriconazole,ADAPTER_DOSE,Metabolism/PK,1A,clinicalVariants
"CYP2C19*1, CYP2C19*2, CYP2C19*3, CYP2C19*8, CYP2C19*9, CYP2C19*17",CYP2C19,lansoprazole,ADAPTER_DOSE,Metabolism/PK,1A,clinicalVariants
"CYP2C19*1, CYP2C19*2, CYP2C19*3, CYP2C19*17",CYP2C19,clopidogrel,EVITER,Efficacy,1A,clinicalVariants
"CYP2C19*1, CYP2C19*2, CYP2C19*3, CYP2C19*17",CYP2C19,pantoprazole,ADAPTER_DOSE,Metabolism/PK,1A,clinicalVariants
"CYP2D6*1, CYP2D6*4, CYP2D6*4xN, CYP2D6*5, CYP2D6*10, CYP2D6*17, CYP2D6*92, CYP2D6*96",CYP2D6,atomoxetine,ADAPTER_DOSE,Metabolism/PK,1A,clinicalVariants
"CYP2D6*1, CYP2D6*4, CYP2D6*5, CYP2D6*10, CYP2D6*21, CYP2D6*36",CYP2D6,flecainide,ADAPTER_DOSE,Metabolism/PK,1A,clinicalVariants
"CYP2D6*1, CYP2D6*1xN, CYP2D6*2, CYP2D6*2xN, CYP2D6*3, CYP2D6*4, CYP2D6*5, CYP2D6*9, CYP2D6*10, CYP2D6*14, CYP2D6*41",CYP2D6,paroxetine,ADAPTER_DOSE,Metabolism/PK,1A,clinicalVariants
"CYP2D6*1, CYP2D6*2, CYP2D6*3, CYP2D6*4, CYP2D6*5, CYP2D6*6, CYP2D6*7, CYP2D6*9, CYP2D6*10, CYP2D6*10x2, CYP2D6*11, CYP2D6*17, CYP2D6*21, CYP2D6*36, CYP2D6*41",CYP2D6,tamoxifen,EVITER,Efficacy,1A,clinicalVariants
"CYP2D6*1, CYP2D6*4",CYP2D6,metoprolol,ADAPTER_DOSE,Dosage,1A,clinicalVariants
"CYP2D6*1, CYP2D6*2, CYP2D6*3, CYP2D6*4, CYP2D6*5, CYP2D6*10, CYP2D6*17",CYP2D6,haloperidol,ADAPTER_DOSE,Metabolism/PK,1A,clinicalVariants
"CYP2D6*1, CYP2D6*2, CYP2D6*5, CYP2D6*10, CYP2D6*36",CYP2D6,propafenone,ADAPTER_DOSE,Metabolism/PK,1A,clinicalVariants
"CYP2D6*1, CYP2D6*1xN, CYP2D6*3, CYP2D6*4, CYP2D6*5, CYP2D6*6, CYP2D6*10, CYP2D6*14",CYP2D6,risperidone,ADAPTER_DOSE,Metabolism/PK,1A,clinicalVariants
"CYP2C19*1, CYP2C19*2, CYP2C19*3, CYP2C19*17",CYP2C19,clomipramine,ADAPTER_DOSE,Metabolism/PK,1A,clinicalVariants
"CYP2C19*1, CYP2C19*2, CYP2C19*3, CYP2C19*17",CYP2C19,escitalopram,ADAPTER_DOSE,Metabolism/PK,1A,clinicalVariants
"CYP2C19*1, CYP2C19*2, CYP2C19*3, CYP2C19*17",CYP2C19,imipramine,ADAPTER_DOSE,Metabolism/PK,1A,clinicalVariants
"CYP2C19*1, CYP2C19*2, CYP2C19*3",CYP2C19,omeprazole,EVITER,Efficacy,1A,clinicalVariants
"CYP2C19*1, CYP2C19*2, CYP2C19*3, CYP2C19*9, CYP2C19*10, CYP2C19*17, CYP2C19*24, CYP2C19*26",CYP2C19,omeprazole,ADAPTER_DOSE,Metabolism/PK,1A,clinicalVariants
"CYP2C19*1, CYP2C19*2, CYP2C19*3",CYP2C19,lansoprazole,EVITER,Efficacy,1A,clinicalVariants
"CYP2C19*1, CYP2C19*2, CYP2C19*3",CYP2C19,pantoprazole,EVITER,Efficacy,1A,clinicalVariants
"CYP2D6*1, CYP2D6*3, CYP2D6*4",CYP2D6,zuclopenthixol,ADAPTER_DOSE,Metabolism/PK,1A,clinicalVariants
"CYP2C19*1, CYP2C19*2, CYP2C19*3, CYP2C19*8, CYP2C19*10, CYP2C19*17, CYP2C19*19, CYP2C19*25, CYP2C19*26",CYP2C19,clopidogrel,ADAPTER_DOSE,Metabolism/PK,1A,clinicalVariants
rs67376798,DPYD,fluorouracil,SURVEILLER,Other,1A,clinicalVariants
rs67376798,DPYD,tegafur,EVITER,Toxicity,1A,clinicalVariants
rs67376798,DPYD,capecitabine,EVITER,Toxicity,1A,clinicalVariants
rs3918290,DPYD,capecitabine,EVITER,Toxicity,1A,clinicalVariants
rs3918290,DPYD,tegafur,EVITER,Toxicity,1A,clinicalVariants
rs3918290,DPYD,fluorouracil,EVITER,Toxicity,1A,clinicalVariants
rs55886062,DPYD,fluorouracil,SURVEILLER,Other,1A,clinicalVariants
rs55886062,DPYD,capecitabine,EVITER,Toxicity,1A,clinicalVariants
rs55886062,DPYD,tegafur,EVITER,Toxicity,1A,clinicalVariants
rs148994843,DPYD,fluorouracil,SURVEILLER,Other,1A,clinicalVariants
rs56005131,DPYD,fluorouracil,SURVEILLER,Other,1A,clinicalVariants
rs267606617,MT-RNR1,tobramycin,EVITER,Toxicity,1A,clinicalVariants
rs267606617,MT-RNR1,amikacin,EVITER,Toxicity,1A,clinicalVariants
rs267606617,MT-RNR1,aminoglycoside antibacterials,EVITER,Toxicity,1A,clinicalVariants
rs267606617,MT-RNR1,streptomycin,EVITER,Toxicity,1A,clinicalVariants
rs267606617,MT-RNR1,kanamycin,EVITER,Toxicity,1A,clinicalVariants
rs267606619,MT-RNR1,kanamycin,EVITER,Toxicity,1A,clinicalVariants
rs267606619,MT-RNR1,streptomycin,EVITER,Toxicity,1A,clinicalVariants
rs267606619,MT-RNR1,gentamicin,EVITER,Toxicity,1A,clinicalVariants
rs267606619,MT-RNR1,tobramycin,EVITER,Toxicity,1A,clinicalVariants
rs267606619,MT-RNR1,aminoglycoside antibacterials,EVITER,Toxicity,1A,clinicalVariants
rs267606618,MT-RNR1,aminoglycoside antibacterials,EVITER,Toxicity,1A,clinicalVariants
rs267606618,MT-RNR1,gentamicin,EVITER,Toxicity,1A,clinicalVariants
rs267606618,MT-RNR1,kanamycin,EVITER,Toxicity,1A,clinicalVariants
rs267606618,MT-RNR1,streptomycin,EVITER,Toxicity,1A,clinicalVariants
"CYP2D6*1, CYP2D6*1xN, CYP2D6*2, CYP2D6*2xN, CYP2D6*4, CYP2D6*5, CYP2D6*10, CYP2D6*35xN",CYP2D6,ondansetron,EVITER,Efficacy,1A,clinicalVariants
"CYP2C9*1, CYP2C9*2, CYP2C9*3, CYP2C9*4, CYP2C9*5, CYP2C9*6, CYP2C9*8, CYP2C9*11",CYP2C9,warfarin,ADAPTER_DOSE,Dosage,1A,clinicalVariants
"CYP2C9*1, CYP2C9*2, CYP2C9*3, CYP2C9*5, CYP2C9*6, CYP2C9*8, CYP2C9*11, CYP2C9*13, CYP2C9*14, CYP2C9*16, CYP2C9*29, CYP2C9*31, CYP2C9*33, CYP2C9*37, CYP2C9*39, CYP2C9*42, CYP2C9*43, CYP2C9*45, CYP2C9*50, CYP2C9*52, CYP2C9*55",CYP2C9,phenytoin,ADAPTER_DOSE,Metabolism/PK,1A,clinicalVariants
"CYP2D6*1, CYP2D6*4, CYP2D6*5, CYP2D6*6, CYP2D6*10, CYP2D6*41",CYP2D6,aripiprazole,ADAPTER_DOSE,Metabolism/PK,1A,clinicalVariants
"CYP2D6*1, CYP2D6*1xN, CYP2D6*2, CYP2D6*3, CYP2D6*4, CYP2D6*5, CYP2D6*6, CYP2D6*9, CYP2D6*10, CYP2D6*17, CYP2D6*41",CYP2D6,tramadol,ADAPTER_DOSE,Metabolism/PK,1A,clinicalVariants
rs9923231,VKORC1,warfarin,ADAPTER_DOSE,Dosage,1A,clinicalVariants
"CYP2D6*1, CYP2D6*4, CYP2D6*5, CYP2D6*6, CYP2D6*17, CYP2D6*40",CYP2D6,codeine,EVITER,Efficacy,1A,clinicalVariants
"CYP2D6*5, CYP2D6*17",CYP2D6,hydrocodone,EVITER,Efficacy,1A,clinicalVariants
"CYP2D6*1, CYP2D6*3, CYP2D6*4, CYP2D6*5, CYP2D6*6, CYP2D6*10, CYP2D6*17",CYP2D6,tramadol,EVITER,Efficacy,1A,clinicalVariants
"CYP2C9*1, CYP2C9*2, CYP2C9*3",CYP2C9,fluvastatin,ADAPTER_DOSE,Metabolism/PK,1A,clinicalVariants
rs4149056,SLCO1B1,"simvastatin,simvastatin acid",ADAPTER_DOSE,Metabolism/PK,1A,clinicalVariants
"SLCO1B1*1, SLCO1B1*5, SLCO1B1*15",SLCO1B1,lovastatin,EVITER,Toxicity,1A,clinicalVariants
"SLCO1B1*1, SLCO1B1*5, SLCO1B1*15",SLCO1B1,simvastatin,EVITER,Toxicity,1A,clinicalVariants
rs4149056,SLCO1B1,atorvastatin,EVITER,Toxicity,1A,clinicalVariants
rs4149056,SLCO1B1,lovastatin,EVITER,Toxicity,1A,clinicalVariants
rs4149056,SLCO1B1,"lovastatin,lovastatin acid",ADAPTER_DOSE,Metabolism/PK,1A,clinicalVariants
"SLCO1B1*1, SLCO1B1*5, SLCO1B1*15",SLCO1B1,"lovastatin,lovastatin acid",ADAPTER_DOSE,Metabolism/PK,1A,clinicalVariants
rs4149056,SLCO1B1,rosuvastatin,ADAPTER_DOSE,Metabolism/PK,1A,clinicalVariants
"SLCO1B1*1, SLCO1B1*5, SLCO1B1*15, SLCO1B1*37",SLCO1B1,pitavastatin,ADAPTER_DOSE,Metabolism/PK,1A,clinicalVariants
rs4149056,SLCO1B1,pitavastatin,ADAPTER_DOSE,Metabolism/PK,1A,clinicalVariants
rs4149056,SLCO1B1,pravastatin,ADAPTER_DOSE,Metabolism/PK,1A,clinicalVariants
"SLCO1B1*1, SLCO1B1*5, SLCO1B1*15",SLCO1B1,pravastatin,EVITER,Toxicity,1A,clinicalVariants
"SLCO1B1*1, SLCO1B1*5, SLCO1B1*9, SLCO1B1*14, SLCO1B1*15, SLCO1B1*37",SLCO1B1,rosuvastatin,ADAPTER_DOSE,Metabolism/PK,1A,clinicalVariants
"SLCO1B1*1, SLCO1B1*5, SLCO1B1*15",SLCO1B1,"simvastatin,simvastatin acid",ADAPTER_DOSE,Metabolism/PK,1A,clinicalVariants
rs4149056,SLCO1B1,simvastatin,EVITER,Toxicity,1A,clinicalVariants
rs2231142,ABCG2,rosuvastatin,ADAPTER_DOSE,Metabolism/PK,1A,clinicalVariants
rs4149056,SLCO1B1,fluvastatin,EVITER,Toxicity,1A,clinicalVariants
"SLCO1B1*1, SLCO1B1*5, SLCO1B1*15",SLCO1B1,fluvastatin,EVITER,Toxicity,1A,clinicalVariants
"SLCO1B1*1, SLCO1B1*5, SLCO1B1*15, SLCO1B1*37",SLCO1B1,atorvastatin,ADAPTER_DOSE,Metabolism/PK,1A,clinicalVariants
"SLCO1B1*1, SLCO1B1*5, SLCO1B1*15",SLCO1B1,rosuvastatin,EVITER,Toxicity,1A,clinicalVariants
HLA-B*15:02,HLA-B,oxcarbazepine,EVITER,Toxicity,1A,clinicalVariants
rs2231142,ABCG2,allopurinol,EVITER,Efficacy,1A,clinicalVariants
"CYP2C19*1, CYP2C19*2, CYP2C19*3, CYP2C19*17",CYP2C19,citalopram,ADAPTER_DOSE,Metabolism/PK,1A,clinicalVariants
"CYP2C19*1, CYP2C19*2, CYP2C19*3, CYP2C19*4",CYP2C19,citalopram,EVITER,Toxicity,1A,clinicalVariants
"TPMT*1, TPMT*2, TPMT*3A, TPMT*3C, TPMT*9",TPMT,thioguanine,EVITER,Toxicity,1A,clinicalVariants
"TPMT*1, TPMT*2, TPMT*3A, TPMT*3B, TPMT*3C, TPMT*7, TPMT*9, TPMT*10, TPMT*12, TPMT*13, TPMT*16, TPMT*17, TPMT*18, TPMT*23",TPMT,thioguanine,ADAPTER_DOSE,Metabolism/PK,1A,clinicalVariants
"TPMT*1, TPMT*2, TPMT*3A, TPMT*3B, TPMT*3C, TPMT*4, TPMT*5, TPMT*6, TPMT*7, TPMT*8, TPMT*9, TPMT*12, TPMT*14, TPMT*15, TPMT*16, TPMT*23",TPMT,mercaptopurine,ADAPTER_DOSE,Metabolism/PK,1A,clinicalVariants
"TPMT*1, TPMT*3A, TPMT*3C",TPMT,azathioprine,ADAPTER_DOSE,Metabolism/PK,1A,clinicalVariants
HLA-B*15:02,HLA-B,phenytoin,EVITER,Toxicity,1A,clinicalVariants
"HLA-B*15:02, HLA-B*15:11",HLA-B,carbamazepine,EVITER,Toxicity,1A,clinicalVariants
HLA-B*15:02,HLA-B,lamotrigine,EVITER,Toxicity,1A,clinicalVariants
"SLCO1B1*1, SLCO1B1*5, SLCO1B1*15",SLCO1B1,atorvastatin,EVITER,Toxicity,1A,clinicalVariants
rs56038477,DPYD,capecitabine,EVITER,Toxicity,1A,clinicalVariants
rs56038477,DPYD,fluorouracil,EVITER,Toxicity,1A,clinicalVariants
rs75017182,DPYD,fluorouracil,SURVEILLER,Other,1A,clinicalVariants
rs75017182,DPYD,capecitabine,EVITER,Toxicity,1A,clinicalVariants
"CYP2D6*1, CYP2D6*4, CYP2D6*10",CYP2D6,vortioxetine,ADAPTER_DOSE,Metabolism/PK,1A,clinicalVariants
"CYP2C19*1, CYP2C19*2, CYP2C19*3, CYP2C19*17",CYP2C19,sertraline,ADAPTER_DOSE,Metabolism/PK,1A,clinicalVariants
"CYP2B6*1, CYP2B6*4, CYP2B6*6, CYP2B6*9",CYP2B6,sertraline,ADAPTER_DOSE,Metabolism/PK,1A,clinicalVariants
"CYP2D6*1, CYP2D6*3, CYP2D6*4, CYP2D6*5, CYP2D6*6, CYP2D6*10",CYP2D6,venlafaxine,ADAPTER_DOSE,Metabolism/PK,1A,clinicalVariants
"CYP2D6*1, CYP2D6*3, CYP2D6*4, CYP2D6*5, CYP2D6*6, CYP2D6*81",CYP2D6,venlafaxine,EVITER,Toxicity,1A,clinicalVariants
"CYP2D6*1, CYP2D6*2, CYP2D6*3, CYP2D6*4, CYP2D6*5, CYP2D6*6, CYP2D6*10, CYP2D6*17, CYP2D6*29, CYP2D6*35, CYP2D6*41",CYP2D6,tamoxifen,ADAPTER_DOSE,Metabolism/PK,1A,clinicalVariants
"CYP2C19*1, CYP2C19*2",CYP2C19,doxepin,ADAPTER_DOSE,Metabolism/PK,1A,clinicalVariants
"CYP2C19*1, CYP2C19*2, CYP2C19*3, CYP2C19*17",CYP2C19,amitriptyline,ADAPTER_DOSE,Metabolism/PK,1A,clinicalVariants
rs118192177,RYR1,"desflurane,enflurane,halothane,isoflurane,methoxyflurane,sevoflurane,succinylcholine",EVITER,Toxicity,1A,clinicalVariants
rs118192176,RYR1,"desflurane,enflurane,halothane,isoflurane,methoxyflurane,sevoflurane,succinylcholine",EVITER,Toxicity,1A,clinicalVariants
rs193922832,RYR1,"desflurane,enflurane,halothane,isoflurane,methoxyflurane,sevoflurane,succinylcholine",EVITER,Toxicity,1A,clinicalVariants
rs193922809,RYR1,"desflurane,enflurane,halothane,isoflurane,methoxyflurane,sevoflurane,succinylcholine",EVITER,Toxicity,1A,clinicalVariants
rs118192175,RYR1,"desflurane,enflurane,halothane,isoflurane,methoxyflurane,sevoflurane,succinylcholine",EVITER,Toxicity,1A,clinicalVariants
rs193922762,RYR1,"desflurane,enflurane,halothane,isoflurane,methoxyflurane,sevoflurane,succinylcholine",EVITER,Toxicity,1A,clinicalVariants
rs118192124,RYR1,"desflurane,enflurane,halothane,isoflurane,methoxyflurane,sevoflurane,succinylcholine",EVITER,Toxicity,1A,clinicalVariants
rs193922770,RYR1,"desflurane,enflurane,halothane,isoflurane,methoxyflurane,sevoflurane,succinylcholine",EVITER,Toxicity,1A,clinicalVariants
rs193922802,RYR1,"desflurane,enflurane,halothane,isoflurane,methoxyflurane,sevoflurane,succinylcholine",EVITER,Toxicity,1A,clinicalVariants
rs28933397,RYR1,"desflurane,enflurane,halothane,isoflurane,methoxyflurane,sevoflurane,succinylcholine",EVITER,Toxicity,1A,clinicalVariants
rs193922843,RYR1,"desflurane,enflurane,halothane,isoflurane,methoxyflurane,sevoflurane,succinylcholine",EVITER,Toxicity,1A,clinicalVariants
rs1801086,RYR1,"desflurane,enflurane,halothane,isoflurane,methoxyflurane,sevoflurane,succinylcholine",EVITER,Toxicity,1A,clinicalVariants
rs112563513,RYR1,"desflurane,enflurane,halothane,isoflurane,methoxyflurane,sevoflurane,succinylcholine",EVITER,Toxicity,1A,clinicalVariants
rs193922816,RYR1,"desflurane,enflurane,halothane,isoflurane,methoxyflurane,sevoflurane,succinylcholine",EVITER,Toxicity,1A,clinicalVariants
rs193922748,RYR1,"desflurane,enflurane,halothane,isoflurane,methoxyflurane,sevoflurane,succinylcholine",EVITER,Toxicity,1A,clinicalVariants
rs118192161,RYR1,"desflurane,enflurane,halothane,isoflurane,methoxyflurane,sevoflurane,succinylcholine",EVITER,Toxicity,1A,clinicalVariants
rs121918595,RYR1,"desflurane,enflurane,halothane,isoflurane,methoxyflurane,sevoflurane,succinylcholine",EVITER,Toxicity,1A,clinicalVariants
rs121918596,RYR1,"desflurane,enflurane,halothane,isoflurane,methoxyflurane,sevoflurane,succinylcholine",EVITER,Toxicity,1A,clinicalVariants
rs193922753,RYR1,"desflurane,enflurane,halothane,isoflurane,methoxyflurane,sevoflurane,succinylcholine",EVITER,Toxicity,1A,clinicalVariants
rs121918593,RYR1,"desflurane,enflurane,halothane,isoflurane,methoxyflurane,sevoflurane,succinylcholine",EVITER,Toxicity,1A,clinicalVariants
rs28933396,RYR1,"desflurane,enflurane,halothane,isoflurane,methoxyflurane,sevoflurane,succinylcholine",EVITER,Toxicity,1A,clinicalVariants
rs193922807,RYR1,"desflurane,enflurane,halothane,isoflurane,methoxyflurane,sevoflurane,succinylcholine",EVITER,Toxicity,1A,clinicalVariants
rs118192162,RYR1,"desflurane,enflurane,halothane,isoflurane,methoxyflurane,sevoflurane,succinylcholine",EVITER,Toxicity,1A,clinicalVariants
rs193922768,RYR1,"desflurane,enflurane,halothane,isoflurane,methoxyflurane,sevoflurane,succinylcholine",EVITER,Toxicity,1A,clinicalVariants
rs121918592,RYR1,"desflurane,enflurane,halothane,isoflurane,methoxyflurane,sevoflurane,succinylcholine",EVITER,Toxicity,1A,clinicalVariants
rs193922747,RYR1,"desflurane,enflurane,halothane,isoflurane,methoxyflurane,sevoflurane,succinylcholine",EVITER,Toxicity,1A,clinicalVariants
rs118192122,RYR1,"desflurane,enflurane,halothane,isoflurane,methoxyflurane,sevoflurane,succinylcholine",EVITER,Toxicity,1A,clinicalVariants
rs118192172,RYR1,"desflurane,enflurane,halothane,isoflurane,methoxyflurane,sevoflurane,succinylcholine",EVITER,Toxicity,1A,clinicalVariants
rs118192168,RYR1,"desflurane,enflurane,halothane,isoflurane,methoxyflurane,sevoflurane,succinylcholine",EVITER,Toxicity,1A,clinicalVariants
rs121918594,RYR1,"desflurane,enflurane,halothane,isoflurane,methoxyflurane,sevoflurane,succinylcholine",EVITER,Toxicity,1A,clinicalVariants
rs193922803,RYR1,"desflurane,enflurane,halothane,isoflurane,methoxyflurane,sevoflurane,succinylcholine",EVITER,Toxicity,1A,clinicalVariants
rs193922878,RYR1,"desflurane,enflurane,halothane,isoflurane,methoxyflurane,sevoflurane,succinylcholine",EVITER,Toxicity,1A,clinicalVariants
rs193922876,RYR1,"desflurane,enflurane,halothane,isoflurane,methoxyflurane,sevoflurane,succinylcholine",EVITER,Toxicity,1A,clinicalVariants
rs193922764,RYR1,"desflurane,enflurane,halothane,isoflurane,methoxyflurane,sevoflurane,succinylcholine",EVITER,Toxicity,1A,clinicalVariants
rs193922772,RYR1,"desflurane,enflurane,halothane,isoflurane,methoxyflurane,sevoflurane,succinylcholine",EVITER,Toxicity,1A,clinicalVariants
rs193922818,RYR1,"desflurane,enflurane,halothane,isoflurane,methoxyflurane,sevoflurane,succinylcholine",EVITER,Toxicity,1A,clinicalVariants
rs118192163,RYR1,"desflurane,enflurane,halothane,isoflurane,methoxyflurane,sevoflurane,succinylcholine",EVITER,Toxicity,1A,clinicalVariants
rs1800559,CACNA1S,enflurane,EVITER,Toxicity,1A,clinicalVariants
rs772226819,CACNA1S,succinylcholine,EVITER,Toxicity,1A,clinicalVariants
rs1800559,CACNA1S,halothane,EVITER,Toxicity,1A,clinicalVariants
rs1800559,CACNA1S,sevoflurane,EVITER,Toxicity,1A,clinicalVariants
rs772226819,CACNA1S,halothane,EVITER,Toxicity,1A,clinicalVariants
rs772226819,CACNA1S,sevoflurane,EVITER,Toxicity,1A,clinicalVariants
rs1800559,CACNA1S,isoflurane,EVITER,Toxicity,1A,clinicalVariants
rs772226819,CACNA1S,desflurane,EVITER,Toxicity,1A,clinicalVariants
rs772226819,CACNA1S,isoflurane,EVITER,Toxicity,1A,clinicalVariants
rs1800559,CACNA1S,succinylcholine,EVITER,Toxicity,1A,clinicalVariants
rs1800559,CACNA1S,desflurane,EVITER,Toxicity,1A,clinicalVariants
rs772226819,CACNA1S,methoxyflurane,EVITER,Toxicity,1A,clinicalVariants
rs772226819,CACNA1S,enflurane,EVITER,Toxicity,1A,clinicalVariants
rs1800559,CACNA1S,methoxyflurane,EVITER,Toxicity,1A,clinicalVariants
rs111888148,RYR1,"desflurane,enflurane,halothane,isoflurane,methoxyflurane,sevoflurane,succinylcholine",EVITER,Toxicity,1A,clinicalVariants
rs118192178,RYR1,"desflurane,enflurane,halothane,isoflurane,methoxyflurane,sevoflurane,succinylcholine",EVITER,Toxicity,1A,clinicalVariants
"CYP3A5*1, CYP3A5*3, CYP3A5*6, CYP3A5*7",CYP3A5,tacrolimus,ADAPTER_DOSE,Metabolism/PK,1A,clinicalVariants
"CYP2C19*1, CYP2C19*2, CYP2C19*3, CYP2C19*4, CYP2C19*5, CYP2C19*6, CYP2C19*8, CYP2C19*17",CYP2C19,clopidogrel,SURVEILLER,"Efficacy,Toxicity",1A,clinicalVariants
rs267606617,MT-RNR1,neomycin,EVITER,Toxicity,1A,clinicalVariants
"CYP3A4*1, CYP3A4*20, CYP3A4*22",CYP3A4,quetiapine,ADAPTER_DOSE,Metabolism/PK,1A,clinicalVariants
"CYP2D6*1, CYP2D6*2, CYP2D6*3, CYP2D6*4, CYP2D6*5, CYP2D6*6, CYP2D6*9, CYP2D6*10, CYP2D6*17, CYP2D6*29, CYP2D6*31, CYP2D6*35, CYP2D6*41",CYP2D6,metoprolol,ADAPTER_DOSE,Metabolism/PK,1A,clinicalVariants
"CYP2D6*1, CYP2D6*4, CYP2D6*5, CYP2D6*6, CYP2D6*10, CYP2D6*14",CYP2D6,fluvoxamine,ADAPTER_DOSE,Metabolism/PK,1A,clinicalVariants
"CYP2D6*1, CYP2D6*3, CYP2D6*4, CYP2D6*4xN, CYP2D6*5, CYP2D6*6",CYP2D6,atomoxetine,EVITER,Toxicity,1A,clinicalVariants
"TPMT*1, TPMT*2, TPMT*3A, TPMT*3B, TPMT*3C, TPMT*9",TPMT,mercaptopurine,ADAPTER_DOSE,Dosage,1A,clinicalVariants
"TPMT*1, TPMT*2, TPMT*3A, TPMT*3B, TPMT*3C, TPMT*4, TPMT*6, TPMT*9, TPMT*12",TPMT,mercaptopurine,EVITER,Toxicity,1A,clinicalVariants
"TPMT*1, TPMT*2, TPMT*3A, TPMT*3B, TPMT*3C, TPMT*6",TPMT,azathioprine,EVITER,Toxicity,1A,clinicalVariants
"CYP2C9*1, CYP2C9*2, CYP2C9*3, CYP2C9*13",CYP2C9,meloxicam,ADAPTER_DOSE,Metabolism/PK,1A,clinicalVariants
HLA-B*58:01,HLA-B,allopurinol,EVITER,Toxicity,1A,clinicalVariants
"CYP2D6*1, CYP2D6*1xN, CYP2D6*2, CYP2D6*2xN",CYP2D6,tramadol,EVITER,Toxicity,1A,clinicalVariants
"UGT1A1*1, UGT1A1*28",UGT1A1,sacituzumab govitecan,EVITER,Toxicity,1A,clinicalVariants
rs121908751,CFTR,elexacaftor / tezacaftor / ivacaftor,EVITER,Efficacy,1A,clinicalVariants
rs397508602,CFTR,ivacaftor,EVITER,Efficacy,1A,clinicalVariants
rs1800100,CFTR,ivacaftor,EVITER,Efficacy,1A,clinicalVariants
rs1800111,CFTR,ivacaftor,EVITER,Efficacy,1A,clinicalVariants
rs77409459,CFTR,ivacaftor,EVITER,Efficacy,1A,clinicalVariants
rs35516286,CFTR,"elexacaftor / tezacaftor / ivacaftor,ivacaftor",EVITER,Efficacy,1A,clinicalVariants
rs186089140,CFTR,"elexacaftor / tezacaftor / ivacaftor,ivacaftor",EVITER,Efficacy,1A,clinicalVariants
rs75039782,CFTR,"elexacaftor / tezacaftor / ivacaftor,ivacaftor",EVITER,Efficacy,1A,clinicalVariants
rs1800076,CFTR,"elexacaftor / tezacaftor / ivacaftor,ivacaftor",EVITER,Efficacy,1A,clinicalVariants
rs80224560,CFTR,"elexacaftor / tezacaftor / ivacaftor,ivacaftor",EVITER,Efficacy,1A,clinicalVariants
rs397508572,CFTR,"elexacaftor / tezacaftor / ivacaftor,ivacaftor",EVITER,Efficacy,1A,clinicalVariants
rs397508573,CFTR,"elexacaftor / tezacaftor / ivacaftor,ivacaftor",EVITER,Efficacy,1A,clinicalVariants
rs121908755,CFTR,ivacaftor,EVITER,Efficacy,1A,clinicalVariants
rs74551128,CFTR,ivacaftor,EVITER,Efficacy,1A,clinicalVariants
rs397508537,CFTR,ivacaftor,EVITER,Efficacy,1A,clinicalVariants
rs113993958,CFTR,ivacaftor,EVITER,Efficacy,1A,clinicalVariants
rs77834169,CFTR,ivacaftor,EVITER,Efficacy,1A,clinicalVariants
rs75527207,CFTR,ivacaftor,EVITER,Efficacy,1A,clinicalVariants
rs78769542,CFTR,ivacaftor,EVITER,Efficacy,1A,clinicalVariants
rs186045772,CFTR,ivacaftor,EVITER,Efficacy,1A,clinicalVariants
rs397508256,CFTR,ivacaftor,EVITER,Efficacy,1A,clinicalVariants
rs75541969,CFTR,ivacaftor,EVITER,Efficacy,1A,clinicalVariants
rs121908757,CFTR,ivacaftor,EVITER,Efficacy,1A,clinicalVariants
rs368505753,CFTR,ivacaftor,EVITER,Efficacy,1A,clinicalVariants
rs115545701,CFTR,ivacaftor,EVITER,Efficacy,1A,clinicalVariants
rs11971167,CFTR,ivacaftor,EVITER,Efficacy,1A,clinicalVariants
rs193922525,CFTR,ivacaftor,EVITER,Efficacy,1A,clinicalVariants
rs121908753,CFTR,ivacaftor,EVITER,Efficacy,1A,clinicalVariants
rs121909041,CFTR,ivacaftor,EVITER,Efficacy,1A,clinicalVariants
rs267606723,CFTR,ivacaftor,EVITER,Efficacy,1A,clinicalVariants
rs397508513,CFTR,ivacaftor,EVITER,Efficacy,1A,clinicalVariants
rs78655421,CFTR,ivacaftor,EVITER,Efficacy,1A,clinicalVariants
rs121909005,CFTR,ivacaftor,EVITER,Efficacy,1A,clinicalVariants
rs121909020,CFTR,ivacaftor,EVITER,Efficacy,1A,clinicalVariants
rs202179988,CFTR,ivacaftor,EVITER,Efficacy,1A,clinicalVariants
rs121909013,CFTR,ivacaftor,EVITER,Efficacy,1A,clinicalVariants
rs36210737,CFTR,elexacaftor / tezacaftor / ivacaftor,EVITER,Efficacy,1A,clinicalVariants
rs77932196,CFTR,elexacaftor / tezacaftor / ivacaftor,EVITER,Efficacy,1A,clinicalVariants
rs397508759,CFTR,ivacaftor,EVITER,Efficacy,1A,clinicalVariants
rs397508442,CFTR,ivacaftor,EVITER,Efficacy,1A,clinicalVariants
rs141033578,CFTR,ivacaftor,EVITER,Efficacy,1A,clinicalVariants
rs150212784,CFTR,ivacaftor,EVITER,Efficacy,1A,clinicalVariants
rs121908752,CFTR,ivacaftor,EVITER,Efficacy,1A,clinicalVariants
rs74503330,CFTR,ivacaftor,EVITER,Efficacy,1A,clinicalVariants
rs80282562,CFTR,ivacaftor,EVITER,Efficacy,1A,clinicalVariants
rs397508288,CFTR,ivacaftor,EVITER,Efficacy,1A,clinicalVariants
rs77932196,CFTR,ivacaftor,EVITER,Efficacy,1A,clinicalVariants
"CYP2D6*1, CYP2D6*1xN, CYP2D6*2, CYP2D6*2xN, CYP2D6*3, CYP2D6*4, CYP2D6*5, CYP2D6*6, CYP2D6*10, CYP2D6*17, CYP2D6*29, CYP2D6*36, CYP2D6*41",CYP2D6,codeine,ADAPTER_DOSE,Metabolism/PK,1A,clinicalVariants
rs267606617,MT-RNR1,gentamicin,EVITER,Toxicity,1A,clinicalVariants
HLA-A*31:01,HLA-A,carbamazepine,EVITER,Toxicity,1A,clinicalVariants
"CYP2C9*1, CYP2C9*2, CYP2C9*3",CYP2C9,siponimod,ADAPTER_DOSE,Metabolism/PK,1A,clinicalVariants
"NAT2*4, NAT2*5, NAT2*6, NAT2*7, NAT2*16",NAT2,hydralazine,ADAPTER_DOSE,Metabolism/PK,1A,clinicalVariants
"NAT2*6, NAT2*7, NAT2*14, NAT2*16",NAT2,hydralazine,EVITER,Toxicity,1A,clinicalVariants
"NAT2*1, NAT2*4, NAT2*6, NAT2*7, NAT2*14, NAT2*16",NAT2,hydralazine,EVITER,Efficacy,1A,clinicalVariants
"NUDT15*1, NUDT15*3, NUDT15*4, NUDT15*5, NUDT15*6, NUDT15*7, NUDT15*8, NUDT15*9",NUDT15,mercaptopurine,ADAPTER_DOSE,Dosage,1A,clinicalVariants
"NUDT15*1, NUDT15*3",NUDT15,azathioprine,ADAPTER_DOSE,Dosage,1A,clinicalVariants
"NUDT15*1, NUDT15*3, NUDT15*4, NUDT15*5, NUDT15*6, NUDT15*9",NUDT15,mercaptopurine,EVITER,Toxicity,1A,clinicalVariants
"NUDT15*1, NUDT15*3, NUDT15*4, NUDT15*5, NUDT15*6, NUDT15*9",NUDT15,azathioprine,EVITER,Toxicity,1A,clinicalVariants
rs11881222,IFNL3,"peginterferon alfa-2a,peginterferon alfa-2b,ribavirin",EVITER,Efficacy,2A,clinicalVariants
rs8099917,IFNL3,"peginterferon alfa-2a,peginterferon alfa-2b,ribavirin,telaprevir",EVITER,Efficacy,2A,clinicalVariants
rs1051266,SLC19A1,methotrexate,EVITER,Efficacy,2A,clinicalVariants
HLA-B*13:01,HLA-B,dapsone,EVITER,Toxicity,2A,clinicalVariants
rs3745274,CYP2B6,nevirapine,ADAPTER_DOSE,Metabolism/PK,2A,clinicalVariants
rs10929302,UGT1A1,irinotecan,EVITER,Toxicity,2A,clinicalVariants
rs4646437,CYP3A4,tacrolimus,ADAPTER_DOSE,Metabolism/PK,2A,clinicalVariants
"CYP3A5*1, CYP3A5*3",CYP3A5,tacrolimus,ADAPTER_DOSE,Dosage,2A,clinicalVariants
HLA-B*59:01,HLA-B,methazolamide,EVITER,Toxicity,2A,clinicalVariants
"CYP2C9*1, CYP2C9*2, CYP2C9*3, CYP2C9*13, CYP2C9*14",CYP2C9,warfarin,EVITER,Efficacy,2A,clinicalVariants
rs9934438,VKORC1,phenprocoumon,ADAPTER_DOSE,Dosage,2A,clinicalVariants
rs9934438,VKORC1,acenocoumarol,ADAPTER_DOSE,Dosage,2A,clinicalVariants
"CYP2D6*1, CYP2D6*3, CYP2D6*4, CYP2D6*5, CYP2D6*6, CYP2D6*10",CYP2D6,tramadol,ADAPTER_DOSE,Dosage,2A,clinicalVariants
rs2884737,VKORC1,warfarin,ADAPTER_DOSE,Dosage,2A,clinicalVariants
rs2108622,CYP4F2,acenocoumarol,ADAPTER_DOSE,Dosage,2A,clinicalVariants
rs1042713,ADRB2,salmeterol,EVITER,Efficacy,2A,clinicalVariants
rs28399499,CYP2B6,nevirapine,EVITER,Toxicity,2A,clinicalVariants
rs4149056,SLCO1B1,hmg-coa reductase inhibitors,EVITER,Toxicity,2A,clinicalVariants
rs1799752,ACE,captopril,EVITER,Efficacy,2A,clinicalVariants
"CYP2D6*1, CYP2D6*1xN, CYP2D6*3, CYP2D6*4, CYP2D6*5, CYP2D6*6",CYP2D6,mirtazapine,ADAPTER_DOSE,Metabolism/PK,2A,clinicalVariants
"CYP2C19*1, CYP2C19*2, CYP2C19*3",CYP2C19,rabeprazole,ADAPTER_DOSE,Metabolism/PK,2A,clinicalVariants
"CYP2B6*1, CYP2B6*4, CYP2B6*6, CYP2B6*18",CYP2B6,methadone,ADAPTER_DOSE,Metabolism/PK,2A,clinicalVariants
"CYP2C9*1, CYP2C9*2, CYP2C9*3",CYP2C9,acenocoumarol,EVITER,Toxicity,2A,clinicalVariants
"CYP3A4*1, CYP3A4*3, CYP3A4*20, CYP3A4*22",CYP3A4,tacrolimus,ADAPTER_DOSE,Dosage,2A,clinicalVariants
rs61742245,VKORC1,warfarin,ADAPTER_DOSE,Dosage,2A,clinicalVariants
HLA-B*40:01,HLA-B,carbamazepine,EVITER,Toxicity,2A,clinicalVariants
"CYP2D6*1, CYP2D6*1xN, CYP2D6*2, CYP2D6*2xN, CYP2D6*3, CYP2D6*4, CYP2D6*5, CYP2D6*6, CYP2D6*7",CYP2D6,oxycodone,ADAPTER_DOSE,Metabolism/PK,2A,clinicalVariants
rs1801133,MTHFR,methotrexate,EVITER,Toxicity,2A,clinicalVariants
"HLA-B*13:01, HLA-B*15:02, HLA-B*38:02",HLA-B,sulfamethoxazole / trimethoprim,EVITER,Toxicity,2A,clinicalVariants
HLA-B*15:02,HLA-B,antiepileptics,EVITER,Toxicity,2A,clinicalVariants
rs2242480,CYP3A4,fentanyl,ADAPTER_DOSE,Dosage,2A,clinicalVariants
"CYP3A4*1, CYP3A4*18, CYP3A4*20, CYP3A4*22",CYP3A4,tacrolimus,ADAPTER_DOSE,Metabolism/PK,2A,clinicalVariants
rs2242480,CYP3A4,tacrolimus,ADAPTER_DOSE,Metabolism/PK,2A,clinicalVariants
"NAT2*1, NAT2*4, NAT2*5, NAT2*6, NAT2*6J, NAT2*7, NAT2*7G, NAT2*14, NAT2*16, NAT2*39",NAT2,isoniazid,ADAPTER_DOSE,Metabolism/PK,2A,clinicalVariants
"CYP2B6*1, CYP2B6*4, CYP2B6*5, CYP2B6*6, CYP2B6*18, CYP2B6*22, CYP2B6*30",CYP2B6,bupropion,ADAPTER_DOSE,Metabolism/PK,2A,clinicalVariants
"CYP2D6*1, CYP2D6*2, CYP2D6*2xN, CYP2D6*3, CYP2D6*4, CYP2D6*4xN, CYP2D6*5, CYP2D6*6, CYP2D6*8, CYP2D6*9, CYP2D6*10, CYP2D6*15, CYP2D6*17, CYP2D6*18, CYP2D6*21, CYP2D6*29, CYP2D6*36xN, CYP2D6*38",CYP2D6,debrisoquine,ADAPTER_DOSE,Metabolism/PK,2A,clinicalVariants
"CYP2C19*1, CYP2C19*2, CYP2C19*3",CYP2C19,"clobazam,norclobazam",ADAPTER_DOSE,Metabolism/PK,2A,clinicalVariants
rs2909451,DPP4,sitagliptin,EVITER,Efficacy,PharmGKB,var_drug_ann
"CYP2C9*1, CYP2C9*3",CYP2C9,warfarin,ADAPTER_DOSE,Dosage,PharmGKB,var_drug_ann
rs2285676,KCNJ11,sitagliptin,EVITER,Efficacy,PharmGKB,var_drug_ann
rs163184,KCNQ1,sitagliptin,EVITER,Efficacy,PharmGKB,var_drug_ann
"CYP2B6*1, CYP2B6*18",CYP2B6,efavirenz,ADAPTER_DOSE,Metabolism/PK,PharmGKB,var_drug_ann
rs4664443,DPP4,sitagliptin,EVITER,Efficacy,PharmGKB,var_drug_ann
rs1799853,CYP2C9,sitagliptin,EVITER,Efficacy,PharmGKB,var_drug_ann
rs3765467,GLP1R,sitagliptin,EVITER,Efficacy,PharmGKB,var_drug_ann
CYP2C19 intermediate metabolizer,CYP2C19,fluoxetine,EVITER,Efficacy,PharmGKB,var_drug_ann
CYP2C19 ultrarapid metabolizer,CYP2C19,paroxetine,EVITER,Efficacy,PharmGKB,var_drug_ann
rs6923761,GLP1R,sitagliptin,EVITER,Efficacy,PharmGKB,var_drug_ann
rs3765467,GLP1R,"exenatide, liraglutide",EVITER,Efficacy,PharmGKB,var_drug_ann
CYP2C19 poor metabolizer,CYP2C19,"citalopram, fluoxetine, paroxetine, sertraline",EVITER,Efficacy,PharmGKB,var_drug_ann
rs6923761,GLP1R,"albiglutide, dulaglutide, glp-1 receptor agonists",EVITER,Efficacy,PharmGKB,var_drug_ann
rs7903146,TCF7L2,exenatide,EVITER,Efficacy,PharmGKB,var_drug_ann
CYP2C19*1,CYP2C19,lansoprazole,ADAPTER_DOSE,Metabolism/PK,PharmGKB,var_drug_ann
rs140226575,ARRB1,"albiglutide, dulaglutide, glp-1 receptor agonists",EVITER,Efficacy,PharmGKB,var_drug_ann
"CYP2D6*1, CYP2D6*10",CYP2D6,propafenone,ADAPTER_DOSE,Metabolism/PK,PharmGKB,var_drug_ann
rs78979036,ARRB1,"albiglutide, dulaglutide, glp-1 receptor agonists",EVITER,Efficacy,PharmGKB,var_drug_ann
"CYP2D6*1, CYP2D6*2, CYP2D6*2xN",CYP2D6,methadone,EVITER,Efficacy,PharmGKB,var_drug_ann
"CYP3A4*1, CYP3A4*22",CYP3A4,lurbinectedin,ADAPTER_DOSE,Metabolism/PK,PharmGKB,var_drug_ann
rs78052828,ARRB1,"albiglutide, dulaglutide, glp-1 receptor agonists",EVITER,Efficacy,PharmGKB,var_drug_ann
"CYP2C9*1, CYP2C9*3",CYP2C9,phenytoin,ADAPTER_DOSE,Metabolism/PK,PharmGKB,var_drug_ann
rs58428187,ARRB1,"albiglutide, dulaglutide, glp-1 receptor agonists",EVITER,Efficacy,PharmGKB,var_drug_ann
"UGT1A1*1, UGT1A1*28",UGT1A1,"raloxifene 6-glucuronide, raloxifene-4′-glucuronide",ADAPTER_DOSE,Metabolism/PK,PharmGKB,var_drug_ann
rs8099917,IFNL3,"peginterferon alfa-2a, peginterferon alfa-2b, ribavirin",EVITER,Efficacy,PharmGKB,var_drug_ann
rs8099917,IFNL3,"peginterferon alfa-2b, ribavirin",EVITER,Efficacy,PharmGKB,var_drug_ann
CYP2D6*41,CYP2D6,dextromethorphan,ADAPTER_DOSE,Metabolism/PK,PharmGKB,var_drug_ann
"CYP2D6*1, CYP2D6*4, CYP2D6*5, CYP2D6*9, CYP2D6*10, CYP2D6*17",CYP2D6,tramadol,ADAPTER_DOSE,Metabolism/PK,PharmGKB,var_drug_ann
CYP2D6 intermediate metabolizer,CYP2D6,aripiprazole,ADAPTER_DOSE,Metabolism/PK,PharmGKB,var_drug_ann
"CYP3A5*1, CYP3A5*3",CYP3A5,lurbinectedin,ADAPTER_DOSE,Metabolism/PK,PharmGKB,var_drug_ann
rs705379,PON1,leflunomide,EVITER,Efficacy,PharmGKB,var_drug_ann
"CYP2D6*1, CYP2D6*4, CYP2D6*6",CYP2D6,tramadol,ADAPTER_DOSE,Metabolism/PK,PharmGKB,var_drug_ann
"CYP3A5*1, CYP3A5*3",CYP3A5,dabigatran,ADAPTER_DOSE,Metabolism/PK,PharmGKB,var_drug_ann
"CYP2B6*1, CYP2B6*5, CYP2B6*6, CYP2B6*7",CYP2B6,s-methadone,ADAPTER_DOSE,Metabolism/PK,PharmGKB,var_drug_ann
rs2298771,SCN1A,antiepileptics,EVITER,Efficacy,PharmGKB,var_drug_ann
rs10167228,SCN1A,antiepileptics,EVITER,Efficacy,PharmGKB,var_drug_ann
"CYP2C9*1, CYP2C9*2",CYP2C9,warfarin,ADAPTER_DOSE,Dosage,PharmGKB,var_drug_ann
"CYP2C9*1, CYP2C9*5",CYP2C9,warfarin,ADAPTER_DOSE,Dosage,PharmGKB,var_drug_ann
"CYP2C9*1, CYP2C9*11",CYP2C9,warfarin,ADAPTER_DOSE,Dosage,PharmGKB,var_drug_ann
"UGT1A3*1, UGT1A3*2",UGT1A3,telmisartan,ADAPTER_DOSE,Metabolism/PK,PharmGKB,var_drug_ann
"UGT1A1*1, UGT1A1*28",UGT1A1,sn-38,ADAPTER_DOSE,Metabolism/PK,PharmGKB,var_drug_ann
"UGT1A1*1, UGT1A1*28",UGT1A1,bilirubin,SURVEILLER,Other,PharmGKB,var_drug_ann
"UGT1A1*1, UGT1A1*28",UGT1A1,carvedilol,ADAPTER_DOSE,Metabolism/PK,PharmGKB,var_drug_ann
rs113993960,CFTR,lumacaftor,EVITER,Efficacy,PharmGKB,var_drug_ann
rs36120609,GSTM3,olanzapine,ADAPTER_DOSE,Metabolism/PK,PharmGKB,var_drug_ann
"CYP2D6*1, CYP2D6*2, CYP2D6*17, CYP2D6*29",CYP2D6,dextromethorphan,ADAPTER_DOSE,Metabolism/PK,PharmGKB,var_drug_ann
rs1049353,CNR1,liraglutide,EVITER,Efficacy,PharmGKB,var_drug_ann
"SLC6A4 HTTLPR long form (L allele), SLC6A4 HTTLPR short form (S allele)",SLC6A4,"fluvoxamine, paroxetine",EVITER,Efficacy,PharmGKB,var_drug_ann
rs11269124,ADRA2C,clonidine,EVITER,Efficacy,PharmGKB,var_drug_ann
"CYP2D6*1, CYP2D6*10",CYP2D6,dextromethorphan,ADAPTER_DOSE,Metabolism/PK,PharmGKB,var_drug_ann
"CYP2D6*1, CYP2D6*10, CYP2D6*14",CYP2D6,dextromethorphan,ADAPTER_DOSE,Metabolism/PK,PharmGKB,var_drug_ann
rs4149056,SLCO1B1,simvastatin acid,ADAPTER_DOSE,Metabolism/PK,PharmGKB,var_drug_ann
CYP2D6 poor metabolizer,CYP2D6,dextromethorphan,ADAPTER_DOSE,Metabolism/PK,PharmGKB,var_drug_ann
rs2306283,SLCO1B1,simvastatin acid,ADAPTER_DOSE,Metabolism/PK,PharmGKB,var_drug_ann
"CYP2D6*1, CYP2D6*2, CYP2D6*3, CYP2D6*4, CYP2D6*5, CYP2D6*6, CYP2D6*9, CYP2D6*10, CYP2D6*17, CYP2D6*41",CYP2D6,dextromethorphan,ADAPTER_DOSE,Metabolism/PK,PharmGKB,var_drug_ann
rs1371097,P2RY1,aspirin,EVITER,Efficacy,PharmGKB,var_drug_ann
rs1045642,ABCB1,aspirin,EVITER,Efficacy,PharmGKB,var_drug_ann
rs11322783,IFNL4,"ribavirin, sofosbuvir",EVITER,Efficacy,PharmGKB,var_drug_ann
rs4149032,SLCO1B1,rifampin,ADAPTER_DOSE,Metabolism/PK,PharmGKB,var_drug_ann
rs4680,COMT,modafinil,EVITER,Efficacy,PharmGKB,var_drug_ann
rs699,AGT,valsartan,EVITER,Efficacy,PharmGKB,var_drug_ann
"CYP2C9*1, CYP2C9*3",CYP2C9,meloxicam,ADAPTER_DOSE,Metabolism/PK,PharmGKB,var_drug_ann
rs1799971,OPRM1,naltrexone,EVITER,Efficacy,PharmGKB,var_drug_ann
rs113993960,CFTR,ivacaftor,EVITER,Efficacy,PharmGKB,var_drug_ann
CFTR deficiency,CFTR,elexacaftor,ADAPTER_DOSE,Metabolism/PK,PharmGKB,var_drug_ann
"SLCO1B1*1, SLCO1B1*15",SLCO1B1,atorvastatin,ADAPTER_DOSE,Metabolism/PK,PharmGKB,var_drug_ann
rs1800544,ADRA2A,remifentanil,ADAPTER_DOSE,Dosage,PharmGKB,var_drug_ann
"UGT1A1*1, UGT1A1*28",UGT1A1,warfarin,ADAPTER_DOSE,Dosage,PharmGKB,var_drug_ann
rs1799971,OPRM1,remifentanil,ADAPTER_DOSE,Dosage,PharmGKB,var_drug_ann
rs1045642,ABCB1,"posaconazole, tacrolimus",ADAPTER_DOSE,Metabolism/PK,PharmGKB,var_drug_ann
"CYP3A5*1, CYP3A5*6",CYP3A5,tacrolimus,ADAPTER_DOSE,Metabolism/PK,PharmGKB,var_drug_ann
"CYP2C19*1, CYP2C19*2, CYP2C19*3",CYP2C19,lacosamide,ADAPTER_DOSE,Metabolism/PK,PharmGKB,var_drug_ann
"CYP3A5*1, CYP3A5*7",CYP3A5,tacrolimus,ADAPTER_DOSE,Metabolism/PK,PharmGKB,var_drug_ann
"CYP2A6*1, CYP2A6*4, CYP2A6*10",CYP2A6,coumarin,ADAPTER_DOSE,Metabolism/PK,PharmGKB,var_drug_ann
"CYP2A6*1, CYP2A6*2",CYP2A6,nicotine,ADAPTER_DOSE,Dosage,PharmGKB,var_drug_ann
"UGT1A1*1, UGT1A1*28, UGT1A1*36, UGT1A1*37",UGT1A1,moxifloxacin,ADAPTER_DOSE,Metabolism/PK,PharmGKB,var_drug_ann
"CYP2A6*1, CYP2A6*46",CYP2A6,nicotine,ADAPTER_DOSE,Metabolism/PK,PharmGKB,var_drug_ann
rs149319538,SLC39A10,buprenorphine,EVITER,Efficacy,PharmGKB,var_drug_ann
"CYP2C9*1, CYP2C9*3",CYP2C9,"simvastatin, warfarin",SURVEILLER,"Dosage, Metabolism/PK",PharmGKB,var_drug_ann
"CYP2D6*1, CYP2D6*3, CYP2D6*4, CYP2D6*6, CYP2D6*7",CYP2D6,dextromethorphan,ADAPTER_DOSE,Metabolism/PK,PharmGKB,var_drug_ann
"CYP2D6*1, CYP2D6*4",CYP2D6,dextromethorphan,ADAPTER_DOSE,Metabolism/PK,PharmGKB,var_drug_ann
"CYP2A6*1, CYP2A6*2, CYP2A6*4, CYP2A6*9, CYP2A6*12",CYP2A6,letrozole,ADAPTER_DOSE,Metabolism/PK,PharmGKB,var_drug_ann
"CYP2D6*1, CYP2D6*2",CYP2D6,dextromethorphan,ADAPTER_DOSE,Metabolism/PK,PharmGKB,var_drug_ann
"CYP2C9*1, CYP2C9*2, CYP2C9*3",CYP2C9,warfarin,ADAPTER_DOSE,Dosage,PharmGKB,var_drug_ann
rs4148738,ABCB1,rivaroxaban,ADAPTER_DOSE,Metabolism/PK,PharmGKB,var_drug_ann
rs1128503,ABCB1,rivaroxaban,ADAPTER_DOSE,Metabolism/PK,PharmGKB,var_drug_ann
CYP2B6 poor metabolizer,CYP2B6,diazepam,ADAPTER_DOSE,Metabolism/PK,PharmGKB,var_drug_ann
rs2853542,TYMS,methotrexate,EVITER,Efficacy,PharmGKB,var_drug_ann
"TPMT*1, TPMT*2, TPMT*3A",TPMT,mercaptopurine,ADAPTER_DOSE,Dosage,PharmGKB,var_drug_ann
"TPMT*1, TPMT*2, TPMT*3A, TPMT*3C, TPMT*9, TPMT*21, TPMT*33, TPMT*34",TPMT,"mercaptopurine, thioguanine",ADAPTER_DOSE,Dosage,PharmGKB,var_drug_ann
rs4673993,ATIC,methotrexate,EVITER,Efficacy,PharmGKB,var_drug_ann
rs6295,HTR1A,fluoxetine,EVITER,Efficacy,PharmGKB,var_drug_ann
"CYP2D6*1, CYP2D6*3, CYP2D6*4, CYP2D6*5, CYP2D6*6, CYP2D6*9, CYP2D6*10, CYP2D6*41",CYP2D6,risperidone,EVITER,Efficacy,PharmGKB,var_drug_ann
"UGT1A1*1, UGT1A1*6, UGT1A1*28, UGT1A1*60",UGT1A1,sn-38,ADAPTER_DOSE,Metabolism/PK,PharmGKB,var_drug_ann
rs10898815,NUMA1,dihydropyridine derivatives,SURVEILLER,Other,PharmGKB,var_drug_ann
"CYP2C19*1, CYP2C19*2, CYP2C19*3",CYP2C19,"sulfonamides, urea derivatives",EVITER,Efficacy,PharmGKB,var_drug_ann
rs10482634,NR3C1,corticosteroids,EVITER,Efficacy,PharmGKB,var_drug_ann
"CYP2C9*1, CYP2C9*2, CYP2C9*3, CYP2C9*5, CYP2C9*6, CYP2C9*10, CYP2C9*11",CYP2C9,warfarin,ADAPTER_DOSE,Dosage,PharmGKB,var_drug_ann
rs6759892,UGT1A6,valproic acid,ADAPTER_DOSE,Metabolism/PK,PharmGKB,var_drug_ann
rs2251214,SYT1,methylphenidate,EVITER,Efficacy,PharmGKB,var_drug_ann
"CYP2C19*1, CYP2C19*17",CYP2C19,voriconazole,ADAPTER_DOSE,Metabolism/PK,PharmGKB,var_drug_ann
"CYP2C19*1, CYP2C19*2, CYP2C19*17",CYP2C19,voriconazole,ADAPTER_DOSE,Metabolism/PK,PharmGKB,var_drug_ann
rs8133052,CBR3,"chop, rituximab",EVITER,Efficacy,PharmGKB,var_drug_ann
rs8187710,ABCC2,"chop, rituximab",EVITER,Efficacy,PharmGKB,var_drug_ann
"CYP2C9*1, CYP2C9*2, CYP2C9*11",CYP2C9,warfarin,ADAPTER_DOSE,Metabolism/PK,PharmGKB,var_drug_ann
rs11914200,SEPTIN3,n-desmethyltamoxifen,ADAPTER_DOSE,Metabolism/PK,PharmGKB,var_drug_ann
"CYP3A5*1, CYP3A5*3",CYP3A5,fentanyl,ADAPTER_DOSE,Metabolism/PK,PharmGKB,var_drug_ann
"CYP2D6*1, CYP2D6*10",CYP2D6,citalopram,ADAPTER_DOSE,Metabolism/PK,PharmGKB,var_drug_ann
rs133290,SREBF2,n-desmethyltamoxifen,ADAPTER_DOSE,Metabolism/PK,PharmGKB,var_drug_ann
"CYP2C9*1, CYP2C9*2, CYP2C9*11",CYP2C9,hydroxyphenytoin,ADAPTER_DOSE,Metabolism/PK,PharmGKB,var_drug_ann
rs5751251,TCF20,n-desmethyltamoxifen,ADAPTER_DOSE,Metabolism/PK,PharmGKB,var_drug_ann
rs2267439,SREBF2,n-desmethyltamoxifen,ADAPTER_DOSE,Metabolism/PK,PharmGKB,var_drug_ann
"CYP2C9*1, CYP2C9*3",CYP2C9,piroxicam,ADAPTER_DOSE,Metabolism/PK,PharmGKB,var_drug_ann
rs9607850,SREBF2,n-desmethyltamoxifen,ADAPTER_DOSE,Metabolism/PK,PharmGKB,var_drug_ann
rs8140869,"CENPM, SMIM45",n-desmethyltamoxifen,ADAPTER_DOSE,Metabolism/PK,PharmGKB,var_drug_ann
CYP2A6 high activity,CYP2A6,varenicline,EVITER,Efficacy,PharmGKB,var_drug_ann
"CYP2C9*1, CYP2C9*2, CYP2C9*3",CYP2C9,meloxicam,ADAPTER_DOSE,Metabolism/PK,PharmGKB,var_drug_ann
CYP2D6 poor and ultrarapid metabolizers,CYP2D6,opioids,EVITER,Efficacy,PharmGKB,var_drug_ann
"SLC6A4 HTTLPR long form (L allele), SLC6A4 HTTLPR short form (S allele)",SLC6A4,paroxetine,EVITER,Efficacy,PharmGKB,var_drug_ann
rs113993960,CFTR,"ivacaftor, lumacaftor",EVITER,Efficacy,PharmGKB,var_drug_ann
SLC6A4 HTTLPR short form (S allele),SLC6A4,paroxetine,EVITER,Efficacy,PharmGKB,var_drug_ann
rs28929495,EGFR,afatinib,EVITER,Efficacy,PharmGKB,var_drug_ann
rs3918290,DPYD,3-aminoisobutyrate,ADAPTER_DOSE,Metabolism/PK,PharmGKB,var_drug_ann
NAT2 rapid acetylator,NAT2,hydralazine,SURVEILLER,"Dosage, Efficacy",PharmGKB,var_drug_ann
CYP2D6*41,CYP2D6,mexiletine,EVITER,Efficacy,PharmGKB,var_drug_ann
rs143493067,UPB1,3-aminoisobutyrate,ADAPTER_DOSE,Metabolism/PK,PharmGKB,var_drug_ann
rs114286107,AGXT2,3-aminoisobutyrate,ADAPTER_DOSE,Metabolism/PK,PharmGKB,var_drug_ann
"CYP2C9*1, CYP2C9*13",CYP2C9,meloxicam,SURVEILLER,"PD, Metabolism/PK",PharmGKB,var_drug_ann
rs3918290,DPYD,uracil,ADAPTER_DOSE,Metabolism/PK,PharmGKB,var_drug_ann
rs41272317,ACAD11,"2-aminoheptanoate, 2-aminooctanoic acid, 2-hydroxylaurate",ADAPTER_DOSE,Metabolism/PK,PharmGKB,var_drug_ann
rs140130028,NPC2,"cysteine-s-sulfate, l-ornithine",ADAPTER_DOSE,Metabolism/PK,PharmGKB,var_drug_ann
rs143493067,UPB1,"5,6-dihydrothymine",ADAPTER_DOSE,Metabolism/PK,PharmGKB,var_drug_ann
rs2273697,ABCC2,10-monohydroxy oxcarbazepine,ADAPTER_DOSE,Metabolism/PK,PharmGKB,var_drug_ann
"CYP2D6*1, CYP2D6*5, CYP2D6*10",CYP2D6,dextromethorphan,ADAPTER_DOSE,Metabolism/PK,PharmGKB,var_drug_ann
"CYP2B6*1, CYP2B6*6",CYP2B6,efavirenz,ADAPTER_DOSE,Metabolism/PK,PharmGKB,var_drug_ann
rs776746,CYP3A5,rivaroxaban,EVITER,Toxicity,PharmGKB,var_drug_ann
rs1057910,CYP2C9,warfarin,ADAPTER_DOSE,Dosage,PharmGKB,var_drug_ann
"CYP1A2*1, CYP1A2*30",CYP1A2,praziquantel,ADAPTER_DOSE,Metabolism/PK,PharmGKB,var_drug_ann
"CYP2C9*1, CYP2C9*9",CYP2C9,praziquantel,ADAPTER_DOSE,Metabolism/PK,PharmGKB,var_drug_ann
rs1065852,CYP2D6,aripiprazole,EVITER,Efficacy,PharmGKB,var_drug_ann
rs1080989,CYP2D6,aripiprazole,EVITER,Efficacy,PharmGKB,var_drug_ann
rs1799752,ACE,quinapril,EVITER,Efficacy,PharmGKB,var_drug_ann
rs2740574,CYP3A4,cyclophosphamide,EVITER,Efficacy,PharmGKB,var_drug_ann
"CYP3A5*1, CYP3A5*3",CYP3A5,cyclophosphamide,EVITER,Efficacy,PharmGKB,var_drug_ann
"CYP2C19*2, CYP2C19*3, CYP2C19*17",CYP2C19,"esomeprazole, pantoprazole",ADAPTER_DOSE,Metabolism/PK,PharmGKB,var_drug_ann
"TPMT*1, TPMT*3A, TPMT*3C",TPMT,"azathioprine, mercaptopurine, purine analogues",SURVEILLER,"Dosage, Efficacy, Toxicity",PharmGKB,var_drug_ann
"CYP2C19*1, CYP2C19*2",CYP2C19,voriconazole,ADAPTER_DOSE,Metabolism/PK,PharmGKB,var_drug_ann
rs776746,CYP3A5,tacrolimus,ADAPTER_DOSE,Metabolism/PK,PharmGKB,var_drug_ann
rs2011425,UGT1A4,tacrolimus,ADAPTER_DOSE,Metabolism/PK,PharmGKB,var_drug_ann
rs35599367,CYP3A4,tacrolimus,ADAPTER_DOSE,Metabolism/PK,PharmGKB,var_drug_ann
"CYP2C9*2, CYP2C9*3",CYP2C9,warfarin,ADAPTER_DOSE,Dosage,PharmGKB,var_drug_ann
rs738409,PNPLA3,alogliptin,EVITER,Efficacy,PharmGKB,var_drug_ann
"CYP3A4*1, CYP3A4*22",CYP3A4,amlodipine,ADAPTER_DOSE,Metabolism/PK,PharmGKB,var_drug_ann
rs167770,DRD3,sertraline,EVITER,Efficacy,PharmGKB,var_drug_ann
rs11721264,DRD3,sertraline,EVITER,Efficacy,PharmGKB,var_drug_ann
rs1065852,CYP2D6,"iloperidone, iloperidone metabolite p88",ADAPTER_DOSE,Metabolism/PK,PharmGKB,var_drug_ann
"CYP2C19*1, CYP2C19*2, CYP2C19*3",CYP2C19,"aspirin, clopidogrel",EVITER,Efficacy,PharmGKB,var_drug_ann
"CYP2B6*1, CYP2B6*4",CYP2B6,efavirenz,ADAPTER_DOSE,Metabolism/PK,PharmGKB,var_drug_ann
rs3751664,CACNA1H,valproic acid,EVITER,Efficacy,PharmGKB,var_drug_ann
"SLC6A4 HTTLPR long form (L allele), SLC6A4 HTTLPR short form (S allele)",SLC6A4,fluvoxamine,EVITER,Efficacy,PharmGKB,var_drug_ann
rs1861494,IFNG,penicillin g,EVITER,Efficacy,PharmGKB,var_drug_ann
"CYP2C19*1, CYP2C19*2",CYP2C19,"aspirin, clopidogrel",EVITER,Efficacy,PharmGKB,var_drug_ann
"CYP2C19*1, CYP2C19*2",CYP2C19,clopidogrel,EVITER,Efficacy,PharmGKB,var_drug_ann
rs2430561,IFNG,penicillin g,EVITER,Efficacy,PharmGKB,var_drug_ann
"CYP2D6*1, CYP2D6*1xN, CYP2D6*2, CYP2D6*2xN",CYP2D6,imipramine,ADAPTER_DOSE,Dosage,PharmGKB,var_drug_ann
"NAT2*4, NAT2*5, NAT2*6, NAT2*7",NAT2,isoniazid,ADAPTER_DOSE,Metabolism/PK,PharmGKB,var_drug_ann
"CYP3A4*1, CYP3A4*22",CYP3A4,simvastatin,ADAPTER_DOSE,Metabolism/PK,PharmGKB,var_drug_ann
rs2231142,ABCG2,rivaroxaban,ADAPTER_DOSE,Metabolism/PK,PharmGKB,var_drug_ann
"CYP2D6*1, CYP2D6*10",CYP2D6,atomoxetine,ADAPTER_DOSE,Metabolism/PK,PharmGKB,var_drug_ann
"CYP2C9*1, CYP2C9*3",CYP2C9,avatrombopag,ADAPTER_DOSE,Metabolism/PK,PharmGKB,var_drug_ann
"CYP2C9*1, CYP2C9*2, CYP2C9*3, CYP2C9*5",CYP2C9,warfarin,ADAPTER_DOSE,Dosage,PharmGKB,var_drug_ann
rs1128503,ABCB1,avatrombopag,ADAPTER_DOSE,Metabolism/PK,PharmGKB,var_drug_ann
rs776746,CYP3A5,venetoclax,ADAPTER_DOSE,Metabolism/PK,PharmGKB,var_drug_ann
rs28379954,NFIB,clozapine,ADAPTER_DOSE,Metabolism/PK,PharmGKB,var_drug_ann
"SLCO1B1*1, SLCO1B1*15",SLCO1B1,pitavastatin,ADAPTER_DOSE,Metabolism/PK,PharmGKB,var_drug_ann
rs2740574,CYP3A4,tacrolimus,ADAPTER_DOSE,Metabolism/PK,PharmGKB,var_drug_ann
rs998424,SLC6A2,methylphenidate,EVITER,Efficacy,PharmGKB,var_drug_ann
"CYP2C19*1, CYP2C19*2, CYP2C19*3",CYP2C19,voriconazole,ADAPTER_DOSE,Metabolism/PK,PharmGKB,var_drug_ann
"CYP2D6*1, CYP2D6*2, CYP2D6*3, CYP2D6*4, CYP2D6*5, CYP2D6*6, CYP2D6*9, CYP2D6*10, CYP2D6*41",CYP2D6,"3,4-methylenedioxymethamphetamine",EVITER,Efficacy,PharmGKB,var_drug_ann
rs28399499,CYP2B6,efavirenz,ADAPTER_DOSE,Metabolism/PK,PharmGKB,var_drug_ann
"CYP2D6*1, CYP2D6*10",CYP2D6,fentanyl,ADAPTER_DOSE,Dosage,PharmGKB,var_drug_ann
rs7164594,HYKK,varenicline,EVITER,Efficacy,PharmGKB,var_drug_ann
"CYP3A5*1, CYP3A5*3",CYP3A5,sirolimus,ADAPTER_DOSE,Metabolism/PK,PharmGKB,var_drug_ann
"CYP2D6*1, CYP2D6*10",CYP2D6,4-hydroxytamoxifen,ADAPTER_DOSE,Metabolism/PK,PharmGKB,var_drug_ann
rs1799752,ACE,"enalapril, losartan",EVITER,Efficacy,PharmGKB,var_drug_ann
rs1799752,ACE,benazepril,EVITER,Efficacy,PharmGKB,var_drug_ann
rs8109525,CYP2B6,bupropion,EVITER,Efficacy,PharmGKB,var_drug_ann
"CYP2D6*1, CYP2D6*2, CYP2D6*5, CYP2D6*10, CYP2D6*41",CYP2D6,endoxifen,ADAPTER_DOSE,Metabolism/PK,PharmGKB,var_drug_ann
"NAT1*3, NAT1*4, NAT1*10",NAT1,"mesalazine, thioguanine",ADAPTER_DOSE,Metabolism/PK,PharmGKB,var_drug_ann
"CYP2C9*1, CYP2C9*3",CYP2C9,pioglitazone,ADAPTER_DOSE,Metabolism/PK,PharmGKB,var_drug_ann
"CYP2D6*1, CYP2D6*1xN, CYP2D6*3, CYP2D6*4, CYP2D6*5, CYP2D6*6",CYP2D6,risperidone,ADAPTER_DOSE,Metabolism/PK,PharmGKB,var_drug_ann
"CYP3A4*1, CYP3A4*22",CYP3A4,exemestane,ADAPTER_DOSE,Metabolism/PK,PharmGKB,var_drug_ann
"CYP4F2*1, CYP4F2*3",CYP4F2,warfarin,ADAPTER_DOSE,Dosage,PharmGKB,var_drug_ann
"CYP2D6*1, CYP2D6*4, CYP2D6*5",CYP2D6,risperidone,ADAPTER_DOSE,Metabolism/PK,PharmGKB,var_drug_ann
"CYP2D6*1, CYP2D6*4, CYP2D6*5, CYP2D6*10, CYP2D6*14",CYP2D6,risperidone,ADAPTER_DOSE,Metabolism/PK,PharmGKB,var_drug_ann
CYP2D6*4,CYP2D6,metoprolol,ADAPTER_DOSE,Dosage,PharmGKB,var_drug_ann
rs144854329,VEGFA,cetuximab,EVITER,Efficacy,PharmGKB,var_drug_ann
"CYP2C9*1, CYP2C9*3",CYP2C9,ibuprofen,ADAPTER_DOSE,Metabolism/PK,PharmGKB,var_drug_ann
"CYP2C19*1, CYP2C19*2, CYP2C19*3",CYP2C19,"lansoprazole, omeprazole, rabeprazole",EVITER,Efficacy,PharmGKB,var_drug_ann
"CYP2C9*1, CYP2C9*2",CYP2C9,ibuprofen,ADAPTER_DOSE,Metabolism/PK,PharmGKB,var_drug_ann
"CYP2C9*1, CYP2C9*13",CYP2C9,lornoxicam,ADAPTER_DOSE,Metabolism/PK,PharmGKB,var_drug_ann
"CYP2A6*4, CYP2A6*7, CYP2A6*9, CYP2A6*10",CYP2A6,pilocarpine,ADAPTER_DOSE,Metabolism/PK,PharmGKB,var_drug_ann
"CYP2C9*1, CYP2C9*3",CYP2C9,lornoxicam,ADAPTER_DOSE,Metabolism/PK,PharmGKB,var_drug_ann
rs1801253,ADRB1,atenolol,EVITER,Efficacy,PharmGKB,var_drug_ann
"CYP2C9*1, CYP2C9*6",CYP2C9,warfarin,ADAPTER_DOSE,Dosage,PharmGKB,var_drug_ann
"CYP2D6*1, CYP2D6*3, CYP2D6*4, CYP2D6*5",CYP2D6,venlafaxine,ADAPTER_DOSE,Metabolism/PK,PharmGKB,var_drug_ann
"CYP2C9*1, CYP2C9*2",CYP2C9,propofol,ADAPTER_DOSE,Metabolism/PK,PharmGKB,var_drug_ann
"CYP2C19*1, CYP2C19*2, CYP2C19*3",CYP2C19,"lansoprazole, omeprazole",EVITER,Efficacy,PharmGKB,var_drug_ann
CYP2D6 poor metabolizer and intermediate metabolizer genotypes,CYP2D6,"noroxycodone, oxycodone",ADAPTER_DOSE,Metabolism/PK,PharmGKB,var_drug_ann
"CYP2D6*1, CYP2D6*4",CYP2D6,"citalopram, escitalopram, fluoxetine, fluvoxamine, paroxetine, sertraline",SURVEILLER,"Dosage, Efficacy",PharmGKB,var_drug_ann
rs28363170,SLC6A3,disulfiram,EVITER,Efficacy,PharmGKB,var_drug_ann
rs1799752,ACE,"benazepril, perindopril",EVITER,Efficacy,PharmGKB,var_drug_ann
"CYP2D6*1, CYP2D6*3, CYP2D6*4, CYP2D6*5",CYP2D6,risperidone,ADAPTER_DOSE,Metabolism/PK,PharmGKB,var_drug_ann
"TPMT*1, TPMT*3A, TPMT*3C",TPMT,thioguanine,ADAPTER_DOSE,Metabolism/PK,PharmGKB,var_drug_ann
"CYP2C19*1, CYP2C19*2, CYP2C19*3",CYP2C19,proguanil,ADAPTER_DOSE,Metabolism/PK,PharmGKB,var_drug_ann
"TPMT*1, TPMT*3A, TPMT*3C",TPMT,mercaptopurine,ADAPTER_DOSE,Dosage,PharmGKB,var_drug_ann
"CYP2B6*1, CYP2B6*6",CYP2B6,artemether,ADAPTER_DOSE,Metabolism/PK,PharmGKB,var_drug_ann
CYP2D6 poor metabolizer,CYP2D6,fluoxetine,ADAPTER_DOSE,Metabolism/PK,PharmGKB,var_drug_ann
"CYP2C19*1, CYP2C19*17",CYP2C19,n-desmethylclozapine,ADAPTER_DOSE,Metabolism/PK,PharmGKB,var_drug_ann
CYP2C19*17,CYP2C19,clozapine,EVITER,Efficacy,PharmGKB,var_drug_ann
rs36118214,CYP2B6,efavirenz,ADAPTER_DOSE,Metabolism/PK,PharmGKB,var_drug_ann
"CYP2B6*1, CYP2B6*6",CYP2B6,cyclophosphamide,ADAPTER_DOSE,Metabolism/PK,PharmGKB,var_drug_ann
"CYP2B6*1, CYP2B6*30",CYP2B6,cyclophosphamide,ADAPTER_DOSE,Metabolism/PK,PharmGKB,var_drug_ann
"CYP2B6*1, CYP2B6*29",CYP2B6,cyclophosphamide,ADAPTER_DOSE,Metabolism/PK,PharmGKB,var_drug_ann
CYP2C8*3,CYP2C8,rosiglitazone,SURVEILLER,"Dosage, Metabolism/PK",PharmGKB,var_drug_ann
"CYP2C19*1, CYP2C19*2",CYP2C19,cyclophosphamide,ADAPTER_DOSE,Metabolism/PK,PharmGKB,var_drug_ann
"UGT1A4*1a, UGT1A4*3a",UGT1A4,testosterone,SURVEILLER,"Efficacy, Metabolism/PK",PharmGKB,var_drug_ann
NAT2 slow acetylator,NAT2,hydralazine,ADAPTER_DOSE,Metabolism/PK,PharmGKB,var_drug_ann
"CYP2C9*2, CYP2C9*3",CYP2C9,acenocoumarol,ADAPTER_DOSE,Dosage,PharmGKB,var_drug_ann
"UGT1A4*1a, UGT1A4*2, UGT1A4*3a",UGT1A4,lamotrigine,SURVEILLER,"Efficacy, Metabolism/PK",PharmGKB,var_drug_ann
rs77010898,CFTR,"curcumin, ivacaftor",EVITER,Efficacy,PharmGKB,var_drug_ann
"CYP2C19*1, CYP2C19*2",CYP2C19,amitriptyline,ADAPTER_DOSE,Metabolism/PK,PharmGKB,var_drug_ann
"CYP2A6*1, CYP2A6*12",CYP2A6,3-hydroxycotinine,ADAPTER_DOSE,Metabolism/PK,PharmGKB,var_drug_ann
CYP3A5*1,CYP3A5,tacrolimus,EVITER,Efficacy,PharmGKB,var_drug_ann
"CYP2D6*1, CYP2D6*5, CYP2D6*10, CYP2D6*18, CYP2D6*21, CYP2D6*41, CYP2D6*49, CYP2D6*52",CYP2D6,dextromethorphan,ADAPTER_DOSE,Metabolism/PK,PharmGKB,var_drug_ann
"CYP2D6*1, CYP2D6*9, CYP2D6*10, CYP2D6*17, CYP2D6*29, CYP2D6*45, CYP2D6*46",CYP2D6,metoprolol,SURVEILLER,"Toxicity, Metabolism/PK",PharmGKB,var_drug_ann
rs371194629,HLA-G,methotrexate,EVITER,Efficacy,PharmGKB,var_drug_ann
"CYP2D6*1, CYP2D6*3, CYP2D6*4, CYP2D6*5, CYP2D6*6",CYP2D6,metoprolol,SURVEILLER,"Toxicity, Metabolism/PK",PharmGKB,var_drug_ann
"CYP2C19*1, CYP2C19*17",CYP2C19,esomeprazole,EVITER,Efficacy,PharmGKB,var_drug_ann
"UGT1A1*1, UGT1A1*6, UGT1A1*28",UGT1A1,irinotecan,ADAPTER_DOSE,Dosage,PharmGKB,var_drug_ann
"CYP2C9*1, CYP2C9*2, CYP2C9*3",CYP2C9,phenprocoumon,ADAPTER_DOSE,Dosage,PharmGKB,var_drug_ann
rs113993960,CFTR,"ivacaftor, tezacaftor",EVITER,Efficacy,PharmGKB,var_drug_ann
"CYP2D6*1, CYP2D6*1xN",CYP2D6,tramadol,ADAPTER_DOSE,Metabolism/PK,PharmGKB,var_drug_ann
"CYP2C9*1, CYP2C9*2, CYP2C9*3",CYP2C9,losartan,EVITER,Efficacy,PharmGKB,var_drug_ann
rs1800234,PPARA,chiglitazar,EVITER,Efficacy,PharmGKB,var_drug_ann
"UGT1A4*1a, UGT1A4*1b",UGT1A4,lamotrigine,ADAPTER_DOSE,Metabolism/PK,PharmGKB,var_drug_ann
"CYP2D6*1, CYP2D6*5, CYP2D6*10",CYP2D6,haloperidol,ADAPTER_DOSE,Metabolism/PK,PharmGKB,var_drug_ann
"CYP2D6*1, CYP2D6*3, CYP2D6*4",CYP2D6,haloperidol,ADAPTER_DOSE,Metabolism/PK,PharmGKB,var_drug_ann
TPMT low activity,TPMT,"azathioprine, mercaptopurine",ADAPTER_DOSE,Metabolism/PK,PharmGKB,var_drug_ann
CYP2D6 poor metabolizer,CYP2D6,risperidone,ADAPTER_DOSE,Metabolism/PK,PharmGKB,var_drug_ann
TPMT intermediate activity,TPMT,mercaptopurine,EVITER,Efficacy,PharmGKB,var_drug_ann
NAT2 slow acetylator,NAT2,sulfasalazine,SURVEILLER,Other,PharmGKB,var_drug_ann
rs1799971,OPRM1,ethanol,ADAPTER_DOSE,Dosage,PharmGKB,var_drug_ann
rs2242480,CYP3A4,sufentanil,EVITER,Efficacy,PharmGKB,var_drug_ann
rs4752292,GRK5,beta blocking agents,EVITER,Efficacy,PharmGKB,var_drug_ann
HLA-B*15:01,HLA-B,interferon beta-1a,EVITER,Efficacy,PharmGKB,var_drug_ann
HLA-B*35:03,HLA-B,rubella vaccines,EVITER,Efficacy,PharmGKB,var_drug_ann
HLA-B*38:01,HLA-B,"peginterferon alfa-2a, peginterferon alfa-2b, ribavirin",EVITER,Efficacy,PharmGKB,var_drug_ann
rs671531,OPRM1,highly active antiretroviral therapy (haart),EVITER,Efficacy,PharmGKB,var_drug_ann
"CYP3A4*1, CYP3A4*18",CYP3A4,tacrolimus,ADAPTER_DOSE,Metabolism/PK,PharmGKB,var_drug_ann
"CYP3A4*1, CYP3A4*18",CYP3A4,cyclosporine,ADAPTER_DOSE,Metabolism/PK,PharmGKB,var_drug_ann
HLA-C*06:02,HLA-C,ustekinumab,EVITER,Efficacy,PharmGKB,var_drug_ann
HLA-C*06:02,HLA-C,methotrexate,EVITER,Efficacy,PharmGKB,var_drug_ann
"CYP3A4*1, CYP3A4*18",CYP3A4,fentanyl,SURVEILLER,"Dosage, Efficacy",PharmGKB,var_drug_ann
HLA-C*15:02,HLA-C,rubella vaccines,EVITER,Efficacy,PharmGKB,var_drug_ann
"HLA-C*01:02, HLA-C*02:02, HLA-C*03:02, HLA-C*04:01, HLA-C*05:01, HLA-C*06:02, HLA-C*07:01, HLA-C*08:01, HLA-C*12:02, HLA-C*14:02, HLA-C*15:02, HLA-C*16:01, HLA-C*17:01",HLA-C,"peginterferon alfa-2b, ribavirin",EVITER,Efficacy,PharmGKB,var_drug_ann
HLA-DQA1*01:04,HLA-DQA1,measles vaccines,EVITER,Efficacy,PharmGKB,var_drug_ann
HLA-DRB1*01:01,HLA-DRB1,measles vaccines,EVITER,Efficacy,PharmGKB,var_drug_ann
HLA-DRB1*04:01,HLA-DRB1,interferon beta-1a,EVITER,Efficacy,PharmGKB,var_drug_ann
HLA-DRB1*04:01,HLA-DRB1,"adalimumab, etanercept, infliximab",EVITER,Efficacy,PharmGKB,var_drug_ann
HLA-DRB1*07:01,HLA-DRB1,hepatitis vaccines,EVITER,Efficacy,PharmGKB,var_drug_ann
HLA-DRB1*07:01,HLA-DRB1,influenza vaccines,EVITER,Efficacy,PharmGKB,var_drug_ann
HLA-DRB1*08:01,HLA-DRB1,measles vaccines,EVITER,Efficacy,PharmGKB,var_drug_ann
HLA-DRB1*13:01,HLA-DRB1,influenza vaccines,EVITER,Efficacy,PharmGKB,var_drug_ann
"CYP2C8*1, CYP2C8*4",CYP2C8,montelukast,ADAPTER_DOSE,Metabolism/PK,PharmGKB,var_drug_ann
"CYP2C8*1, CYP2C8*3",CYP2C8,montelukast,ADAPTER_DOSE,Metabolism/PK,PharmGKB,var_drug_ann
"CYP2C8*1, CYP2C8*3",CYP2C8,tacrolimus,ADAPTER_DOSE,Metabolism/PK,PharmGKB,var_drug_ann
rs11545078,GGH,methotrexate,EVITER,Toxicity,PharmGKB,var_drug_ann
"CYP2C8*1, CYP2C8*3",CYP2C8,ibuprofen,ADAPTER_DOSE,Dosage,PharmGKB,var_drug_ann
"CYP2C8*1, CYP2C8*3",CYP2C8,rosiglitazone,ADAPTER_DOSE,Metabolism/PK,PharmGKB,var_drug_ann
"CYP2B6*1, CYP2B6*5, CYP2B6*6, CYP2B6*7, CYP2B6*18",CYP2B6,methadone,ADAPTER_DOSE,Metabolism/PK,PharmGKB,var_drug_ann
"SLC6A4 HTTLPR short form (S allele), SLC6A4 L allele-rs25531C, SLC6A4 L allele-rs25531T",SLC6A4,disulfiram,EVITER,Efficacy,PharmGKB,var_drug_ann
"CYP2B6*1, CYP2B6*4",CYP2B6,sertraline,ADAPTER_DOSE,Metabolism/PK,PharmGKB,var_drug_ann
"CYP2B6*1, CYP2B6*6, CYP2B6*9",CYP2B6,sertraline,ADAPTER_DOSE,Metabolism/PK,PharmGKB,var_drug_ann
"CYP2C19*1, CYP2C19*17",CYP2C19,sertraline,ADAPTER_DOSE,Metabolism/PK,PharmGKB,var_drug_ann
"CYP2C19*1, CYP2C19*2, CYP2C19*3, CYP2C19*4",CYP2C19,sertraline,ADAPTER_DOSE,Metabolism/PK,PharmGKB,var_drug_ann
"CYP2B6*1, CYP2B6*9",CYP2B6,sertraline,ADAPTER_DOSE,Metabolism/PK,PharmGKB,var_drug_ann
"CYP3A5*1, CYP3A5*3",CYP3A5,atorvastatin,ADAPTER_DOSE,Metabolism/PK,PharmGKB,var_drug_ann
"SLCO1B1*1, SLCO1B1*5",SLCO1B1,atorvastatin,ADAPTER_DOSE,Metabolism/PK,PharmGKB,var_drug_ann
"SLCO1B1*1, SLCO1B1*15",SLCO1B1,pravastatin,EVITER,Efficacy,PharmGKB,var_drug_ann
"CYP2C9*1, CYP2C9*2, CYP2C9*3, CYP2C9*11",CYP2C9,"rifampin, warfarin",EVITER,Efficacy,PharmGKB,var_drug_ann
"SLCO1B1*1, SLCO1B1*15",SLCO1B1,"pitavastatin, pravastatin",ADAPTER_DOSE,Metabolism/PK,PharmGKB,var_drug_ann
rs1045642,ABCB1,tacrolimus,ADAPTER_DOSE,Metabolism/PK,PharmGKB,var_drug_ann
CYP2C9*3,CYP2C9,acenocoumarol,ADAPTER_DOSE,Dosage,PharmGKB,var_drug_ann
"SLCO1B1*1, SLCO1B1*14",SLCO1B1,fluvastatin,EVITER,Efficacy,PharmGKB,var_drug_ann
CYP2C9*2,CYP2C9,acenocoumarol,ADAPTER_DOSE,Dosage,PharmGKB,var_drug_ann
"SLCO1B1*1, SLCO1B1*31, SLCO1B1*37",SLCO1B1,methotrexate,ADAPTER_DOSE,Metabolism/PK,PharmGKB,var_drug_ann
"SLCO1B1*1, SLCO1B1*20, SLCO1B1*37",SLCO1B1,methotrexate,ADAPTER_DOSE,Metabolism/PK,PharmGKB,var_drug_ann
rs4149056,SLCO1B1,conjugated estrogens,ADAPTER_DOSE,Metabolism/PK,PharmGKB,var_drug_ann
"SLCO1B1*1, SLCO1B1*23, SLCO1B1*37",SLCO1B1,methotrexate,ADAPTER_DOSE,Metabolism/PK,PharmGKB,var_drug_ann
rs1998591,CYP2C18,acenocoumarol,ADAPTER_DOSE,Dosage,PharmGKB,var_drug_ann
"CYP2C19*1, CYP2C19*2, CYP2C19*3",CYP2C19,clopidogrel,EVITER,Efficacy,PharmGKB,var_drug_ann
"SLCO1B1*1, SLCO1B1*15, SLCO1B1*37",SLCO1B1,methotrexate,ADAPTER_DOSE,Metabolism/PK,PharmGKB,var_drug_ann
"SLCO1B1*15, SLCO1B1*37",SLCO1B1,rosuvastatin,ADAPTER_DOSE,Metabolism/PK,PharmGKB,var_drug_ann
"CYP2C19*1, CYP2C19*2, CYP2C19*3",CYP2C19,escitalopram,ADAPTER_DOSE,Metabolism/PK,PharmGKB,var_drug_ann
"SLCO1B1*1, SLCO1B1*15, SLCO1B1*37",SLCO1B1,atorvastatin,ADAPTER_DOSE,Metabolism/PK,PharmGKB,var_drug_ann
"SLCO1B1*1, SLCO1B1*14, SLCO1B1*15, SLCO1B1*37",SLCO1B1,atrasentan,ADAPTER_DOSE,Metabolism/PK,PharmGKB,var_drug_ann
"CYP2C19*1, CYP2C19*17",CYP2C19,escitalopram,ADAPTER_DOSE,Metabolism/PK,PharmGKB,var_drug_ann
"CYP3A5*1, CYP3A5*3",CYP3A5,"3,4-dehydrocilostazol",ADAPTER_DOSE,Metabolism/PK,PharmGKB,var_drug_ann
rs61767072,ADRA2C,beta blocking agents,EVITER,Efficacy,PharmGKB,var_drug_ann
CYP2B6*6,CYP2B6,hydroxybupropion,ADAPTER_DOSE,Metabolism/PK,PharmGKB,var_drug_ann
"CYP2D6*1, CYP2D6*1xN, CYP2D6*3, CYP2D6*4, CYP2D6*4xN, CYP2D6*5, CYP2D6*6, CYP2D6*10, CYP2D6*41",CYP2D6,aripiprazole,ADAPTER_DOSE,Metabolism/PK,PharmGKB,var_drug_ann
CYP2D6 poor metabolizer and intermediate metabolizer genotypes,CYP2D6,atomoxetine,ADAPTER_DOSE,Metabolism/PK,PharmGKB,var_drug_ann
rs1402467,SULT1C4,"docetaxel, thalidomide",EVITER,Efficacy,PharmGKB,var_drug_ann
"CYP2C19*1, CYP2C19*2",CYP2C19,atomoxetine,ADAPTER_DOSE,Metabolism/PK,PharmGKB,var_drug_ann
"CYP2D6*1, CYP2D6*2, CYP2D6*17",CYP2D6,endoxifen,ADAPTER_DOSE,Metabolism/PK,PharmGKB,var_drug_ann
"CYP2C19*1, CYP2C19*17",CYP2C19,"amitriptyline, clomipramine",SURVEILLER,Other,PharmGKB,var_drug_ann
"CYP2D6*1, CYP2D6*2",CYP2D6,brexpiprazole,ADAPTER_DOSE,Metabolism/PK,PharmGKB,var_drug_ann
"CYP2D6*1, CYP2D6*9, CYP2D6*10, CYP2D6*14, CYP2D6*17, CYP2D6*29, CYP2D6*41",CYP2D6,brexpiprazole,ADAPTER_DOSE,Metabolism/PK,PharmGKB,var_drug_ann
"CYP2D6*1, CYP2D6*2, CYP2D6*5, CYP2D6*10",CYP2D6,n-desmethyltramadol,ADAPTER_DOSE,Metabolism/PK,PharmGKB,var_drug_ann
"SLC6A4 HTTLPR long form (L allele), SLC6A4 HTTLPR short form (S allele)",SLC6A4,venlafaxine,EVITER,Efficacy,PharmGKB,var_drug_ann
SLC6A4 L allele-rs25531T,SLC6A4,venlafaxine,EVITER,Efficacy,PharmGKB,var_drug_ann
rs717620,ABCC2,methotrexate,EVITER,Toxicity,PharmGKB,var_drug_ann
"CYP2C9*1, CYP2C9*2, CYP2C9*3",CYP2C9,ketorolac,EVITER,Efficacy,PharmGKB,var_drug_ann
"CYP2D6*1, CYP2D6*4",CYP2D6,tramadol,EVITER,Efficacy,PharmGKB,var_drug_ann
rs3212948,ERCC1,"fluorouracil, leucovorin, oxaliplatin",EVITER,Efficacy,PharmGKB,var_drug_ann
"SLC6A4 HTTLPR long form (L allele), SLC6A4 HTTLPR short form (S allele)",SLC6A4,sertraline,EVITER,Efficacy,PharmGKB,var_drug_ann
"CYP3A4*1, CYP3A4*22",CYP3A4,endoxifen,ADAPTER_DOSE,Metabolism/PK,PharmGKB,var_drug_ann
"CYP3A5*1, CYP3A5*3",CYP3A5,midazolam,ADAPTER_DOSE,Metabolism/PK,PharmGKB,var_drug_ann
"CYP2D6*1, CYP2D6*2, CYP2D6*17, CYP2D6*29",CYP2D6,endoxifen,ADAPTER_DOSE,Metabolism/PK,PharmGKB,var_drug_ann
rs10305420,GLP1R,liraglutide,EVITER,Efficacy,PharmGKB,var_drug_ann
CYP2C19 poor metabolizers and intermediate metabolizers,CYP2C19,oxycodone,ADAPTER_DOSE,Metabolism/PK,PharmGKB,var_drug_ann
CYP2D6 poor metabolizers and intermediate metabolizers,CYP2D6,oxycodone,ADAPTER_DOSE,Metabolism/PK,PharmGKB,var_drug_ann
"CYP3A4*1, CYP3A4*22",CYP3A4,oxycodone,ADAPTER_DOSE,Metabolism/PK,PharmGKB,var_drug_ann
CYP2C19 poor metabolizers and intermediate metabolizers,CYP2C19,gliclazide,ADAPTER_DOSE,Metabolism/PK,PharmGKB,var_drug_ann
"CYP2C9*1, CYP2C9*3",CYP2C9,fluvastatin,ADAPTER_DOSE,Metabolism/PK,PharmGKB,var_drug_ann
rs4073,CXCL8,"bevacizumab, cyclophosphamide",EVITER,Efficacy,PharmGKB,var_drug_ann
"CYP2A6*1, CYP2A6*4",CYP2A6,nicotine,ADAPTER_DOSE,Metabolism/PK,PharmGKB,var_drug_ann
CYP3A4 low activity,CYP3A4,n-desmethylclozapine,ADAPTER_DOSE,Metabolism/PK,PharmGKB,var_drug_ann
rs776746,CYP3A5,dihydropyridine derivatives,SURVEILLER,Other,PharmGKB,var_drug_ann
CYP1A2 low activity,CYP1A2,n-desmethylclozapine,ADAPTER_DOSE,Metabolism/PK,PharmGKB,var_drug_ann
"CYP2A6*1, CYP2A6*9, CYP2A6*17, CYP2A6*35",CYP2A6,nicotine,ADAPTER_DOSE,Metabolism/PK,PharmGKB,var_drug_ann
"CYP2A6*1, CYP2A6*2, CYP2A6*4, CYP2A6*9, CYP2A6*12",CYP2A6,nicotine,ADAPTER_DOSE,Metabolism/PK,PharmGKB,var_drug_ann
ALDH2 deficiency,ALDH2,disulfiram,EVITER,Efficacy,PharmGKB,var_drug_ann
"CYP2A6*1, CYP2A6*4, CYP2A6*7, CYP2A6*9, CYP2A6*10",CYP2A6,"coumarin, nicotine",ADAPTER_DOSE,Metabolism/PK,PharmGKB,var_drug_ann
"CYP2A6*1, CYP2A6*2, CYP2A6*4, CYP2A6*9, CYP2A6*12, CYP2A6*17, CYP2A6*20, CYP2A6*23, CYP2A6*24, CYP2A6*25, CYP2A6*26, CYP2A6*27, CYP2A6*28, CYP2A6*35",CYP2A6,nicotine,ADAPTER_DOSE,Metabolism/PK,PharmGKB,var_drug_ann
"SLCO1B1*1, SLCO1B1*15",SLCO1B1,rosuvastatin,ADAPTER_DOSE,Metabolism/PK,PharmGKB,var_drug_ann
"SLCO1B1*15, SLCO1B1*37",SLCO1B1,pitavastatin,ADAPTER_DOSE,Metabolism/PK,PharmGKB,var_drug_ann
rs11150606,VKORC1,warfarin,ADAPTER_DOSE,Dosage,PharmGKB,var_drug_ann
"CYP2C9*1, CYP2C9*3",CYP2C9,pitavastatin,ADAPTER_DOSE,Metabolism/PK,PharmGKB,var_drug_ann
"CYP2A6*1, CYP2A6*2, CYP2A6*4, CYP2A6*9, CYP2A6*14, CYP2A6*38, CYP2A6*46",CYP2A6,nicotine,ADAPTER_DOSE,Metabolism/PK,PharmGKB,var_drug_ann
"CYP2A6*1, CYP2A6*9, CYP2A6*12, CYP2A6*38, CYP2A6*46",CYP2A6,nicotine,ADAPTER_DOSE,Metabolism/PK,PharmGKB,var_drug_ann
rs1801131,MTHFR,oxaliplatin,EVITER,Efficacy,PharmGKB,var_drug_ann
CYP3A4 low activity,CYP3A4,alprazolam,EVITER,Efficacy,PharmGKB,var_drug_ann
CYP2D6 intermediate metabolizer,CYP2D6,endoxifen,ADAPTER_DOSE,Metabolism/PK,PharmGKB,var_drug_ann
CYP3A5 intermediate metabolizer and normal metabolizer,CYP3A5,tacrolimus,ADAPTER_DOSE,Dosage,PharmGKB,var_drug_ann
"CYP2C9*1, CYP2C9*3, CYP2C9*8",CYP2C9,diclofenac,ADAPTER_DOSE,Metabolism/PK,PharmGKB,var_drug_ann
rs2231142,ABCG2,clozapine,ADAPTER_DOSE,Metabolism/PK,PharmGKB,var_drug_ann
"UGT1A1*1, UGT1A1*6, UGT1A1*28",UGT1A1,dolutegravir,ADAPTER_DOSE,Metabolism/PK,PharmGKB,var_drug_ann
rs4244285,CYP2C19,"aspirin, clopidogrel",EVITER,Efficacy,PharmGKB,var_drug_ann
"CYP2B6*1, CYP2B6*6, CYP2B6*7, CYP2B6*9, CYP2B6*18",CYP2B6,s-methadone,ADAPTER_DOSE,Metabolism/PK,PharmGKB,var_drug_ann
"TPMT*1, TPMT*3C",TPMT,"mercaptopurine, thioguanine",ADAPTER_DOSE,Dosage,PharmGKB,var_drug_ann
"TPMT*1, TPMT*3A",TPMT,"mercaptopurine, thioguanine",ADAPTER_DOSE,Dosage,PharmGKB,var_drug_ann
"CYP2A6*1, CYP2A6*4, CYP2A6*7",CYP2A6,nicotine,SURVEILLER,"Other, Metabolism/PK",PharmGKB,var_drug_ann
"CYP2C9*1, CYP2C9*13",CYP2C9,warfarin,ADAPTER_DOSE,Dosage,PharmGKB,var_drug_ann
rs11045854,SLCO1B1,rosuvastatin,ADAPTER_DOSE,Metabolism/PK,PharmGKB,var_drug_ann
CYP2D6 intermediate metabolizer,CYP2D6,venlafaxine,ADAPTER_DOSE,Metabolism/PK,PharmGKB,var_drug_ann
CYP2C19 intermediate metabolizer,CYP2C19,escitalopram,ADAPTER_DOSE,Metabolism/PK,PharmGKB,var_drug_ann
rs1800012,COL1A1,somatropin recombinant,ADAPTER_DOSE,Dosage,PharmGKB,var_drug_ann
"CYP2A6*1, CYP2A6*2, CYP2A6*4, CYP2A6*9, CYP2A6*12, CYP2A6*17, CYP2A6*20, CYP2A6*23, CYP2A6*35",CYP2A6,letrozole,ADAPTER_DOSE,Metabolism/PK,PharmGKB,var_drug_ann
"CYP2A6*1, CYP2A6*2, CYP2A6*4, CYP2A6*9, CYP2A6*12, CYP2A6*17, CYP2A6*20, CYP2A6*23, CYP2A6*24, CYP2A6*25, CYP2A6*26, CYP2A6*27, CYP2A6*28, CYP2A6*35, CYP2A6*46",CYP2A6,nicotine,ADAPTER_DOSE,Metabolism/PK,PharmGKB,var_drug_ann
rs1801133,MTHFR,"vitamin b-complex, incl. combinations",EVITER,Efficacy,PharmGKB,var_drug_ann
rs2306283,SLCO1B1,rosuvastatin,ADAPTER_DOSE,Metabolism/PK,PharmGKB,var_drug_ann
rs2359612,VKORC1,warfarin,ADAPTER_DOSE,Dosage,PharmGKB,var_drug_ann
rs1801131,MTHFR,"vitamin b-complex, incl. combinations",EVITER,Efficacy,PharmGKB,var_drug_ann
rs12708954,SLC6A2,atomoxetine,EVITER,Efficacy,PharmGKB,var_drug_ann
rs2740574,CYP3A4,"cyclosporine, tacrolimus",ADAPTER_DOSE,Metabolism/PK,PharmGKB,var_drug_ann
rs6275,DRD2,rizatriptan,EVITER,Efficacy,PharmGKB,var_drug_ann
rs61162043,VKORC1,warfarin,ADAPTER_DOSE,Dosage,PharmGKB,var_drug_ann
rs1057910,CYP2C9,"sulfonamides, urea derivatives",EVITER,Efficacy,PharmGKB,var_drug_ann
rs1799971,OPRM1,nicotine,EVITER,Efficacy,PharmGKB,var_drug_ann
rs6280,DRD3,risperidone,EVITER,Efficacy,PharmGKB,var_drug_ann
rs16980091,FOXA3,rosuvastatin,ADAPTER_DOSE,Metabolism/PK,PharmGKB,var_drug_ann
rs34671512,SLCO1B1,rosuvastatin,ADAPTER_DOSE,Metabolism/PK,PharmGKB,var_drug_ann
rs113993960,CFTR,cysteamine,EVITER,Efficacy,PharmGKB,var_drug_ann
"CYP3A5*1, CYP3A5*3",CYP3A5,dextropropoxyphene,ADAPTER_DOSE,Metabolism/PK,PharmGKB,var_drug_ann
"CYP3A5*1, CYP3A5*3",CYP3A5,felodipine,ADAPTER_DOSE,Metabolism/PK,PharmGKB,var_drug_ann
CYP2D6*17,CYP2D6,codeine,ADAPTER_DOSE,Metabolism/PK,PharmGKB,var_drug_ann
CYP2C9*3,CYP2C9,warfarin,ADAPTER_DOSE,Dosage,PharmGKB,var_drug_ann
"CYP2C19*1, CYP2C19*2",CYP2C19,pantoprazole,EVITER,Efficacy,PharmGKB,var_drug_ann
"CYP2C19*1, CYP2C19*17",CYP2C19,pantoprazole,ADAPTER_DOSE,Metabolism/PK,PharmGKB,var_drug_ann
"CYP2D6*1, CYP2D6*4, CYP2D6*5, CYP2D6*6",CYP2D6,aripiprazole,ADAPTER_DOSE,Metabolism/PK,PharmGKB,var_drug_ann
"CYP2C19*1, CYP2C19*2, CYP2C19*17",CYP2C19,"lansoprazole, omeprazole",EVITER,Efficacy,PharmGKB,var_drug_ann
"CYP2C19*1, CYP2C19*2, CYP2C19*17",CYP2C19,pantoprazole,ADAPTER_DOSE,Metabolism/PK,PharmGKB,var_drug_ann
"GSTM1 non-null, GSTM1 null",GSTM1,"anthracyclines and related substances, capecitabine, cyclophosphamide, fluorouracil, taxanes",EVITER,Efficacy,PharmGKB,var_drug_ann
"CYP2D6*1, CYP2D6*4, CYP2D6*5",CYP2D6,tolperisone,ADAPTER_DOSE,Metabolism/PK,PharmGKB,var_drug_ann
"CYP2B6*1, CYP2B6*6",CYP2B6,bupropion,ADAPTER_DOSE,Metabolism/PK,PharmGKB,var_drug_ann
"CYP2D6*1, CYP2D6*5, CYP2D6*10",CYP2D6,mianserin,ADAPTER_DOSE,Metabolism/PK,PharmGKB,var_drug_ann
rs1799752,ACE,salvianolic acid b,EVITER,Efficacy,PharmGKB,var_drug_ann
"CYP2C19*1, CYP2C19*2",CYP2C19,mephenytoin,ADAPTER_DOSE,Metabolism/PK,PharmGKB,var_drug_ann
"UGT1A6*1a, UGT1A6*2a, UGT1A6*3a, UGT1A6*4a, UGT1A6*8",UGT1A6,valproic acid,ADAPTER_DOSE,Metabolism/PK,PharmGKB,var_drug_ann
"CYP2C19*1, CYP2C19*2",CYP2C19,"mephenytoin, omeprazole",ADAPTER_DOSE,Metabolism/PK,PharmGKB,var_drug_ann
"CYP2C9*1, CYP2C9*8",CYP2C9,warfarin,ADAPTER_DOSE,Dosage,PharmGKB,var_drug_ann
"CYP3A4*1, CYP3A4*22",CYP3A4,cyclosporine,ADAPTER_DOSE,Metabolism/PK,PharmGKB,var_drug_ann
"CYP3A5*1, CYP3A5*3",CYP3A5,"sirolimus, tacrolimus",ADAPTER_DOSE,Metabolism/PK,PharmGKB,var_drug_ann
"CYP2D6*1, CYP2D6*4",CYP2D6,selective serotonin reuptake inhibitors,ADAPTER_DOSE,Dosage,PharmGKB,var_drug_ann
CYP2C9*2,CYP2C9,warfarin,ADAPTER_DOSE,Dosage,PharmGKB,var_drug_ann
"CYP2D6*1, CYP2D6*10",CYP2D6,tramadol,SURVEILLER,"Dosage, Efficacy",PharmGKB,var_drug_ann
"CYP2D6*1, CYP2D6*3, CYP2D6*4, CYP2D6*5, CYP2D6*6, CYP2D6*10, CYP2D6*41",CYP2D6,tramadol,ADAPTER_DOSE,Metabolism/PK,PharmGKB,var_drug_ann
CYP2D6 normal metabolizer and ultrarapid metabolizer,CYP2D6,endoxifen,ADAPTER_DOSE,Metabolism/PK,PharmGKB,var_drug_ann
"CYP2C19*1, CYP2C19*2",CYP2C19,imipramine,ADAPTER_DOSE,Metabolism/PK,PharmGKB,var_drug_ann
CYP2D6 poor metabolizer,CYP2D6,o-desmethyltramadol,ADAPTER_DOSE,Metabolism/PK,PharmGKB,var_drug_ann
rs1045642,ABCB1,rasagiline,ADAPTER_DOSE,Metabolism/PK,PharmGKB,var_drug_ann
"SLC6A4 HTTLPR long form (L allele), SLC6A4 HTTLPR short form (S allele)",SLC6A4,antidepressants,EVITER,Efficacy,PharmGKB,var_drug_ann
NAT2 slow acetylator,NAT2,isoniazid,ADAPTER_DOSE,Metabolism/PK,PharmGKB,var_drug_ann
"SLC6A4 HTTLPR long form (L allele), SLC6A4 HTTLPR short form (S allele)",SLC6A4,escitalopram,EVITER,Efficacy,PharmGKB,var_drug_ann
"CYP2C19*1, CYP2C19*2, CYP2C19*17",CYP2C19,"omeprazole, pantoprazole, rabeprazole",ADAPTER_DOSE,Metabolism/PK,PharmGKB,var_drug_ann
rs3842689,NR1I2,corticosteroids,EVITER,Efficacy,PharmGKB,var_drug_ann
rs11322783,IFNL4,"peginterferon alfa-2b, ribavirin",EVITER,Efficacy,PharmGKB,var_drug_ann
CYP2C19 poor metabolizers and intermediate metabolizers,CYP2C19,voriconazole,ADAPTER_DOSE,Metabolism/PK,PharmGKB,var_drug_ann
"CYP2C19*1, CYP2C19*26",CYP2C19,"mephenytoin, omeprazole",ADAPTER_DOSE,Metabolism/PK,PharmGKB,var_drug_ann
rs1799752,ACE,irbesartan,EVITER,Efficacy,PharmGKB,var_drug_ann
"CYP2C19*1, CYP2C19*2, CYP2C19*3, CYP2C19*4",CYP2C19,escitalopram,ADAPTER_DOSE,Metabolism/PK,PharmGKB,var_drug_ann
"UGT2B15*1, UGT2B15*2",UGT2B15,sipoglitazar,SURVEILLER,"Efficacy, Metabolism/PK",PharmGKB,var_drug_ann
"CYP2C19*1, CYP2C19*2, CYP2C19*3",CYP2C19,nortriptyline,ADAPTER_DOSE,Metabolism/PK,PharmGKB,var_drug_ann
rs72552763,SLC22A1,metformin,ADAPTER_DOSE,Metabolism/PK,PharmGKB,var_drug_ann
"CYP2D6*1, CYP2D6*2, CYP2D6*10",CYP2D6,venlafaxine,ADAPTER_DOSE,Metabolism/PK,PharmGKB,var_drug_ann
"CYP3A4*1, CYP3A4*22",CYP3A4,tacrolimus,ADAPTER_DOSE,Metabolism/PK,PharmGKB,var_drug_ann
"CYP2C9*1, CYP2C9*2",CYP2C9,acenocoumarol,ADAPTER_DOSE,Dosage,PharmGKB,var_drug_ann
"CYP2C9*1, CYP2C9*3",CYP2C9,acenocoumarol,ADAPTER_DOSE,Dosage,PharmGKB,var_drug_ann
"CYP2C19*1, CYP2C19*2, CYP2C19*3",CYP2C19,sertraline,ADAPTER_DOSE,Metabolism/PK,PharmGKB,var_drug_ann
"CYP2D6*1, CYP2D6*1xN, CYP2D6*2, CYP2D6*2xN, CYP2D6*3, CYP2D6*4, CYP2D6*5, CYP2D6*9, CYP2D6*10, CYP2D6*41",CYP2D6,endoxifen,ADAPTER_DOSE,Metabolism/PK,PharmGKB,var_drug_ann
"CYP2C19*1, CYP2C19*2, CYP2C19*17",CYP2C19,clopidogrel,ADAPTER_DOSE,Metabolism/PK,PharmGKB,var_drug_ann
"CYP2D6*1, CYP2D6*2, CYP2D6*3, CYP2D6*4, CYP2D6*5, CYP2D6*6",CYP2D6,endoxifen,ADAPTER_DOSE,Metabolism/PK,PharmGKB,var_drug_ann
rs72552763,SLC22A1,morphine,ADAPTER_DOSE,Metabolism/PK,PharmGKB,var_drug_ann
"CYP2D6*1, CYP2D6*2, CYP2D6*4, CYP2D6*5, CYP2D6*10, CYP2D6*17, CYP2D6*41",CYP2D6,endoxifen,ADAPTER_DOSE,Metabolism/PK,PharmGKB,var_drug_ann
"GSTT1 non-null, GSTT1 null",GSTT1,imatinib,EVITER,Efficacy,PharmGKB,var_drug_ann
rs1047303,HSD3B1,glucocorticoids,EVITER,Efficacy,PharmGKB,var_drug_ann
"CYP2C19*1, CYP2C19*2",CYP2C19,lansoprazole,ADAPTER_DOSE,Metabolism/PK,PharmGKB,var_drug_ann
"CYP2C19*1, CYP2C19*2, CYP2C19*3",CYP2C19,"esomeprazole, lansoprazole, omeprazole, pantoprazole, rabeprazole",EVITER,Efficacy,PharmGKB,var_drug_ann
"CYP2C19*1, CYP2C19*17",CYP2C19,lansoprazole,ADAPTER_DOSE,Metabolism/PK,PharmGKB,var_drug_ann
"CYP2D6*1, CYP2D6*3, CYP2D6*4, CYP2D6*5, CYP2D6*6, CYP2D6*9, CYP2D6*10, CYP2D6*17, CYP2D6*41",CYP2D6,endoxifen,ADAPTER_DOSE,Metabolism/PK,PharmGKB,var_drug_ann
"SLCO1B1*1, SLCO1B1*5, SLCO1B1*37",SLCO1B1,methotrexate,ADAPTER_DOSE,Metabolism/PK,PharmGKB,var_drug_ann
"CYP2D6*1, CYP2D6*10",CYP2D6,nortriptyline,ADAPTER_DOSE,Metabolism/PK,PharmGKB,var_drug_ann
"CYP3A4*1, CYP3A4*22",CYP3A4,sildenafil,ADAPTER_DOSE,Metabolism/PK,PharmGKB,var_drug_ann
CYP2B6*6,CYP2B6,efavirenz,ADAPTER_DOSE,Metabolism/PK,PharmGKB,var_drug_ann
"TPMT*1, TPMT*3A",TPMT,mercaptopurine,ADAPTER_DOSE,Dosage,PharmGKB,var_drug_ann
rs45445694,TYMS,fluorouracil,EVITER,Efficacy,PharmGKB,var_drug_ann
"UGT1A1*1, UGT1A1*6",UGT1A1,bilirubin,ADAPTER_DOSE,Metabolism/PK,PharmGKB,var_drug_ann
"CYP2C9*1, CYP2C9*2, CYP2C9*3",CYP2C9,methadone,ADAPTER_DOSE,Metabolism/PK,PharmGKB,var_drug_ann
"CYP3A5*1, CYP3A5*3",CYP3A5,methadone,ADAPTER_DOSE,Metabolism/PK,PharmGKB,var_drug_ann
"CYP2C19*1, CYP2C19*2, CYP2C19*3",CYP2C19,methadone,ADAPTER_DOSE,Metabolism/PK,PharmGKB,var_drug_ann
"CYP2C9*1, CYP2C9*3",CYP2C9,losartan,ADAPTER_DOSE,Metabolism/PK,PharmGKB,var_drug_ann
"SLCO1B1*1, SLCO1B1*14, SLCO1B1*37",SLCO1B1,methotrexate,ADAPTER_DOSE,Metabolism/PK,PharmGKB,var_drug_ann
CYP2C9*1,CYP2C9,warfarin,SURVEILLER,"Dosage, Metabolism/PK",PharmGKB,var_drug_ann
"UGT1A1*1, UGT1A1*6",UGT1A1,sn-38,ADAPTER_DOSE,Metabolism/PK,PharmGKB,var_drug_ann
rs1805343,RXRA,rosuvastatin,ADAPTER_DOSE,Metabolism/PK,PharmGKB,var_drug_ann
"CYP2D6*1, CYP2D6*3, CYP2D6*4, CYP2D6*9, CYP2D6*10, CYP2D6*17, CYP2D6*41",CYP2D6,venlafaxine,ADAPTER_DOSE,Dosage,PharmGKB,var_drug_ann
CYP2C8*3,CYP2C8,paclitaxel,ADAPTER_DOSE,Metabolism/PK,PharmGKB,var_drug_ann
"CYP2C19*1, CYP2C19*2, CYP2C19*3",CYP2C19,clobazam,ADAPTER_DOSE,Metabolism/PK,PharmGKB,var_drug_ann
CYP2B6*4,CYP2B6,bupropion,SURVEILLER,"Other, Metabolism/PK",PharmGKB,var_drug_ann
rs333,CCR5,glatiramer acetate,EVITER,Efficacy,PharmGKB,var_drug_ann
"CYP2C9*1, CYP2C9*3, CYP2C9*13, CYP2C9*16, CYP2C9*60",CYP2C9,warfarin,ADAPTER_DOSE,Dosage,PharmGKB,var_drug_ann
"CYP2C19*1, CYP2C19*2, CYP2C19*3, CYP2C19*8, CYP2C19*9",CYP2C19,lansoprazole,ADAPTER_DOSE,Metabolism/PK,PharmGKB,var_drug_ann
rs7903146,TCF7L2,glipizide,EVITER,Efficacy,PharmGKB,var_drug_ann
rs12456693,SLC14A2,clopidogrel,EVITER,Efficacy,PharmGKB,var_drug_ann
rs11322783,IFNL4,"peginterferon alfa-2a, peginterferon alfa-2b, ribavirin",EVITER,Efficacy,PharmGKB,var_drug_ann
TPMT*3C,TPMT,"cisplatin, fluorouracil",EVITER,Efficacy,PharmGKB,var_drug_ann
rs113993960,CFTR,cavosonstat,EVITER,Efficacy,PharmGKB,var_drug_ann
CYP2B6*6,CYP2B6,bupropion,ADAPTER_DOSE,Metabolism/PK,PharmGKB,var_drug_ann
"CYP2D6*5, CYP2D6*10",CYP2D6,risperidone,ADAPTER_DOSE,Metabolism/PK,PharmGKB,var_drug_ann
"CYP2D6*1, CYP2D6*4",CYP2D6,zuclopenthixol,ADAPTER_DOSE,Metabolism/PK,PharmGKB,var_drug_ann
rs3842689,NR1I2,nevirapine,SURVEILLER,"Dosage, Metabolism/PK",PharmGKB,var_drug_ann
"CYP2D6*1, CYP2D6*2, CYP2D6*3, CYP2D6*4, CYP2D6*4xN, CYP2D6*5, CYP2D6*6, CYP2D6*41",CYP2D6,gefitinib,ADAPTER_DOSE,Metabolism/PK,PharmGKB,var_drug_ann
"CYP2D6*1, CYP2D6*2, CYP2D6*10",CYP2D6,tramadol,ADAPTER_DOSE,Metabolism/PK,PharmGKB,var_drug_ann
rs1045642,ABCB1,voriconazole,ADAPTER_DOSE,Metabolism/PK,PharmGKB,var_drug_ann
"CYP3A4*1, CYP3A4*22",CYP3A4,midazolam,ADAPTER_DOSE,Metabolism/PK,PharmGKB,var_drug_ann
"UGT1A1*1, UGT1A1*6, UGT1A1*28",UGT1A1,sn-38,ADAPTER_DOSE,Metabolism/PK,PharmGKB,var_drug_ann
"UGT1A3*1, UGT1A3*3",UGT1A3,telmisartan,ADAPTER_DOSE,Metabolism/PK,PharmGKB,var_drug_ann
"CYP2D6*1, CYP2D6*5",CYP2D6,haloperidol,ADAPTER_DOSE,Metabolism/PK,PharmGKB,var_drug_ann
rs4244285,CYP2C19,clopidogrel,EVITER,Efficacy,PharmGKB,var_drug_ann
"CYP2C19*1, CYP2C19*2, CYP2C19*3, CYP2C19*8, CYP2C19*17",CYP2C19,clopidogrel,ADAPTER_DOSE,Metabolism/PK,PharmGKB,var_drug_ann
HLA-B*51:01,HLA-B,measles vaccines,EVITER,Efficacy,PharmGKB,var_drug_ann
rs61767072,ADRA2C,bucindolol,EVITER,Efficacy,PharmGKB,var_drug_ann
CYP2D6 poor metabolizer and intermediate metabolizer genotypes,CYP2D6,risperidone,ADAPTER_DOSE,Dosage,PharmGKB,var_drug_ann
HLA-B*07:02,HLA-B,measles vaccines,EVITER,Efficacy,PharmGKB,var_drug_ann
HLA-B*13:01,HLA-B,measles vaccines,EVITER,Efficacy,PharmGKB,var_drug_ann
HLA-B*08:01,HLA-B,measles vaccines,EVITER,Efficacy,PharmGKB,var_drug_ann
rs7579275,ABCB11,rosuvastatin,ADAPTER_DOSE,Metabolism/PK,PharmGKB,var_drug_ann
HLA-DQB1*03:03,HLA-DQB1,influenza vaccines,EVITER,Efficacy,PharmGKB,var_drug_ann
"CYP2C19*1, CYP2C19*2, CYP2C19*3",CYP2C19,"omeprazole, rabeprazole",EVITER,Efficacy,PharmGKB,var_drug_ann
HLA-DQA1*02:01,HLA-DQA1,measles vaccines,EVITER,Efficacy,PharmGKB,var_drug_ann
HLA-DRB1*03:01,HLA-DRB1,measles vaccines,EVITER,Efficacy,PharmGKB,var_drug_ann
"CYP3A4*1, CYP3A4*20",CYP3A4,tacrolimus,ADAPTER_DOSE,Metabolism/PK,PharmGKB,var_drug_ann
DPYD poor metabolizer,DPYD,fluorouracil,ADAPTER_DOSE,Dosage,PharmGKB,var_drug_ann
"CYP2C19*1, CYP2C19*2, CYP2C19*3",CYP2C19,"esomeprazole, lansoprazole, omeprazole, rabeprazole",EVITER,Efficacy,PharmGKB,var_drug_ann
TPMT*3B,TPMT,"cisplatin, fluorouracil",EVITER,Efficacy,PharmGKB,var_drug_ann
"CYP2C19*1, CYP2C19*3",CYP2C19,clopidogrel,EVITER,Efficacy,PharmGKB,var_drug_ann
rs2287622,ABCB11,rosuvastatin,ADAPTER_DOSE,Metabolism/PK,PharmGKB,var_drug_ann
"CYP2D6*1, CYP2D6*2, CYP2D6*4, CYP2D6*5, CYP2D6*9, CYP2D6*10",CYP2D6,amitriptyline,ADAPTER_DOSE,Metabolism/PK,PharmGKB,var_drug_ann
rs1128503,ABCB1,"sirolimus, temsirolimus",ADAPTER_DOSE,Metabolism/PK,PharmGKB,var_drug_ann
"CYP2B6*1, CYP2B6*6",CYP2B6,methadone,ADAPTER_DOSE,Metabolism/PK,PharmGKB,var_drug_ann
"CYP3A5*1, CYP3A5*3",CYP3A5,granisetron,ADAPTER_DOSE,Metabolism/PK,PharmGKB,var_drug_ann
"CYP2D6*1, CYP2D6*40",CYP2D6,codeine,EVITER,Efficacy,PharmGKB,var_drug_ann
"CYP2D6*1, CYP2D6*17",CYP2D6,codeine,EVITER,Efficacy,PharmGKB,var_drug_ann
"CYP2D6*1, CYP2D6*6",CYP2D6,codeine,EVITER,Efficacy,PharmGKB,var_drug_ann
"CYP2D6*1, CYP2D6*4",CYP2D6,codeine,EVITER,Efficacy,PharmGKB,var_drug_ann
"CYP2C19*1, CYP2C19*2, CYP2C19*3, CYP2C19*17",CYP2C19,"aspirin, clopidogrel",EVITER,Efficacy,PharmGKB,var_drug_ann
"CYP2D6*1, CYP2D6*5",CYP2D6,codeine,EVITER,Efficacy,PharmGKB,var_drug_ann
"CYP1A1*1, CYP1A1*2A",CYP1A1,granisetron,ADAPTER_DOSE,Metabolism/PK,PharmGKB,var_drug_ann
"CYP2C19*1, CYP2C19*2",CYP2C19,clomipramine,ADAPTER_DOSE,Metabolism/PK,PharmGKB,var_drug_ann
UGT1A1*28,UGT1A1,hmg-coa reductase inhibitors,EVITER,Toxicity,PharmGKB,var_drug_ann
rs7967354,SLCO1A2,rocuronium,ADAPTER_DOSE,Dosage,PharmGKB,var_drug_ann
rs8187692,ABCC2,rosuvastatin,ADAPTER_DOSE,Metabolism/PK,PharmGKB,var_drug_ann
"CYP2D6*1, CYP2D6*3, CYP2D6*4, CYP2D6*5, CYP2D6*6",CYP2D6,nortriptyline,ADAPTER_DOSE,Metabolism/PK,PharmGKB,var_drug_ann
rs45445694,TYMS,"capecitabine, fluorouracil",EVITER,Efficacy,PharmGKB,var_drug_ann
"CYP3A4*1, CYP3A4*22",CYP3A4,fentanyl,ADAPTER_DOSE,Metabolism/PK,PharmGKB,var_drug_ann
"CYP2D6*3, CYP2D6*4, CYP2D6*10",CYP2D6,carvedilol,ADAPTER_DOSE,Dosage,PharmGKB,var_drug_ann
"CYP3A4*1, CYP3A4*22",CYP3A4,voriconazole,ADAPTER_DOSE,Metabolism/PK,PharmGKB,var_drug_ann
"CYP2D6*1, CYP2D6*4",CYP2D6,haloperidol,ADAPTER_DOSE,Metabolism/PK,PharmGKB,var_drug_ann
rs56903885,SLC10A1,rosuvastatin,ADAPTER_DOSE,Metabolism/PK,PharmGKB,var_drug_ann
"CYP4F2*1, CYP4F2*3",CYP4F2,vitamin k1,ADAPTER_DOSE,Metabolism/PK,PharmGKB,var_drug_ann
"CYP2D6*1, CYP2D6*5, CYP2D6*10",CYP2D6,tropisetron,ADAPTER_DOSE,Metabolism/PK,PharmGKB,var_drug_ann
rs1799752,ACE,"bumetanide, furosemide, torasemide",EVITER,Efficacy,PharmGKB,var_drug_ann
"CYP2D6*1, CYP2D6*10",CYP2D6,tropisetron,ADAPTER_DOSE,Metabolism/PK,PharmGKB,var_drug_ann
"CYP2C19*1, CYP2C19*2, CYP2C19*3",CYP2C19,imipramine,ADAPTER_DOSE,Metabolism/PK,PharmGKB,var_drug_ann
SLC22A1 low activity,SLC22A1,morphine,ADAPTER_DOSE,Metabolism/PK,PharmGKB,var_drug_ann
CYP2A6 normal metabolizer,CYP2A6,varenicline,EVITER,Efficacy,PharmGKB,var_drug_ann
"GSTM1 non-null, GSTM1 null",GSTM1,azathioprine,ADAPTER_DOSE,Metabolism/PK,PharmGKB,var_drug_ann
"UGT1A8*1a, UGT1A8*2, UGT1A8*3",UGT1A8,raloxifene,ADAPTER_DOSE,Metabolism/PK,PharmGKB,var_drug_ann
"CYP2C19*1, CYP2C19*17",CYP2C19,phenazepam,EVITER,Efficacy,PharmGKB,var_drug_ann
"CYP2C9*1, CYP2C9*5, CYP2C9*6, CYP2C9*11",CYP2C9,warfarin,ADAPTER_DOSE,Dosage,PharmGKB,var_drug_ann
rs12721616,NR1I2,rosuvastatin,ADAPTER_DOSE,Metabolism/PK,PharmGKB,var_drug_ann
rs1695,GSTP1,dimethyl fumarate,EVITER,Efficacy,PharmGKB,var_drug_ann
"CYP2C9*1, CYP2C9*3",CYP2C9,celecoxib,ADAPTER_DOSE,Metabolism/PK,PharmGKB,var_drug_ann
rs11045874,SLCO1B1,rosuvastatin,ADAPTER_DOSE,Metabolism/PK,PharmGKB,var_drug_ann
"CYP2C9*1, CYP2C9*2, CYP2C9*3, CYP2C9*5, CYP2C9*8, CYP2C9*11",CYP2C9,warfarin,ADAPTER_DOSE,Dosage,PharmGKB,var_drug_ann
CYP2D6 ultrarapid metabolizer,CYP2D6,o-desmethyltramadol,ADAPTER_DOSE,Metabolism/PK,PharmGKB,var_drug_ann
"CYP2D6*1, CYP2D6*4, CYP2D6*5, CYP2D6*6, CYP2D6*10, CYP2D6*41",CYP2D6,primaquine,EVITER,Efficacy,PharmGKB,var_drug_ann
"CYP3A5*1, CYP3A5*3",CYP3A5,clopidogrel,ADAPTER_DOSE,Metabolism/PK,PharmGKB,var_drug_ann
"CYP2C19*1, CYP2C19*2",CYP2C19,tamoxifen,ADAPTER_DOSE,Metabolism/PK,PharmGKB,var_drug_ann
"CYP2D6*1, CYP2D6*3, CYP2D6*4, CYP2D6*5",CYP2D6,doxepin,ADAPTER_DOSE,Metabolism/PK,PharmGKB,var_drug_ann
"CYP2D6*1, CYP2D6*2, CYP2D6*3, CYP2D6*4, CYP2D6*5, CYP2D6*9, CYP2D6*10, CYP2D6*41",CYP2D6,mephedrone,ADAPTER_DOSE,Metabolism/PK,PharmGKB,var_drug_ann
"CYP2D6*1, CYP2D6*1xN, CYP2D6*2, CYP2D6*2xN, CYP2D6*9, CYP2D6*10, CYP2D6*35, CYP2D6*35xN, CYP2D6*41",CYP2D6,doxepin,ADAPTER_DOSE,Metabolism/PK,PharmGKB,var_drug_ann
rs11479,TYMP,"capecitabine, fluorouracil",ADAPTER_DOSE,Dosage,PharmGKB,var_drug_ann
rs11322783,IFNL4,"peginterferon alfa-2a, ribavirin",EVITER,Efficacy,PharmGKB,var_drug_ann
"CYP2C19*2, CYP2C19*3",CYP2C19,phenytoin,ADAPTER_DOSE,Dosage,PharmGKB,var_drug_ann
"SLC6A4 HTTLPR short form (S allele), SLC6A4 L allele-rs25531C, SLC6A4 L allele-rs25531T",SLC6A4,clozapine,EVITER,Efficacy,PharmGKB,var_drug_ann
CYP2C9*3,CYP2C9,phenytoin,ADAPTER_DOSE,Dosage,PharmGKB,var_drug_ann
"SLC6A4 HTTLPR long form (L allele), SLC6A4 HTTLPR short form (S allele)",SLC6A4,"antipsychotics, haloperidol, olanzapine, risperidone",EVITER,Efficacy,PharmGKB,var_drug_ann
rs45445694,"C18orf56, TYMS","folic acid, hydroxychloroquine, methotrexate, sulfasalazine",EVITER,Efficacy,PharmGKB,var_drug_ann
"CYP3A4*1, CYP3A4*22",CYP3A4,ticagrelor,ADAPTER_DOSE,Metabolism/PK,PharmGKB,var_drug_ann
rs1799752,ACE,fluvastatin,EVITER,Efficacy,PharmGKB,var_drug_ann
"CYP2D6*1, CYP2D6*1xN",CYP2D6,ondansetron,ADAPTER_DOSE,Metabolism/PK,PharmGKB,var_drug_ann
HLA-B*44:02,HLA-B,"""interferon alfa-2a, recombinant"", ""ribavirin""",EVITER,Efficacy,PharmGKB,var_drug_ann
"CYP2D6*1, CYP2D6*1xN",CYP2D6,"ondansetron, tropisetron",EVITER,Efficacy,PharmGKB,var_drug_ann
"CYP3A5*1, CYP3A5*3",CYP3A5,"cyclosporine, tacrolimus",ADAPTER_DOSE,Metabolism/PK,PharmGKB,var_drug_ann
rs1799752,ACE,pravastatin,EVITER,Efficacy,PharmGKB,var_drug_ann
"CYP2B6*1, CYP2B6*9",CYP2B6,efavirenz,ADAPTER_DOSE,Metabolism/PK,PharmGKB,var_drug_ann
"SLC6A4 HTTLPR long form (L allele), SLC6A4 HTTLPR short form (S allele)",SLC6A4,"fluoxetine, sertraline",EVITER,Efficacy,PharmGKB,var_drug_ann
rs3918290,DPYD,"capecitabine, fluorouracil",ADAPTER_DOSE,Dosage,PharmGKB,var_drug_ann
rs12305884,SLCO1B1,rosuvastatin,ADAPTER_DOSE,Metabolism/PK,PharmGKB,var_drug_ann
"CYP2D6*1, CYP2D6*10",CYP2D6,"4-hydroxytamoxifen, endoxifen",ADAPTER_DOSE,Metabolism/PK,PharmGKB,var_drug_ann
"CYP2B6*1, CYP2B6*6",CYP2B6,s-methadone,ADAPTER_DOSE,Metabolism/PK,PharmGKB,var_drug_ann
rs61767072,ADRA2C,metoprolol,EVITER,Efficacy,PharmGKB,var_drug_ann
rs2231142,ABCG2,imatinib,ADAPTER_DOSE,Metabolism/PK,PharmGKB,var_drug_ann
rs67376798,DPYD,"capecitabine, fluorouracil",ADAPTER_DOSE,Dosage,PharmGKB,var_drug_ann
"CYP3A5*1, CYP3A5*3",CYP3A5,vincristine,ADAPTER_DOSE,Metabolism/PK,PharmGKB,var_drug_ann
"CYP2D6*4, CYP2D6*9, CYP2D6*10, CYP2D6*41",CYP2D6,endoxifen,ADAPTER_DOSE,Metabolism/PK,PharmGKB,var_drug_ann
"CYP2D6*1, CYP2D6*4, CYP2D6*5, CYP2D6*6",CYP2D6,endoxifen,ADAPTER_DOSE,Metabolism/PK,PharmGKB,var_drug_ann
"CYP2D6*1, CYP2D6*9, CYP2D6*10, CYP2D6*41",CYP2D6,endoxifen,ADAPTER_DOSE,Metabolism/PK,PharmGKB,var_drug_ann
rs75017182,DPYD,"capecitabine, fluorouracil",ADAPTER_DOSE,Dosage,PharmGKB,var_drug_ann
rs6785049,NR1I2,"sirolimus, temsirolimus",ADAPTER_DOSE,Metabolism/PK,PharmGKB,var_drug_ann
"CYP2D6*1, CYP2D6*2xN, CYP2D6*4, CYP2D6*5",CYP2D6,nortriptyline,ADAPTER_DOSE,Metabolism/PK,PharmGKB,var_drug_ann
rs11045873,SLCO1B1,rosuvastatin,ADAPTER_DOSE,Metabolism/PK,PharmGKB,var_drug_ann
"CYP2D6*1, CYP2D6*2, CYP2D6*3, CYP2D6*4, CYP2D6*5, CYP2D6*10",CYP2D6,nortriptyline,ADAPTER_DOSE,Dosage,PharmGKB,var_drug_ann
rs11045995,"IAPP, SLCO1A2",rocuronium,ADAPTER_DOSE,Dosage,PharmGKB,var_drug_ann
HLA-B*44:02,HLA-B,measles vaccines,EVITER,Efficacy,PharmGKB,var_drug_ann
"CYP2D6*1, CYP2D6*3, CYP2D6*4, CYP2D6*5, CYP2D6*6",CYP2D6,endoxifen,ADAPTER_DOSE,Metabolism/PK,PharmGKB,var_drug_ann
rs5030655,CYP2D6,metoprolol,EVITER,Efficacy,PharmGKB,var_drug_ann
"CYP2C19*1, CYP2C19*2, CYP2C19*3",CYP2C19,"amoxicillin, omeprazole",EVITER,Efficacy,PharmGKB,var_drug_ann
"SLCO1B1*1, SLCO1B1*5",SLCO1B1,estrone sulfate,ADAPTER_DOSE,Metabolism/PK,PharmGKB,var_drug_ann
rs352046,CXCL5,hmg-coa reductase inhibitors,EVITER,Efficacy,PharmGKB,var_drug_ann
"CYP2D6*1, CYP2D6*2, CYP2D6*10",CYP2D6,paroxetine,ADAPTER_DOSE,Metabolism/PK,PharmGKB,var_drug_ann
"UGT1A1*1, UGT1A1*28, UGT1A1*36",UGT1A1,atazanavir / ritonavir,EVITER,Toxicity,PharmGKB,var_drug_ann
"CYP2C9*1, CYP2C9*3, CYP2C9*13",CYP2C9,celecoxib,ADAPTER_DOSE,Metabolism/PK,PharmGKB,var_drug_ann
rs5758651,TCF20,"dextromethorphan, dextrorphan",ADAPTER_DOSE,Metabolism/PK,PharmGKB,var_drug_ann
"CYP2C9*1, CYP2C9*2, CYP2C9*5, CYP2C9*6, CYP2C9*11",CYP2C9,warfarin,ADAPTER_DOSE,Dosage,PharmGKB,var_drug_ann
"CYP2C9*1, CYP2C9*2, CYP2C9*5, CYP2C9*6, CYP2C9*8, CYP2C9*9, CYP2C9*11",CYP2C9,warfarin,ADAPTER_DOSE,Dosage,PharmGKB,var_drug_ann
CYP2C19*2,CYP2C19,clopidogrel,EVITER,Efficacy,PharmGKB,var_drug_ann
"CYP3A5*1, CYP3A5*3",CYP3A5,cyclosporine,ADAPTER_DOSE,Metabolism/PK,PharmGKB,var_drug_ann
"CYP2D6*1, CYP2D6*4, CYP2D6*6, CYP2D6*8",CYP2D6,endoxifen,ADAPTER_DOSE,Metabolism/PK,PharmGKB,var_drug_ann
rs11322783,IFNL4,"peginterferon alfa-2a, peginterferon alfa-2b, ribavirin, telaprevir",EVITER,Efficacy,PharmGKB,var_drug_ann
rs2954625,CSMD1,metformin,EVITER,Efficacy,PharmGKB,var_drug_ann
"UGT1A1*1, UGT1A1*28",UGT1A1,atazanavir / ritonavir,EVITER,Toxicity,PharmGKB,var_drug_ann
"SLCO1B1*1, SLCO1B1*5",SLCO1B1,estrone,EVITER,Efficacy,PharmGKB,var_drug_ann
rs72846714,NT5C2,mercaptopurine,ADAPTER_DOSE,Metabolism/PK,PharmGKB,var_drug_ann
"CYP2C19*1, CYP2C19*2",CYP2C19,bupropion,ADAPTER_DOSE,Metabolism/PK,PharmGKB,var_drug_ann
"CYP2D6*1, CYP2D6*2",CYP2D6,haloperidol,ADAPTER_DOSE,Metabolism/PK,PharmGKB,var_drug_ann
UGT1A1*60,UGT1A1,"irinotecan, oxaliplatin, tegafur / gimeracil / oteracil",EVITER,Efficacy,PharmGKB,var_drug_ann
"CYP2D6*1, CYP2D6*2, CYP2D6*2xN, CYP2D6*3, CYP2D6*4, CYP2D6*5, CYP2D6*6, CYP2D6*9, CYP2D6*10, CYP2D6*17, CYP2D6*29, CYP2D6*35, CYP2D6*41",CYP2D6,endoxifen,ADAPTER_DOSE,Metabolism/PK,PharmGKB,var_drug_ann
rs11188059,CYP2C18,sertraline,ADAPTER_DOSE,Metabolism/PK,PharmGKB,var_drug_ann
"CYP2D6*1, CYP2D6*14",CYP2D6,simvastatin,ADAPTER_DOSE,Metabolism/PK,PharmGKB,var_drug_ann
"CYP2A6*1, CYP2A6*4, CYP2A6*7, CYP2A6*9",CYP2A6,"irinotecan, oxaliplatin, tegafur / gimeracil / oteracil",EVITER,Efficacy,PharmGKB,var_drug_ann
"CYP2D6*4, CYP2D6*5",CYP2D6,donepezil,ADAPTER_DOSE,Metabolism/PK,PharmGKB,var_drug_ann
CYP2A6 high activity,CYP2A6,nicotine,EVITER,Efficacy,PharmGKB,var_drug_ann
"TPMT*1, TPMT*2, TPMT*3A",TPMT,"azathioprine, mercaptopurine, purine analogues",ADAPTER_DOSE,Dosage,PharmGKB,var_drug_ann
"CYP2D6*1, CYP2D6*29",CYP2D6,fentanyl,ADAPTER_DOSE,Metabolism/PK,PharmGKB,var_drug_ann
"CYP2D6*1, CYP2D6*2, CYP2D6*10, CYP2D6*10x2",CYP2D6,dextromethorphan,ADAPTER_DOSE,Metabolism/PK,PharmGKB,var_drug_ann
"CYP2D6*1, CYP2D6*1xN, CYP2D6*2, CYP2D6*2xN, CYP2D6*3, CYP2D6*4, CYP2D6*5, CYP2D6*6, CYP2D6*9, CYP2D6*10, CYP2D6*35, CYP2D6*41",CYP2D6,endoxifen,ADAPTER_DOSE,Metabolism/PK,PharmGKB,var_drug_ann
rs3745274,CYP2B6,levonorgestrel,ADAPTER_DOSE,Metabolism/PK,PharmGKB,var_drug_ann
rs61740999,IP6K2,"dextromethorphan, dextrorphan",ADAPTER_DOSE,Metabolism/PK,PharmGKB,var_drug_ann
"CYP2D6*1, CYP2D6*29",CYP2D6,debrisoquine,ADAPTER_DOSE,Metabolism/PK,PharmGKB,var_drug_ann
"CYP2D6*1, CYP2D6*17, CYP2D6*29",CYP2D6,debrisoquine,ADAPTER_DOSE,Metabolism/PK,PharmGKB,var_drug_ann
"CYP2C19*1, CYP2C19*2, CYP2C19*17",CYP2C19,progesterone,ADAPTER_DOSE,Metabolism/PK,PharmGKB,var_drug_ann
"CYP2D6*1, CYP2D6*2, CYP2D6*17",CYP2D6,"debrisoquine, metoprolol",ADAPTER_DOSE,Metabolism/PK,PharmGKB,var_drug_ann
"CYP2D6*1, CYP2D6*1xN",CYP2D6,donepezil,ADAPTER_DOSE,Metabolism/PK,PharmGKB,var_drug_ann
"CYP2B6*1, CYP2B6*6",CYP2B6,"cyclophosphamide, fludarabine",EVITER,Efficacy,PharmGKB,var_drug_ann
rs4803419,CYP2B6,levonorgestrel,ADAPTER_DOSE,Metabolism/PK,PharmGKB,var_drug_ann
rs12979860,"IFNL3, IFNL4",atorvastatin,EVITER,Efficacy,PharmGKB,var_drug_ann
"CYP2C19*1, CYP2C19*2, CYP2C19*3",CYP2C19,cilostazol,ADAPTER_DOSE,Metabolism/PK,PharmGKB,var_drug_ann
"CYP2D6*1, CYP2D6*5, CYP2D6*17",CYP2D6,"codeine, debrisoquine, dextromethorphan, metoprolol",ADAPTER_DOSE,Metabolism/PK,PharmGKB,var_drug_ann
"UGT1A1*1, UGT1A1*28",UGT1A1,sorafenib,ADAPTER_DOSE,Metabolism/PK,PharmGKB,var_drug_ann
"CYP2D6*1, CYP2D6*2, CYP2D6*29",CYP2D6,metoprolol,ADAPTER_DOSE,Metabolism/PK,PharmGKB,var_drug_ann
"SLC6A4 HTTLPR long form (L allele), SLC6A4 HTTLPR short form (S allele)",SLC6A4,fluoxetine,EVITER,Efficacy,PharmGKB,var_drug_ann
"CYP2D6*1, CYP2D6*17",CYP2D6,dextromethorphan,ADAPTER_DOSE,Metabolism/PK,PharmGKB,var_drug_ann
"CYP2C19*1, CYP2C19*2, CYP2C19*17",CYP2C19,omeprazole,ADAPTER_DOSE,Metabolism/PK,PharmGKB,var_drug_ann
rs1799752,ACE,"atenolol, enalapril",EVITER,Efficacy,PharmGKB,var_drug_ann
"TPMT*1, TPMT*2, TPMT*3A, TPMT*3C",TPMT,mercaptopurine,ADAPTER_DOSE,Dosage,PharmGKB,var_drug_ann
"CYP3A4*1, CYP3A4*22",CYP3A4,lopinavir,ADAPTER_DOSE,Metabolism/PK,PharmGKB,var_drug_ann
"CYP2A6*1, CYP2A6*4, CYP2A6*9",CYP2A6,nicotine,ADAPTER_DOSE,Metabolism/PK,PharmGKB,var_drug_ann
rs3842,ABCB1,efavirenz,ADAPTER_DOSE,Metabolism/PK,PharmGKB,var_drug_ann
"CYP2C19*1, CYP2C19*2",CYP2C19,clobazam,ADAPTER_DOSE,Metabolism/PK,PharmGKB,var_drug_ann
rs2227631,SERPINE1,"citalopram, fluoxetine",EVITER,Efficacy,PharmGKB,var_drug_ann
rs71486745,CYP2C9,phenytoin,SURVEILLER,"Dosage, Metabolism/PK",PharmGKB,var_drug_ann
rs201279313,SLC25A31,"atenolol, hydrochlorothiazide, metoprolol",EVITER,Efficacy,PharmGKB,var_drug_ann
"CYP2C19*1, CYP2C19*17",CYP2C19,tamoxifen,SURVEILLER,"Efficacy, Metabolism/PK",PharmGKB,var_drug_ann
rs58700372,CNNM2,mercaptopurine,ADAPTER_DOSE,Metabolism/PK,PharmGKB,var_drug_ann
"CYP3A5*1, CYP3A5*3",CYP3A5,oxycodone,ADAPTER_DOSE,Dosage,PharmGKB,var_drug_ann
"UGT1A3*1, UGT1A3*2",UGT1A3,montelukast,ADAPTER_DOSE,Metabolism/PK,PharmGKB,var_drug_ann
"CYP2C9*1, CYP2C9*2",CYP2C9,phenytoin,ADAPTER_DOSE,Metabolism/PK,PharmGKB,var_drug_ann
rs11280056,TYMS,fluorouracil,EVITER,Efficacy,PharmGKB,var_drug_ann
"CYP2D6*1, CYP2D6*2, CYP2D6*4, CYP2D6*9, CYP2D6*10, CYP2D6*41",CYP2D6,primaquine,EVITER,Efficacy,PharmGKB,var_drug_ann
rs1799752,ACE,sertraline,EVITER,Efficacy,PharmGKB,var_drug_ann
rs17216177,ABCC2,rosuvastatin,ADAPTER_DOSE,Metabolism/PK,PharmGKB,var_drug_ann
"CYP3A5*1, CYP3A5*3",CYP3A5,cilostazol,ADAPTER_DOSE,Metabolism/PK,PharmGKB,var_drug_ann
"CYP2D6*1, CYP2D6*5, CYP2D6*10",CYP2D6,endoxifen,ADAPTER_DOSE,Metabolism/PK,PharmGKB,var_drug_ann
rs12208357,SLC22A1,rasagiline,ADAPTER_DOSE,Metabolism/PK,PharmGKB,var_drug_ann
"CYP2C19*1, CYP2C19*2, CYP2C19*3",CYP2C19,"esomeprazole, pantoprazole",EVITER,Efficacy,PharmGKB,var_drug_ann
"CYP3A7*1A, CYP3A7*1C",CYP3A7,tacrolimus,ADAPTER_DOSE,Metabolism/PK,PharmGKB,var_drug_ann
"CYP2A6*1, CYP2A6*2, CYP2A6*4, CYP2A6*9, CYP2A6*12",CYP2A6,"cotinine, nicotine",ADAPTER_DOSE,Metabolism/PK,PharmGKB,var_drug_ann
"CYP2B6*1, CYP2B6*6",CYP2B6,ketamine,ADAPTER_DOSE,Metabolism/PK,PharmGKB,var_drug_ann
"CYP2D6*1, CYP2D6*10",CYP2D6,debrisoquine,ADAPTER_DOSE,Metabolism/PK,PharmGKB,var_drug_ann
rs7899457,ABCC2,rosuvastatin,ADAPTER_DOSE,Metabolism/PK,PharmGKB,var_drug_ann
rs9934438,VKORC1,warfarin,ADAPTER_DOSE,Dosage,PharmGKB,var_drug_ann
rs8187706,ABCC2,rosuvastatin,ADAPTER_DOSE,Metabolism/PK,PharmGKB,var_drug_ann
"CYP2C9*1, CYP2C9*3",CYP2C9,flurbiprofen,ADAPTER_DOSE,Metabolism/PK,PharmGKB,var_drug_ann
rs717620,ABCC2,pitavastatin,ADAPTER_DOSE,Metabolism/PK,PharmGKB,var_drug_ann
rs28363170,SLC6A3,ethanol,SURVEILLER,Other,PharmGKB,var_drug_ann
rs1800497,DRD2,ethanol,ADAPTER_DOSE,Dosage,PharmGKB,var_drug_ann
rs776746,CYP3A5,vardenafil,SURVEILLER,"Other, Metabolism/PK",PharmGKB,var_drug_ann
rs683369,SLC22A1,imatinib,ADAPTER_DOSE,Metabolism/PK,PharmGKB,var_drug_ann
"UGT1A6*1a, UGT1A6*2a",UGT1A6,acetaminophen,ADAPTER_DOSE,Metabolism/PK,PharmGKB,var_drug_ann
"UGT2B15*1, UGT2B15*2",UGT2B15,acetaminophen,ADAPTER_DOSE,Metabolism/PK,PharmGKB,var_drug_ann
"CYP2D6*1, CYP2D6*10",CYP2D6,haloperidol,ADAPTER_DOSE,Metabolism/PK,PharmGKB,var_drug_ann
rs3802281,OPRK1,methadone,ADAPTER_DOSE,Dosage,PharmGKB,var_drug_ann
"CYP2D6*1, CYP2D6*2, CYP2D6*17",CYP2D6,debrisoquine,ADAPTER_DOSE,Metabolism/PK,PharmGKB,var_drug_ann
rs1142345,TPMT,azathioprine,ADAPTER_DOSE,Dosage,PharmGKB,var_drug_ann
"CYP2D6*1, CYP2D6*3, CYP2D6*4",CYP2D6,tolterodine,ADAPTER_DOSE,Metabolism/PK,PharmGKB,var_drug_ann
"CYP2D6*1xN, CYP2D6*2xN",CYP2D6,"citalopram, mianserin, mirtazapine, nortriptyline, paroxetine, venlafaxine",EVITER,Efficacy,PharmGKB,var_drug_ann
rs7166737,SIN3A,hydroxyurea,EVITER,Efficacy,PharmGKB,var_drug_ann
rs1799964,TNF,tumor necrosis factor alpha (tnf-alpha) inhibitors,EVITER,Efficacy,PharmGKB,var_drug_ann
CYP2D6 poor metabolizer,CYP2D6,venlafaxine,ADAPTER_DOSE,Metabolism/PK,PharmGKB,var_drug_ann
rs45445694,TYMS,"capecitabine, raltitrexed",EVITER,Efficacy,PharmGKB,var_drug_ann
CYP2D6 normal metabolizer,CYP2D6,venlafaxine,ADAPTER_DOSE,Metabolism/PK,PharmGKB,var_drug_ann
rs34059508,SLC22A1,rasagiline,ADAPTER_DOSE,Metabolism/PK,PharmGKB,var_drug_ann
CYP2C19 normal metabolizer,CYP2C19,escitalopram,ADAPTER_DOSE,Metabolism/PK,PharmGKB,var_drug_ann
"SLCO1B1*1, SLCO1B1*5, SLCO1B1*15",SLCO1B1,lovastatin acid,ADAPTER_DOSE,Metabolism/PK,PharmGKB,var_drug_ann
"CYP2C19*1, CYP2C19*2, CYP2C19*3, CYP2C19*4, CYP2C19*17",CYP2C19,ambrisentan,ADAPTER_DOSE,Metabolism/PK,PharmGKB,var_drug_ann
rs2273697,ABCC2,rasagiline,ADAPTER_DOSE,Metabolism/PK,PharmGKB,var_drug_ann
rs2770296,HTR2A,bupropion,EVITER,Efficacy,PharmGKB,var_drug_ann
rs371194629,HLA-G,"capecitabine, fluorouracil",EVITER,Efficacy,PharmGKB,var_drug_ann
CYP2C19 poor metabolizer,CYP2C19,voriconazole,ADAPTER_DOSE,Metabolism/PK,PharmGKB,var_drug_ann
rs20455,KIF6,pravastatin,EVITER,Efficacy,PharmGKB,var_drug_ann
SLC6A4 HTTLPR short form (S allele),SLC6A4,fluvoxamine,EVITER,Efficacy,PharmGKB,var_drug_ann
CYP2D6 poor metabolizer,CYP2D6,donepezil,ADAPTER_DOSE,Metabolism/PK,PharmGKB,var_drug_ann
"CYP2D6*1, CYP2D6*10",CYP2D6,risperidone,ADAPTER_DOSE,Metabolism/PK,PharmGKB,var_drug_ann
"CYP2D6*1, CYP2D6*4, CYP2D6*5, CYP2D6*6",CYP2D6,risperidone,ADAPTER_DOSE,Metabolism/PK,PharmGKB,var_drug_ann
rs2032582,ABCB1,fluoxetine,EVITER,Efficacy,PharmGKB,var_drug_ann
"CYP2D6*1, CYP2D6*4, CYP2D6*5",CYP2D6,"4-hydroxytamoxifen, endoxifen",ADAPTER_DOSE,Metabolism/PK,PharmGKB,var_drug_ann
"CYP2C19*1, CYP2C19*2",CYP2C19,rabeprazole,ADAPTER_DOSE,Metabolism/PK,PharmGKB,var_drug_ann
"CYP2C19*1, CYP2C19*2",CYP2C19,dipyrone,ADAPTER_DOSE,Metabolism/PK,PharmGKB,var_drug_ann
"CYP2A6*1, CYP2A6*4, CYP2A6*7, CYP2A6*9",CYP2A6,tegafur,ADAPTER_DOSE,Metabolism/PK,PharmGKB,var_drug_ann
"CYP2D6*1, CYP2D6*2, CYP2D6*4, CYP2D6*5, CYP2D6*10",CYP2D6,risperidone,ADAPTER_DOSE,Metabolism/PK,PharmGKB,var_drug_ann
"UGT1A1*1, UGT1A1*6, UGT1A1*27, UGT1A1*28",UGT1A1,nilotinib,ADAPTER_DOSE,Dosage,PharmGKB,var_drug_ann
"CYP2B6*1, CYP2B6*6",CYP2B6,"cotinine, nicotine",ADAPTER_DOSE,Metabolism/PK,PharmGKB,var_drug_ann
rs2873804,DBH,bupropion,EVITER,Efficacy,PharmGKB,var_drug_ann
rs45445694,TYMS,"fluorouracil, leucovorin, oxaliplatin",EVITER,Efficacy,PharmGKB,var_drug_ann
"GSTM1 non-null, GSTM1 null",GSTM1,"paclitaxel, platinum compounds",EVITER,Efficacy,PharmGKB,var_drug_ann
"GSTM1 non-null, GSTM1 null",GSTM1,"bleomycin, dacarbazine, doxorubicin, vinblastine",EVITER,Efficacy,PharmGKB,var_drug_ann
"CYP2C19*1, CYP2C19*2",CYP2C19,citalopram,ADAPTER_DOSE,Metabolism/PK,PharmGKB,var_drug_ann
rs1799752,ACE,"enalapril, lisinopril",EVITER,Efficacy,PharmGKB,var_drug_ann
CYP2C9*3,CYP2C9,trimipramine,ADAPTER_DOSE,Metabolism/PK,PharmGKB,var_drug_ann
rs363225,SLC18A2,bupropion,EVITER,Efficacy,PharmGKB,var_drug_ann
"CYP2B6*1, CYP2B6*4, CYP2B6*6",CYP2B6,methadone,ADAPTER_DOSE,Metabolism/PK,PharmGKB,var_drug_ann
UGT1A9*3a,UGT1A9,raltegravir,ADAPTER_DOSE,Metabolism/PK,PharmGKB,var_drug_ann
CYP2D6 poor metabolizer,CYP2D6,fluvoxamine,ADAPTER_DOSE,Metabolism/PK,PharmGKB,var_drug_ann
rs2860840,CYP2C18,sertraline,ADAPTER_DOSE,Metabolism/PK,PharmGKB,var_drug_ann
CYP2D6 poor metabolizer,CYP2D6,aripiprazole,ADAPTER_DOSE,Metabolism/PK,PharmGKB,var_drug_ann
"CYP3A4*1, CYP3A4*22",CYP3A4,4-hydroxytamoxifen,ADAPTER_DOSE,Metabolism/PK,PharmGKB,var_drug_ann
"CYP3A4*1, CYP3A4*22",CYP3A4,tamoxifen,ADAPTER_DOSE,Metabolism/PK,PharmGKB,var_drug_ann
rs1799724,TNF,tumor necrosis factor alpha (tnf-alpha) inhibitors,EVITER,Efficacy,PharmGKB,var_drug_ann
"CYP2D6*1, CYP2D6*10",CYP2D6,hydroxyamitriptyline,ADAPTER_DOSE,Metabolism/PK,PharmGKB,var_drug_ann
"CYP2C19*1, CYP2C19*2, CYP2C19*3",CYP2C19,amitriptyline,ADAPTER_DOSE,Metabolism/PK,PharmGKB,var_drug_ann
EPHX1 poor metabolizer,EPHX1,acetylcysteine,EVITER,Efficacy,PharmGKB,var_drug_ann
rs363226,SLC18A2,bupropion,EVITER,Efficacy,PharmGKB,var_drug_ann
rs45445694,"C18orf56, TYMS",methotrexate,EVITER,Efficacy,PharmGKB,var_drug_ann
rs1799735,GSTM3,olanzapine,ADAPTER_DOSE,Metabolism/PK,PharmGKB,var_drug_ann
rs3836790,SLC6A3,"levodopa, methylphenidate",EVITER,Efficacy,PharmGKB,var_drug_ann
"CYP2D6*1, CYP2D6*2, CYP2D6*3, CYP2D6*4, CYP2D6*4xN, CYP2D6*5, CYP2D6*9, CYP2D6*10, CYP2D6*29, CYP2D6*41",CYP2D6,atomoxetine,ADAPTER_DOSE,Metabolism/PK,PharmGKB,var_drug_ann
rs3836790,SLC6A3,levodopa,EVITER,Efficacy,PharmGKB,var_drug_ann
DPYD deficiency,DPYD,fluorouracil,ADAPTER_DOSE,Metabolism/PK,PharmGKB,var_drug_ann
"CYP2D6*1, CYP2D6*2, CYP2D6*3, CYP2D6*4, CYP2D6*4xN, CYP2D6*5, CYP2D6*9, CYP2D6*10, CYP2D6*17, CYP2D6*29, CYP2D6*41",CYP2D6,atomoxetine,ADAPTER_DOSE,Metabolism/PK,PharmGKB,var_drug_ann
rs17614642,FKBP5,bupropion,EVITER,Efficacy,PharmGKB,var_drug_ann
"CYP3A5*1, CYP3A5*3, CYP3A5*6, CYP3A5*7",CYP3A5,atazanavir,ADAPTER_DOSE,Metabolism/PK,PharmGKB,var_drug_ann
rs1799752,ACE,interferon beta-1a,EVITER,Efficacy,PharmGKB,var_drug_ann
"CYP2C19*1, CYP2C19*2",CYP2C19,omeprazole,ADAPTER_DOSE,Metabolism/PK,PharmGKB,var_drug_ann
rs2260863,EPHX1,warfarin,ADAPTER_DOSE,Dosage,PharmGKB,var_drug_ann
rs1799752,ACE,losartan,EVITER,Efficacy,PharmGKB,var_drug_ann
"CYP2C19*1, CYP2C19*2",CYP2C19,thalidomide,ADAPTER_DOSE,Dosage,PharmGKB,var_drug_ann
CYP2D6*10,CYP2D6,carvedilol,ADAPTER_DOSE,Metabolism/PK,PharmGKB,var_drug_ann
CYP2B6*1,CYP2B6,efavirenz,ADAPTER_DOSE,Metabolism/PK,PharmGKB,var_drug_ann
"CYP3A5*1, CYP3A5*3, CYP3A5*6",CYP3A5,tacrolimus,ADAPTER_DOSE,Metabolism/PK,PharmGKB,var_drug_ann
CYP2A6 low activity,CYP2A6,nicotine,ADAPTER_DOSE,Dosage,PharmGKB,var_drug_ann
rs776746,CYP3A5,imatinib,ADAPTER_DOSE,Metabolism/PK,PharmGKB,var_drug_ann
"SLCO1B1*5, SLCO1B1*15",SLCO1B1,paclitaxel,ADAPTER_DOSE,Metabolism/PK,PharmGKB,var_drug_ann
rs7668258,UGT2B7,lamotrigine,SURVEILLER,"Dosage, Metabolism/PK",PharmGKB,var_drug_ann
UGT2B7,UGT2B7,buprenorphine,EVITER,Efficacy,PharmGKB,var_drug_ann
rs1045642,ABCB1,imatinib,ADAPTER_DOSE,Metabolism/PK,PharmGKB,var_drug_ann
"CYP2C9*1, CYP2C9*2, CYP2C9*3",CYP2C9,tolbutamide,ADAPTER_DOSE,Metabolism/PK,PharmGKB,var_drug_ann
"CYP2B6*1, CYP2B6*4, CYP2B6*6",CYP2B6,bupropion,ADAPTER_DOSE,Metabolism/PK,PharmGKB,var_drug_ann
CYP2D6 poor metabolizer and intermediate metabolizer genotypes,CYP2D6,endoxifen,ADAPTER_DOSE,Metabolism/PK,PharmGKB,var_drug_ann
"CYP2C9*1, CYP2C9*3, CYP2C9*13",CYP2C9,zafirlukast,ADAPTER_DOSE,Metabolism/PK,PharmGKB,var_drug_ann
"CYP2C19*1, CYP2C19*2",CYP2C19,nelfinavir,ADAPTER_DOSE,Metabolism/PK,PharmGKB,var_drug_ann
"CYP2B6*1, CYP2B6*6",CYP2B6,hydroxybupropion,ADAPTER_DOSE,Metabolism/PK,PharmGKB,var_drug_ann
"CYP2B6*1, CYP2B6*4, CYP2B6*5, CYP2B6*6, CYP2B6*18, CYP2B6*22",CYP2B6,bupropion,ADAPTER_DOSE,Metabolism/PK,PharmGKB,var_drug_ann
"CYP2C19*1, CYP2C19*2, CYP2C19*3",CYP2C19,warfarin,ADAPTER_DOSE,Dosage,PharmGKB,var_drug_ann
"CYP2D6*1, CYP2D6*2, CYP2D6*10",CYP2D6,atomoxetine,ADAPTER_DOSE,Metabolism/PK,PharmGKB,var_drug_ann
CYP2D6 poor metabolizer,CYP2D6,atomoxetine,ADAPTER_DOSE,Dosage,PharmGKB,var_drug_ann
rs60369023,CDA,gemcitabine,SURVEILLER,"Other, Metabolism/PK",PharmGKB,var_drug_ann
rs1045642,ABCB1,"apixaban, dabigatran, edoxaban, rivaroxaban",ADAPTER_DOSE,Metabolism/PK,PharmGKB,var_drug_ann
rs2472677,NR1I2,atazanavir,ADAPTER_DOSE,Metabolism/PK,PharmGKB,var_drug_ann
rs2032582,ABCB1,imatinib,EVITER,Efficacy,PharmGKB,var_drug_ann
rs1360780,FKBP5,antidepressants,EVITER,Efficacy,PharmGKB,var_drug_ann
rs1128503,ABCB1,imatinib,EVITER,Efficacy,PharmGKB,var_drug_ann
rs5443,GNB3,antidepressants,EVITER,Efficacy,PharmGKB,var_drug_ann
rs3800373,FKBP5,antidepressants,EVITER,Efficacy,PharmGKB,var_drug_ann
rs963549,OPRK1,methadone,ADAPTER_DOSE,Dosage,PharmGKB,var_drug_ann
rs1128503,ABCB1,antipsychotics,SURVEILLER,"Dosage, Metabolism/PK",PharmGKB,var_drug_ann
rs4823613,PPARA,tacrolimus,ADAPTER_DOSE,Metabolism/PK,PharmGKB,var_drug_ann
rs3794271,SLCO1C1,infliximab,EVITER,Efficacy,PharmGKB,var_drug_ann
rs1057868,POR,tacrolimus,ADAPTER_DOSE,Metabolism/PK,PharmGKB,var_drug_ann
rs1967309,ADCY9,dalcetrapib,EVITER,Efficacy,PharmGKB,var_drug_ann
rs6265,BDNF,antidepressants,EVITER,Efficacy,PharmGKB,var_drug_ann
rs1801253,ADRB1,"beta blocking agents, flecainide",EVITER,Efficacy,PharmGKB,var_drug_ann
rs396991,FCGR3A,rituximab,EVITER,Efficacy,PharmGKB,var_drug_ann
rs13273672,GATA4,drugs used in alcohol dependence,EVITER,Efficacy,PharmGKB,var_drug_ann
rs6166,FSHR,chorionic gonadotropin,ADAPTER_DOSE,Dosage,PharmGKB,var_drug_ann
CYP2D6*10,CYP2D6,bepridil,ADAPTER_DOSE,Metabolism/PK,PharmGKB,var_drug_ann
rs2739260,CACNA1B,"nicardipine, nimodipine",EVITER,Efficacy,PharmGKB,var_drug_ann
rs10975641,GLDC,"citalopram, escitalopram",EVITER,Efficacy,PharmGKB,var_drug_ann
"CYP3A7*1A, CYP3A7*1C",CYP3A7,cortisone acetate,ADAPTER_DOSE,Dosage,PharmGKB,var_drug_ann
G6PD A- 202A_376G,G6PD,daunorubicin,ADAPTER_DOSE,Metabolism/PK,PharmGKB,var_drug_ann
"CYP2A6*1, CYP2A6*4, CYP2A6*7",CYP2A6,tegafur,ADAPTER_DOSE,Metabolism/PK,PharmGKB,var_drug_ann
CYP2A6*2,CYP2A6,efavirenz,SURVEILLER,"Other, Metabolism/PK",PharmGKB,var_drug_ann
rs11868513,HNF1B,metformin,EVITER,Efficacy,PharmGKB,var_drug_ann
CYP2C9*3,CYP2C9,ibuprofen,ADAPTER_DOSE,Metabolism/PK,PharmGKB,var_drug_ann
rs2242480,CYP3A4,atorvastatin,EVITER,Efficacy,PharmGKB,var_drug_ann
HLA-DRB1*15:01,HLA-DRB1,glatiramer acetate,EVITER,Efficacy,PharmGKB,var_drug_ann
NAT2*4,NAT2,caffeine,ADAPTER_DOSE,Metabolism/PK,PharmGKB,var_drug_ann
"CYP2C19*1, CYP2C19*2, CYP2C19*3",CYP2C19,diazepam,SURVEILLER,"Other, Metabolism/PK",PharmGKB,var_drug_ann
rs1946518,IL18,"""interferon alfa-2a, recombinant"", ""interferon alfa-2b, recombinant"", ""interferons"", ""peginterferon alfa-2a"", ""peginterferon alfa-2b"", ""ribavirin""",EVITER,Efficacy,PharmGKB,var_drug_ann
rs57098334,SLC6A4,"fluoxetine, paroxetine",EVITER,Efficacy,PharmGKB,var_drug_ann
CYP2D6*4,CYP2D6,venlafaxine,ADAPTER_DOSE,Metabolism/PK,PharmGKB,var_drug_ann
TPMT poor metabolizer,TPMT,"thioguanosine diphosphate, thioguanosine monophosphate, thioguanosine triphosphate",ADAPTER_DOSE,Metabolism/PK,PharmGKB,var_drug_ann
"CYP2A6*1, CYP2A6*4",CYP2A6,valproic acid,ADAPTER_DOSE,Metabolism/PK,PharmGKB,var_drug_ann
"CYP2A6*1, CYP2A6*4",CYP2A6,tegafur,ADAPTER_DOSE,Metabolism/PK,PharmGKB,var_drug_ann
"CYP2A6*1, CYP2A6*7",CYP2A6,nicotine,ADAPTER_DOSE,Metabolism/PK,PharmGKB,var_drug_ann
"CYP2C8*1, CYP2C8*3",CYP2C8,paclitaxel,EVITER,Efficacy,PharmGKB,var_drug_ann
"CYP2A6*1, CYP2A6*4, CYP2A6*9",CYP2A6,caffeine,SURVEILLER,"Other, Metabolism/PK",PharmGKB,var_drug_ann
rs4845625,IL6R,tocilizumab,EVITER,Efficacy,PharmGKB,var_drug_ann
rs17216198,ABCC2,rosuvastatin,ADAPTER_DOSE,Metabolism/PK,PharmGKB,var_drug_ann
"CYP2C9*1, CYP2C9*2",CYP2C9,fluvastatin,ADAPTER_DOSE,Metabolism/PK,PharmGKB,var_drug_ann
CYP2B6*6,CYP2B6,mirtazapine,EVITER,Efficacy,PharmGKB,var_drug_ann
NAT2*7,NAT2,sulfapyridine,ADAPTER_DOSE,Metabolism/PK,PharmGKB,var_drug_ann
NAT2*4,NAT2,isoniazid,ADAPTER_DOSE,Metabolism/PK,PharmGKB,var_drug_ann
rs187238,IL18,"""interferon alfa-2a, recombinant"", ""interferon alfa-2b, recombinant"", ""interferons"", ""peginterferon alfa-2a"", ""peginterferon alfa-2b"", ""ribavirin""",EVITER,Efficacy,PharmGKB,var_drug_ann
CYP2C9*1,CYP2C9,acenocoumarol,ADAPTER_DOSE,Dosage,PharmGKB,var_drug_ann
CYP2C8*3,CYP2C8,ibuprofen,ADAPTER_DOSE,Metabolism/PK,PharmGKB,var_drug_ann
CYP2D6*3,CYP2D6,tropisetron,EVITER,Efficacy,PharmGKB,var_drug_ann
CYP2D6*10,CYP2D6,metoprolol,ADAPTER_DOSE,Metabolism/PK,PharmGKB,var_drug_ann
"SLCO1B1*15, SLCO1B1*37",SLCO1B1,olmesartan,ADAPTER_DOSE,Metabolism/PK,PharmGKB,var_drug_ann
"CYP2C19*1, CYP2C19*2",CYP2C19,tacrolimus,ADAPTER_DOSE,Dosage,PharmGKB,var_drug_ann
"CYP3A4*1, CYP3A4*4",CYP3A4,simvastatin,EVITER,Efficacy,PharmGKB,var_drug_ann
"CYP2C9*1, CYP2C9*13",CYP2C9,losartan,ADAPTER_DOSE,Metabolism/PK,PharmGKB,var_drug_ann
"CYP2D6*1, CYP2D6*1xN, CYP2D6*2xN",CYP2D6,ondansetron,EVITER,Efficacy,PharmGKB,var_drug_ann
"CYP2C9*1, CYP2C9*3",CYP2C9,nateglinide,ADAPTER_DOSE,Metabolism/PK,PharmGKB,var_drug_ann
CYP2C9*3,CYP2C9,phenprocoumon,ADAPTER_DOSE,Dosage,PharmGKB,var_drug_ann
"CYP2D6*1, CYP2D6*4",CYP2D6,carvedilol,ADAPTER_DOSE,Metabolism/PK,PharmGKB,var_drug_ann
rs3740066,ABCC2,rosuvastatin,ADAPTER_DOSE,Metabolism/PK,PharmGKB,var_drug_ann
"CYP2D6*4, CYP2D6*5, CYP2D6*6",CYP2D6,carvedilol,ADAPTER_DOSE,Dosage,PharmGKB,var_drug_ann
CYP2C19*1,CYP2C19,clopidogrel,EVITER,Efficacy,PharmGKB,var_drug_ann
"CYP2C19*1, CYP2C19*2",CYP2C19,"omeprazole, pantoprazole",EVITER,Efficacy,PharmGKB,var_drug_ann
"CYP2D6*1, CYP2D6*5",CYP2D6,carvedilol,ADAPTER_DOSE,Metabolism/PK,PharmGKB,var_drug_ann
"CYP2D6*1, CYP2D6*2, CYP2D6*10",CYP2D6,carvedilol,ADAPTER_DOSE,Metabolism/PK,PharmGKB,var_drug_ann
"CYP2D6*1, CYP2D6*3",CYP2D6,zuclopenthixol,ADAPTER_DOSE,Metabolism/PK,PharmGKB,var_drug_ann
"CYP2D6*1, CYP2D6*4",CYP2D6,risperidone,EVITER,Efficacy,PharmGKB,var_drug_ann
rs3892097,CYP2D6,fluoxetine,EVITER,Efficacy,PharmGKB,var_drug_ann
"CYP2D6*1, CYP2D6*4",CYP2D6,"amitriptyline, clomipramine, doxepin, imipramine, maprotiline, nortriptyline, opipramol",SURVEILLER,"Dosage, Efficacy",PharmGKB,var_drug_ann
"CYP3A5*1, CYP3A5*3",CYP3A5,sufentanil,ADAPTER_DOSE,Dosage,PharmGKB,var_drug_ann
"CYP2C19*1, CYP2C19*2, CYP2C19*3",CYP2C19,"mephenytoin, omeprazole",ADAPTER_DOSE,Metabolism/PK,PharmGKB,var_drug_ann
"CYP2C19*1, CYP2C19*2",CYP2C19,esomeprazole,EVITER,Efficacy,PharmGKB,var_drug_ann
"CYP2D6*1, CYP2D6*3, CYP2D6*4",CYP2D6,tramadol,ADAPTER_DOSE,Metabolism/PK,PharmGKB,var_drug_ann
"CYP2C19*2, CYP2C19*3",CYP2C19,clopidogrel,EVITER,Efficacy,PharmGKB,var_drug_ann
"CYP2C19*1, CYP2C19*2",CYP2C19,dexlansoprazole,ADAPTER_DOSE,Metabolism/PK,PharmGKB,var_drug_ann
"CYP2D6*1, CYP2D6*5, CYP2D6*10",CYP2D6,lovastatin,ADAPTER_DOSE,Metabolism/PK,PharmGKB,var_drug_ann
"CYP2C9*1, CYP2C9*3",CYP2C9,benzbromarone,ADAPTER_DOSE,Metabolism/PK,PharmGKB,var_drug_ann
"CYP2C19*1, CYP2C19*2",CYP2C19,labetalol,ADAPTER_DOSE,Metabolism/PK,PharmGKB,var_drug_ann
"CYP2C9*1, CYP2C9*2",CYP2C9,celecoxib,ADAPTER_DOSE,Metabolism/PK,PharmGKB,var_drug_ann
"CYP2B6*1, CYP2B6*22",CYP2B6,bupropion,ADAPTER_DOSE,Metabolism/PK,PharmGKB,var_drug_ann
SLC6A4 HTTLPR short form (S allele),SLC6A4,"fluoxetine, paroxetine",EVITER,Efficacy,PharmGKB,var_drug_ann
"CYP2C19*1, CYP2C19*17",CYP2C19,clopidogrel,EVITER,Efficacy,PharmGKB,var_drug_ann
"CYP2C8*1, CYP2C8*3",CYP2C8,pioglitazone,ADAPTER_DOSE,Metabolism/PK,PharmGKB,var_drug_ann
HLA-A*01:01,HLA-A,"peginterferon alfa-2a, peginterferon alfa-2b, ribavirin",EVITER,Efficacy,PharmGKB,var_drug_ann
"SLC6A4 HTTLPR long form (L allele), SLC6A4 HTTLPR short form (S allele)",SLC6A4,"citalopram, fluoxetine, paroxetine",EVITER,Efficacy,PharmGKB,var_drug_ann
rs70950385,CYP2B6,efavirenz,ADAPTER_DOSE,Metabolism/PK,PharmGKB,var_drug_ann
rs28399504,CYP2C19,mephenytoin,ADAPTER_DOSE,Metabolism/PK,PharmGKB,var_drug_ann
"CYP2D6*1, CYP2D6*5, CYP2D6*10",CYP2D6,"4-hydroxytamoxifen, endoxifen",ADAPTER_DOSE,Metabolism/PK,PharmGKB,var_drug_ann
HLA-B*40:01,HLA-B,"lamivudine, nevirapine, stavudine",EVITER,Efficacy,PharmGKB,var_drug_ann
"UGT1A1*1, UGT1A1*60",UGT1A1,belinostat,ADAPTER_DOSE,Metabolism/PK,PharmGKB,var_drug_ann
rs11322783,IFNL4,"boceprevir, peginterferon alfa-2a, peginterferon alfa-2b, ribavirin, telaprevir",EVITER,Efficacy,PharmGKB,var_drug_ann
"UGT1A1*1, UGT1A1*28",UGT1A1,deferasirox,ADAPTER_DOSE,Metabolism/PK,PharmGKB,var_drug_ann
rs4244285,CYP2C19,"clopidogrel, prasugrel, ticagrelor",EVITER,Efficacy,PharmGKB,var_drug_ann
"CYP2B6*1, CYP2B6*11",CYP2B6,efavirenz,ADAPTER_DOSE,Metabolism/PK,PharmGKB,var_drug_ann
"CYP2C9*1, CYP2C9*2, CYP2C9*3",CYP2C9,valproic acid,ADAPTER_DOSE,Dosage,PharmGKB,var_drug_ann
rs41301394,POR,warfarin,ADAPTER_DOSE,Dosage,PharmGKB,var_drug_ann
rs6275,DRD2,methadone,SURVEILLER,nan,PharmGKB,var_drug_ann
rs1695,GSTP1,"carboplatin, paclitaxel",EVITER,Toxicity,PharmGKB,var_drug_ann
CYP2C19 ultrarapid metabolizer,CYP2C19,voriconazole,ADAPTER_DOSE,Metabolism/PK,PharmGKB,var_drug_ann
rs3807348,MIR335,cisplatin,EVITER,Efficacy,PharmGKB,var_drug_ann
rs6151031,ALDH1A1,"cyclophosphamide, doxorubicin",EVITER,Efficacy,PharmGKB,var_drug_ann
"SLC6A4 HTTLPR long form (L allele), SLC6A4 HTTLPR short form (S allele)",SLC6A4,"buprenorphine, methadone",EVITER,Efficacy,PharmGKB,var_drug_ann
VKORC1 low activity,VKORC1,warfarin,ADAPTER_DOSE,Dosage,PharmGKB,var_drug_ann
"CYP3A5*1, CYP3A5*3",CYP3A5,clozapine,ADAPTER_DOSE,Dosage,PharmGKB,var_drug_ann
"CYP3A5*1, CYP3A5*3",CYP3A5,nimodipine,EVITER,Efficacy,PharmGKB,var_drug_ann
"CYP3A5*1, CYP3A5*3",CYP3A5,carbamazepine,ADAPTER_DOSE,Metabolism/PK,PharmGKB,var_drug_ann
"CYP2D6*1, CYP2D6*9",CYP2D6,fentanyl,ADAPTER_DOSE,Metabolism/PK,PharmGKB,var_drug_ann
rs3917643,F3,simvastatin,EVITER,Efficacy,PharmGKB,var_drug_ann
rs1799752,ACE,"acetylcholine, nitroprusside",EVITER,Efficacy,PharmGKB,var_drug_ann
rs1799752,ACE,enalapril,EVITER,Efficacy,PharmGKB,var_drug_ann
rs45445694,TYMS,"bevacizumab, capecitabine, cisplatin, docetaxel, epirubicin, oxaliplatin, trastuzumab",EVITER,Efficacy,PharmGKB,var_drug_ann
CYP3A5 poor metabolizer,CYP3A5,"fentanyl, meperidine, midazolam",ADAPTER_DOSE,Metabolism/PK,PharmGKB,var_drug_ann
CYP2C19 poor metabolizers and intermediate metabolizers,CYP2C19,"fentanyl, meperidine, midazolam",ADAPTER_DOSE,Metabolism/PK,PharmGKB,var_drug_ann
UGT1A1 poor metabolizer,UGT1A1,"fentanyl, meperidine, midazolam",ADAPTER_DOSE,Metabolism/PK,PharmGKB,var_drug_ann
"CYP2C19*1, CYP2C19*17",CYP2C19,4-hydroxytamoxifen,ADAPTER_DOSE,Metabolism/PK,PharmGKB,var_drug_ann
"CYP2D6*1, CYP2D6*3, CYP2D6*4, CYP2D6*9, CYP2D6*10, CYP2D6*41",CYP2D6,tamsulosin,EVITER,Efficacy,PharmGKB,var_drug_ann
rs2242480,CYP3A4,imatinib,EVITER,Efficacy,PharmGKB,var_drug_ann
CYP2C9 poor metabolizer,CYP2C9,fulvestrant,ADAPTER_DOSE,Metabolism/PK,PharmGKB,var_drug_ann
CYP2C9 intermediate metabolizer,CYP2C9,anastrozole,ADAPTER_DOSE,Metabolism/PK,PharmGKB,var_drug_ann
"CYP3A4*1, CYP3A4*22",CYP3A4,anastrozole,ADAPTER_DOSE,Metabolism/PK,PharmGKB,var_drug_ann
HLA-DRB1*04:05,HLA-DRB1,abatacept,EVITER,Efficacy,PharmGKB,var_drug_ann
CYP2C19 poor metabolizer,CYP2C19,esomeprazole,ADAPTER_DOSE,Metabolism/PK,PharmGKB,var_drug_ann
CYP2C19 rapid metabolizer,CYP2C19,esomeprazole,ADAPTER_DOSE,Metabolism/PK,PharmGKB,var_drug_ann
rs3794271,SLCO1C1,etanercept,EVITER,Efficacy,PharmGKB,var_drug_ann
"CYP3A5*1, CYP3A5*3",CYP3A5,apatinib,ADAPTER_DOSE,Metabolism/PK,PharmGKB,var_drug_ann
CYP2C19 rapid metabolizer,CYP2C19,escitalopram,ADAPTER_DOSE,Metabolism/PK,PharmGKB,var_drug_ann
CYP2C19 poor metabolizer,CYP2C19,escitalopram,ADAPTER_DOSE,Metabolism/PK,PharmGKB,var_drug_ann
CYP2C19 poor metabolizer,CYP2C19,sertraline,ADAPTER_DOSE,Metabolism/PK,PharmGKB,var_drug_ann
CYP2D6 poor metabolizer,CYP2D6,duloxetine,ADAPTER_DOSE,Metabolism/PK,PharmGKB,var_drug_ann
rs7975232,VDR,"amoxicillin, clarithromycin, omeprazole",EVITER,Efficacy,PharmGKB,var_drug_ann
rs2228570,VDR,"amoxicillin, clarithromycin, omeprazole",EVITER,Efficacy,PharmGKB,var_drug_ann
rs1065852,CYP2D6,metoprolol,ADAPTER_DOSE,Metabolism/PK,PharmGKB,var_drug_ann
rs1065852,CYP2D6,alpha-hydroxymetoprolol,ADAPTER_DOSE,Metabolism/PK,PharmGKB,var_drug_ann
"CYP2D6*1, CYP2D6*10",CYP2D6,tolperisone,ADAPTER_DOSE,Metabolism/PK,PharmGKB,var_drug_ann
CYP2C19 poor metabolizer,CYP2C19,tolperisone,ADAPTER_DOSE,Metabolism/PK,PharmGKB,var_drug_ann
"CYP2D6*1, CYP2D6*10",CYP2D6,dapoxetine,ADAPTER_DOSE,Metabolism/PK,PharmGKB,var_drug_ann
CYP2D6 intermediate metabolizer,CYP2D6,risperidone,ADAPTER_DOSE,Metabolism/PK,PharmGKB,var_drug_ann
"CYP2D6*1, CYP2D6*10, CYP2D6*41",CYP2D6,dapoxetine,ADAPTER_DOSE,Metabolism/PK,PharmGKB,var_drug_ann
rs6922548,PPARD,"docetaxel, thalidomide",EVITER,Efficacy,PharmGKB,var_drug_ann
CYP2D6 intermediate metabolizer,CYP2D6,o-desmethyltramadol,ADAPTER_DOSE,Metabolism/PK,PharmGKB,var_drug_ann
"CYP3A5*1, CYP3A5*3",CYP3A5,naldemedine,ADAPTER_DOSE,Metabolism/PK,PharmGKB,var_drug_ann
"CYP2D6*1, CYP2D6*2, CYP2D6*10, CYP2D6*41, CYP2D6*65",CYP2D6,risperidone,ADAPTER_DOSE,Metabolism/PK,PharmGKB,var_drug_ann
rs7769719,PPARD,"docetaxel, thalidomide",EVITER,Efficacy,PharmGKB,var_drug_ann
rs2288344,NEDD4,warfarin,ADAPTER_DOSE,Dosage,PharmGKB,var_drug_ann
"CYP3A5*1, CYP3A5*3",CYP3A5,quetiapine,ADAPTER_DOSE,Metabolism/PK,PharmGKB,var_drug_ann
rs17126068,DDHD1,warfarin,ADAPTER_DOSE,Dosage,PharmGKB,var_drug_ann
CYP3A5 intermediate metabolizer,CYP3A5,tacrolimus,ADAPTER_DOSE,Metabolism/PK,PharmGKB,var_drug_ann
CYP2D6 intermediate metabolizer,CYP2D6,"primaquine 5,6-orthoquinone",ADAPTER_DOSE,Metabolism/PK,PharmGKB,var_drug_ann
rs4148323,UGT1A1,"cisplatin, irinotecan",EVITER,Efficacy,PharmGKB,var_drug_ann
CYP2D6 intermediate metabolizer,CYP2D6,primaquine,ADAPTER_DOSE,Metabolism/PK,PharmGKB,var_drug_ann
CYP2D6 poor metabolizer,CYP2D6,"desvenlafaxine, venlafaxine",ADAPTER_DOSE,Metabolism/PK,PharmGKB,var_drug_ann
rs45445694,TYMS,methotrexate,EVITER,Efficacy,PharmGKB,var_drug_ann
"CYP2C19*1, CYP2C19*2, CYP2C19*3, CYP2C19*17",CYP2C19,praziquantel,ADAPTER_DOSE,Metabolism/PK,PharmGKB,var_drug_ann
rs1045642,ABCB1,"paliperidone, risperidone",ADAPTER_DOSE,Metabolism/PK,PharmGKB,var_drug_ann
rs1057910,CYP2C9,losartan,ADAPTER_DOSE,Metabolism/PK,PharmGKB,var_drug_ann
NAT2*5,NAT2,sulfapyridine,ADAPTER_DOSE,Metabolism/PK,PharmGKB,var_drug_ann
CYP2D6 poor metabolizer genotype,CYP2D6,risperidone,ADAPTER_DOSE,Metabolism/PK,PharmGKB,var_drug_ann
"NAT2*4, NAT2*6, NAT2*7, NAT2*16",NAT2,isoniazid,ADAPTER_DOSE,Metabolism/PK,PharmGKB,var_drug_ann
rs72551330,UGT1A9,sulfinpyrazone,ADAPTER_DOSE,Metabolism/PK,PharmGKB,var_drug_ann
"NAT2*4, NAT2*6, NAT2*7, NAT2*16",NAT2,sulfamethoxazole,ADAPTER_DOSE,Metabolism/PK,PharmGKB,var_drug_ann
"CYP2C19*1, CYP2C19*2, CYP2C19*3",CYP2C19,icotinib,ADAPTER_DOSE,Metabolism/PK,PharmGKB,var_drug_ann
rs1051792,MICA,tumor necrosis factor alpha (tnf-alpha) inhibitors,EVITER,Efficacy,PharmGKB,var_drug_ann
"CYP2D6*1, CYP2D6*4, CYP2D6*9",CYP2D6,tramadol,ADAPTER_DOSE,Metabolism/PK,PharmGKB,var_drug_ann
CYP2C19 poor metabolizers,CYP2C19,imipramine,ADAPTER_DOSE,Metabolism/PK,PharmGKB,var_drug_ann
"NAT2*4, NAT2*5",NAT2,sulfapyridine,ADAPTER_DOSE,Metabolism/PK,PharmGKB,var_drug_ann
CYP2C19 ultrarapid metabolizer genotype,CYP2C19,"3,4-methylenedioxymethamphetamine",ADAPTER_DOSE,Metabolism/PK,PharmGKB,var_drug_ann
rs6438552,GSK3B,lithium,EVITER,Efficacy,PharmGKB,var_drug_ann
rs2071427,"NR1D1, THRA",lithium,EVITER,Efficacy,PharmGKB,var_drug_ann
CYP3A5 poor metabolizers,CYP3A5,tacrolimus,ADAPTER_DOSE,Metabolism/PK,PharmGKB,var_drug_ann
CYP2D6 poor metabolizer phenotype,CYP2D6,morphine,ADAPTER_DOSE,Metabolism/PK,PharmGKB,var_drug_ann
CYP2D6 poor metabolizers,CYP2D6,endoxifen,ADAPTER_DOSE,Metabolism/PK,PharmGKB,var_drug_ann
CYP2D6 poor metabolizer genotype,CYP2D6,aripiprazole,ADAPTER_DOSE,Metabolism/PK,PharmGKB,var_drug_ann
CYP2C19 poor metabolizers,CYP2C19,atomoxetine,ADAPTER_DOSE,Metabolism/PK,PharmGKB,var_drug_ann
"NAT2*4, NAT2*6",NAT2,sulfapyridine,ADAPTER_DOSE,Metabolism/PK,PharmGKB,var_drug_ann
"NAT2*1, NAT2*4, NAT2*5, NAT2*6, NAT2*6J, NAT2*7, NAT2*7G, NAT2*39",NAT2,isoniazid,ADAPTER_DOSE,Metabolism/PK,PharmGKB,var_drug_ann
HLA-DQA1*05,HLA-DQA1,infliximab,EVITER,Efficacy,PharmGKB,var_drug_ann
NAT2*6,NAT2,sulfapyridine,ADAPTER_DOSE,Metabolism/PK,PharmGKB,var_drug_ann
rs700518,CYP19A1,enzyme inhibitors,SURVEILLER,Other,PharmGKB,var_drug_ann
rs1128503,ABCB1,tacrolimus,ADAPTER_DOSE,Metabolism/PK,PharmGKB,var_drug_ann
rs28364072,FCER2,corticosteroids,ADAPTER_DOSE,Dosage,PharmGKB,var_drug_ann
rs2032582,ABCB1,tacrolimus,ADAPTER_DOSE,Metabolism/PK,PharmGKB,var_drug_ann
rs34059508,SLC22A1,"hydrochlorothiazide, olmesartan",ADAPTER_DOSE,Metabolism/PK,PharmGKB,var_drug_ann
"NAT2*4, NAT2*6, NAT2*7, NAT2*16",NAT2,hydralazine,ADAPTER_DOSE,Metabolism/PK,PharmGKB,var_drug_ann
CYP2D6 poor metabolizer genotype,CYP2D6,haloperidol,ADAPTER_DOSE,Metabolism/PK,PharmGKB,var_drug_ann
rs1128503,ABCB1,morphine,ADAPTER_DOSE,Metabolism/PK,PharmGKB,var_drug_ann
"NAT2*4, NAT2*5, NAT2*6, NAT2*7, NAT2*16",NAT2,sulfapyridine,ADAPTER_DOSE,Metabolism/PK,PharmGKB,var_drug_ann
"NAT2*4, NAT2*6, NAT2*7, NAT2*14, NAT2*16, NAT2*19",NAT2,isoniazid,SURVEILLER,"Dosage, Metabolism/PK",PharmGKB,var_drug_ann
rs11045585,SLCO1B3,docetaxel,SURVEILLER,"Other, Metabolism/PK",PharmGKB,var_drug_ann
"NAT2*5, NAT2*7",NAT2,sulfapyridine,ADAPTER_DOSE,Metabolism/PK,PharmGKB,var_drug_ann
rs7311358,SLCO1B3,docetaxel,SURVEILLER,"Other, Metabolism/PK",PharmGKB,var_drug_ann
rs4149118,SLCO1B3,docetaxel,SURVEILLER,"Other, Metabolism/PK",PharmGKB,var_drug_ann
"NAT2*4, NAT2*5, NAT2*6, NAT2*6J, NAT2*7, NAT2*7G",NAT2,isoniazid,ADAPTER_DOSE,Metabolism/PK,PharmGKB,var_drug_ann
"NAT2*4, NAT2*7",NAT2,sulfapyridine,ADAPTER_DOSE,Metabolism/PK,PharmGKB,var_drug_ann
rs1544410,VDR,midazolam,ADAPTER_DOSE,Metabolism/PK,PharmGKB,var_drug_ann
rs1154831,KLRC4,tumor necrosis factor alpha (tnf-alpha) inhibitors,EVITER,Efficacy,PharmGKB,var_drug_ann
CYP2C19 poor metabolizer,CYP2C19,diazepam,ADAPTER_DOSE,Metabolism/PK,PharmGKB,var_drug_ann
CYP2D6 ultrarapid metabolizer genotype,CYP2D6,methadone,EVITER,Efficacy,PharmGKB,var_drug_ann
CYP2D6 ultrarapid metabolizer,CYP2D6,fluoxetine,EVITER,Efficacy,PharmGKB,var_drug_ann
"NAT2*4, NAT2*6, NAT2*7, NAT2*14, NAT2*16",NAT2,isoniazid,ADAPTER_DOSE,Metabolism/PK,PharmGKB,var_drug_ann
"NAT2*5, NAT2*6",NAT2,sulfapyridine,ADAPTER_DOSE,Metabolism/PK,PharmGKB,var_drug_ann
"NAT2*4, NAT2*6, NAT2*7, NAT2*14, NAT2*16",NAT2,acetylisoniazid,ADAPTER_DOSE,Metabolism/PK,PharmGKB,var_drug_ann
"NAT2*6, NAT2*7, NAT2*14, NAT2*16",NAT2,dipyrone,ADAPTER_DOSE,Metabolism/PK,PharmGKB,var_drug_ann
"CYP2D6*1, CYP2D6*1xN, CYP2D6*41",CYP2D6,codeine,ADAPTER_DOSE,Metabolism/PK,PharmGKB,var_drug_ann
rs7294,VKORC1,warfarin,SURVEILLER,"Dosage, Metabolism/PK",PharmGKB,var_drug_ann
CYP2D6 normal metabolizer genotype,CYP2D6,paramethoxymethamphetamine,ADAPTER_DOSE,Metabolism/PK,PharmGKB,var_drug_ann
CYP3A5 intermediate metabolizers,CYP3A5,maraviroc,ADAPTER_DOSE,Metabolism/PK,PharmGKB,var_drug_ann
CYP2C19 poor metabolizer and intermediate metabolizer genotypes,CYP2C19,clopidogrel,EVITER,Efficacy,PharmGKB,var_drug_ann
"CYP2D6*1, CYP2D6*2, CYP2D6*2xN",CYP2D6,codeine,ADAPTER_DOSE,Metabolism/PK,PharmGKB,var_drug_ann
CYP2D6 poor metabolizer phenotype,CYP2D6,endoxifen,EVITER,Efficacy,PharmGKB,var_drug_ann
"CYP2D6*2, CYP2D6*2xN, CYP2D6*41",CYP2D6,codeine,ADAPTER_DOSE,Metabolism/PK,PharmGKB,var_drug_ann
"CYP2D6*1, CYP2D6*1xN, CYP2D6*10",CYP2D6,codeine,ADAPTER_DOSE,Metabolism/PK,PharmGKB,var_drug_ann
"CYP2C19*1, CYP2C19*2, CYP2C19*3, CYP2C19*17",CYP2C19,"citalopram, escitalopram",ADAPTER_DOSE,Metabolism/PK,PharmGKB,var_drug_ann
CYP2D6 ultrarapid metabolizer phenotype,CYP2D6,nortriptyline,ADAPTER_DOSE,Metabolism/PK,PharmGKB,var_drug_ann
rs1799978,DRD2,"haloperidol, olanzapine, perphenazine, quetiapine, risperidone",EVITER,Efficacy,PharmGKB,var_drug_ann
CYP3A5 poor metabolizers,CYP3A5,maraviroc,ADAPTER_DOSE,Metabolism/PK,PharmGKB,var_drug_ann
"CYP2C19*1, CYP2C19*17",CYP2C19,"citalopram, escitalopram",ADAPTER_DOSE,Metabolism/PK,PharmGKB,var_drug_ann
CYP2D6 intermediate metabolizers,CYP2D6,nortriptyline,ADAPTER_DOSE,Metabolism/PK,PharmGKB,var_drug_ann
CYP2D6 poor metabolizers,CYP2D6,hydrocodone,ADAPTER_DOSE,Metabolism/PK,PharmGKB,var_drug_ann
CYP2D6 poor metabolizers,CYP2D6,imipramine,ADAPTER_DOSE,Metabolism/PK,PharmGKB,var_drug_ann
"CYP2C19*1, CYP2C19*2, CYP2C19*8, CYP2C19*17",CYP2C19,clopidogrel,SURVEILLER,"Efficacy, Metabolism/PK",PharmGKB,var_drug_ann
CYP2D6 intermediate metabolizers,CYP2D6,tamoxifen,ADAPTER_DOSE,Metabolism/PK,PharmGKB,var_drug_ann
"CYP2D6*1, CYP2D6*2, CYP2D6*4, CYP2D6*5",CYP2D6,imipramine,ADAPTER_DOSE,Dosage,PharmGKB,var_drug_ann
"CYP2D6*1, CYP2D6*2, CYP2D6*4, CYP2D6*5, CYP2D6*10, CYP2D6*14, CYP2D6*18, CYP2D6*36",CYP2D6,methamphetamine,ADAPTER_DOSE,Metabolism/PK,PharmGKB,var_drug_ann
CYP2D6 poor metabolizers,CYP2D6,tolterodine,ADAPTER_DOSE,Metabolism/PK,PharmGKB,var_drug_ann
"CYP2C9*1, CYP2C9*2, CYP2C9*3",CYP2C9,"4-hydroxytamoxifen, endoxifen",ADAPTER_DOSE,Metabolism/PK,PharmGKB,var_drug_ann
"CYP2D6*1, CYP2D6*2, CYP2D6*4, CYP2D6*5, CYP2D6*10, CYP2D6*41",CYP2D6,risperidone,ADAPTER_DOSE,Metabolism/PK,PharmGKB,var_drug_ann
CYP2D6 poor metabolizer phenotype,CYP2D6,venlafaxine,ADAPTER_DOSE,Metabolism/PK,PharmGKB,var_drug_ann
"CYP2D6*4, CYP2D6*5",CYP2D6,"desipramine, imipramine",ADAPTER_DOSE,Metabolism/PK,PharmGKB,var_drug_ann
rs890293,CYP2J2,trans 4-hydroxypraziquantel,ADAPTER_DOSE,Metabolism/PK,PharmGKB,var_drug_ann
CYP2D6 poor metabolizer genotype,CYP2D6,perphenazine,ADAPTER_DOSE,Metabolism/PK,PharmGKB,var_drug_ann
"CYP2C19*1, CYP2C19*2, CYP2C19*3",CYP2C19,tacrolimus,SURVEILLER,"Dosage, Metabolism/PK",PharmGKB,var_drug_ann
"CYP2D6*1, CYP2D6*4",CYP2D6,vortioxetine,EVITER,Toxicity,PharmGKB,var_drug_ann
CYP2C19 ultrarapid metabolizer phenotype,CYP2C19,escitalopram,ADAPTER_DOSE,Metabolism/PK,PharmGKB,var_drug_ann
"CYP2C9*1, CYP2C9*2, CYP2C9*3, CYP2C9*8",CYP2C9,warfarin,ADAPTER_DOSE,Metabolism/PK,PharmGKB,var_drug_ann
CYP2D6 poor metabolizers,CYP2D6,nortriptyline,ADAPTER_DOSE,Metabolism/PK,PharmGKB,var_drug_ann
"CYP2D6*1, CYP2D6*2, CYP2D6*5, CYP2D6*10, CYP2D6*14, CYP2D6*41",CYP2D6,paroxetine,ADAPTER_DOSE,Metabolism/PK,PharmGKB,var_drug_ann
CYP2C19 poor metabolizers,CYP2C19,escitalopram,ADAPTER_DOSE,Metabolism/PK,PharmGKB,var_drug_ann
rs2075572,OPRM1,ethanol,EVITER,Efficacy,PharmGKB,var_drug_ann
CYP2C19 poor metabolizer and intermediate metabolizer genotypes,CYP2C19,proton pump inhibitors,EVITER,Efficacy,PharmGKB,var_drug_ann
CYP2D6 ultrarapid metabolizer genotype,CYP2D6,tramadol,ADAPTER_DOSE,Metabolism/PK,PharmGKB,var_drug_ann
CYP2D6 poor metabolizers,CYP2D6,metoprolol,ADAPTER_DOSE,Dosage,PharmGKB,var_drug_ann
rs548646,OPRM1,ethanol,EVITER,Efficacy,PharmGKB,var_drug_ann
rs2237892,KCNQ1,gliclazide,EVITER,Efficacy,PharmGKB,var_drug_ann
rs1799732,DRD2,nicotine,EVITER,Efficacy,PharmGKB,var_drug_ann
CYP2D6 poor metabolizers,CYP2D6,paroxetine,ADAPTER_DOSE,Metabolism/PK,PharmGKB,var_drug_ann
CYP2D6 poor metabolizers,CYP2D6,desipramine,ADAPTER_DOSE,Metabolism/PK,PharmGKB,var_drug_ann
rs7903146,TCF7L2,linagliptin,EVITER,Efficacy,PharmGKB,var_drug_ann
CYP2C19 poor metabolizer phenotype,CYP2C19,"citalopram, escitalopram",EVITER,Efficacy,PharmGKB,var_drug_ann
rs681243,OPRM1,ethanol,EVITER,Efficacy,PharmGKB,var_drug_ann
CYP2D6 normal metabolizer genotype,CYP2D6,dextromethorphan,ADAPTER_DOSE,Metabolism/PK,PharmGKB,var_drug_ann
CYP2B6 poor metabolizer and intermediate metabolizer genotypes,CYP2B6,hydroxybupropion,ADAPTER_DOSE,Metabolism/PK,PharmGKB,var_drug_ann
CYP2D6 normal metabolizer genotype,CYP2D6,tramadol,ADAPTER_DOSE,Metabolism/PK,PharmGKB,var_drug_ann
CYP2C19 normal metabolizer genotype,CYP2C19,"amoxicillin, clarithromycin, esomeprazole",EVITER,Efficacy,PharmGKB,var_drug_ann
CYP2D6 poor metabolizers,CYP2D6,dabigatran,ADAPTER_DOSE,Metabolism/PK,PharmGKB,var_drug_ann
CYP2D6 poor metabolizers,CYP2D6,venlafaxine,EVITER,Efficacy,PharmGKB,var_drug_ann
rs4680,COMT,bupropion,EVITER,Efficacy,PharmGKB,var_drug_ann
CYP2D6 intermediate metabolizer phenotype,CYP2D6,aripiprazole,ADAPTER_DOSE,Metabolism/PK,PharmGKB,var_drug_ann
CYP2D6 poor metabolizers and intermediate metabolizers,CYP2D6,"codeine, fentanyl, hydrocodone, hydromorphone, methadone, morphine, oxycodone, tramadol",EVITER,Efficacy,PharmGKB,var_drug_ann
rs1461773,OPRM1,ethanol,EVITER,Efficacy,PharmGKB,var_drug_ann
"CYP2D6*3, CYP2D6*4, CYP2D6*5, CYP2D6*9, CYP2D6*10, CYP2D6*41",CYP2D6,"3,4-methylenedioxymethamphetamine",EVITER,Efficacy,PharmGKB,var_drug_ann
rs3778148,OPRM1,ethanol,EVITER,Efficacy,PharmGKB,var_drug_ann
CYP2C19 normal metabolizer genotype,CYP2C19,"amoxicillin, clarithromycin, lansoprazole",EVITER,Efficacy,PharmGKB,var_drug_ann
CYP2C19 normal metabolizer genotype,CYP2C19,"amoxicillin, clarithromycin, omeprazole",EVITER,Efficacy,PharmGKB,var_drug_ann
rs4516035,VDR,midazolam,ADAPTER_DOSE,Metabolism/PK,PharmGKB,var_drug_ann
"CYP2D6*1, CYP2D6*1xN, CYP2D6*3, CYP2D6*4, CYP2D6*6",CYP2D6,codeine,ADAPTER_DOSE,Metabolism/PK,PharmGKB,var_drug_ann
CYP2D6 poor metabolizer genotype,CYP2D6,oxycodone,ADAPTER_DOSE,Metabolism/PK,PharmGKB,var_drug_ann
CYP2D6 poor metabolizer genotype,CYP2D6,oxymorphone,ADAPTER_DOSE,Metabolism/PK,PharmGKB,var_drug_ann
CYP2D6 poor metabolizer genotype,CYP2D6,noroxymorphone,ADAPTER_DOSE,Metabolism/PK,PharmGKB,var_drug_ann
CYP2D6 poor metabolizer phenotype,CYP2D6,amitriptyline,EVITER,Efficacy,PharmGKB,var_drug_ann
CYP2D6 poor metabolizer phenotype,CYP2D6,tramadol,EVITER,Efficacy,PharmGKB,var_drug_ann
CYP2D6 intermediate metabolizer and normal metabolizer,CYP2D6,tamsulosin,ADAPTER_DOSE,Metabolism/PK,PharmGKB,var_drug_ann
CYP2D6 ultrarapid metabolizer genotype,CYP2D6,noroxycodone,ADAPTER_DOSE,Metabolism/PK,PharmGKB,var_drug_ann
rs4680,COMT,morphine,EVITER,Efficacy,PharmGKB,var_drug_ann
CYP2C19 poor metabolizers,CYP2C19,voriconazole,EVITER,Efficacy,PharmGKB,var_drug_ann
rs4680,COMT,opioids,ADAPTER_DOSE,Dosage,PharmGKB,var_drug_ann
rs1042714,ADRB2,"atenolol, metoprolol",EVITER,Efficacy,PharmGKB,var_drug_ann
"CYP2D6*1, CYP2D6*2xN, CYP2D6*3, CYP2D6*4, CYP2D6*5",CYP2D6,trimipramine,ADAPTER_DOSE,Metabolism/PK,PharmGKB,var_drug_ann
CYP2D6 poor metabolizer genotype,CYP2D6,tamsulosin,EVITER,Efficacy,PharmGKB,var_drug_ann
rs2237895,KCNQ1,gliclazide,EVITER,Efficacy,PharmGKB,var_drug_ann
CYP2C9 normal metabolizers,CYP2C9,warfarin,ADAPTER_DOSE,Dosage,PharmGKB,var_drug_ann
CYP2D6 poor metabolizer genotype,CYP2D6,solanidine,ADAPTER_DOSE,Metabolism/PK,PharmGKB,var_drug_ann
CYP2D6 normal metabolizer genotype,CYP2D6,flecainide,ADAPTER_DOSE,Metabolism/PK,PharmGKB,var_drug_ann
CYP2D6 poor metabolizers,CYP2D6,pridopidine,ADAPTER_DOSE,Metabolism/PK,PharmGKB,var_drug_ann
CYP2D6 ultrarapid metabolizer genotype,CYP2D6,morphine,ADAPTER_DOSE,Metabolism/PK,PharmGKB,var_drug_ann
CYP2C19 poor metabolizers,CYP2C19,rabeprazole,ADAPTER_DOSE,Metabolism/PK,PharmGKB,var_drug_ann
"CYP2C19*2, CYP2C19*3, CYP2C19*17",CYP2C19,bupropion,ADAPTER_DOSE,Metabolism/PK,PharmGKB,var_drug_ann
rs1799971,OPRM1,methadone,EVITER,Efficacy,PharmGKB,var_drug_ann
"CYP2A6*1, CYP2A6*2, CYP2A6*9, CYP2A6*17",CYP2A6,nicotine,ADAPTER_DOSE,Metabolism/PK,PharmGKB,var_drug_ann
"CYP2A6*1, CYP2A6*2, CYP2A6*9, CYP2A6*17",CYP2A6,metronidazole,ADAPTER_DOSE,Metabolism/PK,PharmGKB,var_drug_ann
rs4920037,CBS,arsenic compounds,SURVEILLER,"Toxicity, Metabolism/PK",PharmGKB,var_drug_ann
CYP2D6 ultrarapid metabolizer phenotype,CYP2D6,morphine,SURVEILLER,"Dosage, Efficacy",PharmGKB,var_drug_ann
CYP2D6 poor metabolizers,CYP2D6,codeine,ADAPTER_DOSE,Metabolism/PK,PharmGKB,var_drug_ann
CYP2C19 poor metabolizers,CYP2C19,clomipramine,ADAPTER_DOSE,Metabolism/PK,PharmGKB,var_drug_ann
CYP2D6 poor metabolizers and intermediate metabolizers,CYP2D6,o-desmethyltramadol,ADAPTER_DOSE,Metabolism/PK,PharmGKB,var_drug_ann
CYP2D6 ultrarapid metabolizer genotype,CYP2D6,s-methadone,ADAPTER_DOSE,Metabolism/PK,PharmGKB,var_drug_ann
CYP2C19 poor metabolizer and intermediate metabolizer genotypes,CYP2C19,voriconazole,EVITER,Efficacy,PharmGKB,var_drug_ann
"CYP2D6*1, CYP2D6*3, CYP2D6*4, CYP2D6*6, CYP2D6*9",CYP2D6,tramadol,ADAPTER_DOSE,Metabolism/PK,PharmGKB,var_drug_ann
rs3761548,FOXP3,methotrexate,SURVEILLER,Other,PharmGKB,var_drug_ann
rs1042713,ADRB2,"atenolol, metoprolol",EVITER,Efficacy,PharmGKB,var_drug_ann
CYP2D6 poor metabolizers and intermediate metabolizers,CYP2D6,n-desmethyltramadol,ADAPTER_DOSE,Metabolism/PK,PharmGKB,var_drug_ann
CYP2D6 poor metabolizers,CYP2D6,"4-hydroxytamoxifen, endoxifen",ADAPTER_DOSE,Metabolism/PK,PharmGKB,var_drug_ann
rs11598702,NT5C2,gemcitabine,ADAPTER_DOSE,Metabolism/PK,PharmGKB,var_drug_ann
rs1048977,CDA,gemcitabine,ADAPTER_DOSE,Metabolism/PK,PharmGKB,var_drug_ann
CYP2C19 poor metabolizers,CYP2C19,omeprazole,ADAPTER_DOSE,Metabolism/PK,PharmGKB,var_drug_ann
"CYP2D6*1, CYP2D6*2, CYP2D6*4, CYP2D6*5, CYP2D6*6, CYP2D6*9, CYP2D6*17, CYP2D6*41",CYP2D6,oxymorphone,ADAPTER_DOSE,Metabolism/PK,PharmGKB,var_drug_ann
rs7202877,"CTRB1, CTRB2",dipeptidyl peptidase 4 (dpp-4) inhibitors,EVITER,Efficacy,PharmGKB,var_drug_ann
CYP2C19 poor metabolizer and intermediate metabolizer genotypes,CYP2C19,"lansoprazole, omeprazole",EVITER,Efficacy,PharmGKB,var_drug_ann
CYP2C9 poor metabolizers,CYP2C9,olanzapine,ADAPTER_DOSE,Metabolism/PK,PharmGKB,var_drug_ann
CYP2D6 poor metabolizers and intermediate metabolizers,CYP2D6,endoxifen,ADAPTER_DOSE,Metabolism/PK,PharmGKB,var_drug_ann
rs234709,CBS,arsenic compounds,SURVEILLER,"Toxicity, Metabolism/PK",PharmGKB,var_drug_ann
"CYP2A6*1, CYP2A6*2, CYP2A6*9, CYP2A6*10",CYP2A6,"3-hydroxycotinine, 3-hydroxycotinine glucuronide",ADAPTER_DOSE,Metabolism/PK,PharmGKB,var_drug_ann
CYP2D6 ultrarapid metabolizer phenotype,CYP2D6,risperidone,ADAPTER_DOSE,Metabolism/PK,PharmGKB,var_drug_ann
CYP2D6 poor metabolizers,CYP2D6,risperidone,ADAPTER_DOSE,Metabolism/PK,PharmGKB,var_drug_ann
rs2239179,VDR,selective beta-2-adrenoreceptor agonists,EVITER,Efficacy,PharmGKB,var_drug_ann
rs1540339,VDR,selective beta-2-adrenoreceptor agonists,EVITER,Efficacy,PharmGKB,var_drug_ann
CYP2C9 poor metabolizers,CYP2C9,endoxifen,ADAPTER_DOSE,Metabolism/PK,PharmGKB,var_drug_ann
rs12248560,CYP2C19,clopidogrel,SURVEILLER,"Dosage, Efficacy",PharmGKB,var_drug_ann
"CYP2C19*1, CYP2C19*2",CYP2C19,carisoprodol,ADAPTER_DOSE,Metabolism/PK,PharmGKB,var_drug_ann
CYP2C19 poor metabolizers,CYP2C19,lansoprazole,ADAPTER_DOSE,Metabolism/PK,PharmGKB,var_drug_ann
rs3765467,GLP1R,"gemigliptin, linagliptin, saxagliptin, sitagliptin, vildagliptin",EVITER,Efficacy,PharmGKB,var_drug_ann
rs1045642,ABCB1,methadone,ADAPTER_DOSE,Metabolism/PK,PharmGKB,var_drug_ann
"CYP3A5*1, CYP3A5*3, CYP3A5*6",CYP3A5,fentanyl,ADAPTER_DOSE,Metabolism/PK,PharmGKB,var_drug_ann
CYP2C9 intermediate metabolizers,CYP2C9,gliclazide,ADAPTER_DOSE,Metabolism/PK,PharmGKB,var_drug_ann
CYP2D6 poor metabolizer and intermediate metabolizer genotypes,CYP2D6,n-desalkylquetiapine,ADAPTER_DOSE,Metabolism/PK,PharmGKB,var_drug_ann
CYP2C19 intermediate metabolizers,CYP2C19,voriconazole,ADAPTER_DOSE,Metabolism/PK,PharmGKB,var_drug_ann
"CYP2D6*1, CYP2D6*2xN",CYP2D6,tropisetron,ADAPTER_DOSE,Metabolism/PK,PharmGKB,var_drug_ann
"CYP2C19*1, CYP2C19*2, CYP2C19*3",CYP2C19,"citalopram, escitalopram",ADAPTER_DOSE,Metabolism/PK,PharmGKB,var_drug_ann
rs2153628,CYP2C9,indomethacin,EVITER,Efficacy,PharmGKB,var_drug_ann
rs2072671,CDA,gemcitabine,ADAPTER_DOSE,Metabolism/PK,PharmGKB,var_drug_ann
CYP3A5 poor metabolizer genotype,CYP3A5,tacrolimus,ADAPTER_DOSE,Metabolism/PK,PharmGKB,var_drug_ann
rs25531,SLC6A4,venlafaxine,EVITER,Efficacy,PharmGKB,var_drug_ann
rs2239128,CACNA1C,nimodipine,EVITER,Efficacy,PharmGKB,var_drug_ann
CYP2D6 intermediate metabolizers,CYP2D6,endoxifen,ADAPTER_DOSE,Metabolism/PK,PharmGKB,var_drug_ann
rs2239050,CACNA1C,nimodipine,EVITER,Efficacy,PharmGKB,var_drug_ann
rs3810651,GABRQ,venlafaxine,EVITER,Efficacy,PharmGKB,var_drug_ann
CYP2D6 normal metabolizers,CYP2D6,metoprolol,ADAPTER_DOSE,Metabolism/PK,PharmGKB,var_drug_ann
rs80143932,DCK,"cytarabine, idarubicin",EVITER,Efficacy,PharmGKB,var_drug_ann
CYP2D6 ultrarapid metabolizer,CYP2D6,"fentanyl, hydromorphone, opioids, oxycodone, tramadol",ADAPTER_DOSE,Dosage,PharmGKB,var_drug_ann
"UGT1A3*1, UGT1A3*2",UGT1A3,"2-hydroxyatorvastatin, 4-hydroxyatorvastatin, atorvastatin",ADAPTER_DOSE,Metabolism/PK,PharmGKB,var_drug_ann
"SLC6A4 HTTLPR long form (L allele), SLC6A4 HTTLPR short form (S allele)",SLC6A4,"clozapine, n-desmethylclozapine",ADAPTER_DOSE,Metabolism/PK,PharmGKB,var_drug_ann
CYP2D6 poor metabolizer,CYP2D6,ibogaine,ADAPTER_DOSE,Metabolism/PK,PharmGKB,var_drug_ann
"CYP3A4*1, CYP3A4*2, CYP3A4*22",CYP3A4,"atorvastatin, atorvastatin lactone",ADAPTER_DOSE,Metabolism/PK,PharmGKB,var_drug_ann
CYP2D6*10,CYP2D6,atomoxetine,ADAPTER_DOSE,Metabolism/PK,PharmGKB,var_drug_ann
CYP2D6 poor metabolizer,CYP2D6,"amphetamine, lisdexamfetamine",EVITER,Efficacy,PharmGKB,var_drug_ann
rs502434,GRIA3,"selective serotonin reuptake inhibitors, venlafaxine",EVITER,Efficacy,PharmGKB,var_drug_ann
"CYP2A6*1, CYP2A6*41",CYP2A6,nicotine,ADAPTER_DOSE,Metabolism/PK,PharmGKB,var_drug_ann
"CYP2A6*1, CYP2A6*39",CYP2A6,nicotine,ADAPTER_DOSE,Metabolism/PK,PharmGKB,var_drug_ann
HLA-DQA1*05,HLA-DQA1,tumor necrosis factor alpha (tnf-alpha) inhibitors,EVITER,Efficacy,PharmGKB,var_drug_ann
"CYP2D6*1, CYP2D6*10, CYP2D6*87, CYP2D6*95, CYP2D6*97",CYP2D6,metoprolol,ADAPTER_DOSE,Metabolism/PK,PharmGKB,var_drug_ann
"CYP3A4*1, CYP3A4*22",CYP3A4,"1-hydroxymidazolam, midazolam",ADAPTER_DOSE,Metabolism/PK,PharmGKB,var_drug_ann
rs3761554,GRIA3,"selective serotonin reuptake inhibitors, venlafaxine",EVITER,Efficacy,PharmGKB,var_drug_ann
rs339097,CALU,warfarin,ADAPTER_DOSE,Dosage,PharmGKB,var_drug_ann
NAT2 intermediate acetylator,NAT2,isoniazid,ADAPTER_DOSE,Metabolism/PK,PharmGKB,var_drug_ann
"CYP2B6*1, CYP2B6*6, CYP2B6*18",CYP2B6,dihydroartemisinin,ADAPTER_DOSE,Metabolism/PK,PharmGKB,var_drug_ann
"CYP3A5*1, CYP3A5*3, CYP3A5*6",CYP3A5,desbutyl lumefantrine,ADAPTER_DOSE,Metabolism/PK,PharmGKB,var_drug_ann
"CYP2D6*1, CYP2D6*2",CYP2D6,sertraline,ADAPTER_DOSE,Metabolism/PK,PharmGKB,var_drug_ann
"CYP2C19*1, CYP2C19*2, CYP2C19*17",CYP2C19,sertraline,ADAPTER_DOSE,Metabolism/PK,PharmGKB,var_drug_ann
rs3740066,ABCC2,tacrolimus,ADAPTER_DOSE,Metabolism/PK,PharmGKB,var_drug_ann
CYP2B6 poor metabolizer,CYP2B6,levonorgestrel,ADAPTER_DOSE,Metabolism/PK,PharmGKB,var_drug_ann
rs3761555,GRIA3,"selective serotonin reuptake inhibitors, venlafaxine",EVITER,Efficacy,PharmGKB,var_drug_ann
rs310279,NKX2-6,warfarin,ADAPTER_DOSE,Dosage,PharmGKB,var_drug_ann
rs2306744,DCK,"cytarabine, idarubicin",EVITER,Efficacy,PharmGKB,var_drug_ann
rs7997012,HTR2A,venlafaxine,EVITER,Efficacy,PharmGKB,var_drug_ann
rs6166,FSHR,"follitropin beta, urofollitropin",ADAPTER_DOSE,Dosage,PharmGKB,var_drug_ann
CYP2D6 ultrarapid metabolizer,CYP2D6,paroxetine,ADAPTER_DOSE,Metabolism/PK,PharmGKB,var_drug_ann
"CYP2C19*1, CYP2C19*2, CYP2C19*17",CYP2C19,warfarin,ADAPTER_DOSE,Metabolism/PK,PharmGKB,var_drug_ann
"CYP2C19*1, CYP2C19*2, CYP2C19*4, CYP2C19*8, CYP2C19*11",CYP2C19,atorvastatin,EVITER,Efficacy,PharmGKB,var_drug_ann
rs9597,UBE2I,"cisplatin, irinotecan",EVITER,Efficacy,PharmGKB,var_drug_ann
rs4386623,FRAS1,warfarin,ADAPTER_DOSE,Dosage,PharmGKB,var_drug_ann
rs1890109,FAM201A,warfarin,ADAPTER_DOSE,Dosage,PharmGKB,var_drug_ann
rs3812718,SCN1A,valproic acid,EVITER,Efficacy,PharmGKB,var_drug_ann
rs6277,DRD2,nicotine,EVITER,Efficacy,PharmGKB,var_drug_ann
rs776746,CYP3A5,"apixaban, dabigatran, edoxaban, rivaroxaban",ADAPTER_DOSE,Metabolism/PK,PharmGKB,var_drug_ann
"SLC6A4 HTTLPR long form (L allele), SLC6A4 HTTLPR short form (S allele)",SLC6A4,bupropion,EVITER,Efficacy,PharmGKB,var_drug_ann
"CYP2C9*1, CYP2C9*5, CYP2C9*6",CYP2C9,losartan,ADAPTER_DOSE,Metabolism/PK,PharmGKB,var_drug_ann
rs648007,OPRM1,ethanol,EVITER,Efficacy,PharmGKB,var_drug_ann
"CYP2C19*1, CYP2C19*2, CYP2C19*3",CYP2C19,"famotidine, omeprazole",EVITER,Efficacy,PharmGKB,var_drug_ann
"CYP2C19*1, CYP2C19*2, CYP2C19*3",CYP2C19,esomeprazole,ADAPTER_DOSE,Metabolism/PK,PharmGKB,var_drug_ann
rs1799853,CYP2C9,warfarin,ADAPTER_DOSE,Dosage,PharmGKB,var_drug_ann
rs2337980,CHRNA7,nicotine,EVITER,Efficacy,PharmGKB,var_drug_ann
rs1799732,DRD2,bupropion,EVITER,Efficacy,PharmGKB,var_drug_ann
"CYP3A4*1, CYP3A4*22",CYP3A4,quetiapine,ADAPTER_DOSE,Metabolism/PK,PharmGKB,var_drug_ann
rs1131873,EPHX1,warfarin,ADAPTER_DOSE,Dosage,PharmGKB,var_drug_ann
rs8192675,SLC2A2,metformin,EVITER,Efficacy,PharmGKB,var_drug_ann
rs28371686,CYP2C9,warfarin,ADAPTER_DOSE,Dosage,PharmGKB,var_drug_ann
rs28371685,CYP2C9,warfarin,ADAPTER_DOSE,Dosage,PharmGKB,var_drug_ann
rs3892097,CYP2D6,duloxetine,EVITER,Efficacy,PharmGKB,var_drug_ann
rs9332131,CYP2C9,warfarin,ADAPTER_DOSE,Dosage,PharmGKB,var_drug_ann
rs4671393,BCL11A,hydroxyurea,EVITER,Efficacy,PharmGKB,var_drug_ann
rs7900194,CYP2C9,warfarin,ADAPTER_DOSE,Dosage,PharmGKB,var_drug_ann
rs36217263,KL,beta blocking agents,EVITER,Efficacy,PharmGKB,var_drug_ann
rs12806698,RRM1,gemcitabine,EVITER,Efficacy,PharmGKB,var_drug_ann
rs57098334,SLC6A4,"fluoxetine, sertraline",EVITER,Efficacy,PharmGKB,var_drug_ann
rs8075924,ACE,bupropion,EVITER,Efficacy,PharmGKB,var_drug_ann
rs7438284,UGT2B7,"lorazepam, valproic acid",EVITER,Efficacy,PharmGKB,var_drug_ann
rs7439366,UGT2B7,"lorazepam, valproic acid",EVITER,Efficacy,PharmGKB,var_drug_ann
"CYP3A4*1, CYP3A4*22",CYP3A4,sunitinib,ADAPTER_DOSE,Metabolism/PK,PharmGKB,var_drug_ann
rs3735451,CYP3A4,hydroxychloroquine,ADAPTER_DOSE,Metabolism/PK,PharmGKB,var_drug_ann
rs25487,XRCC1,fluorouracil,EVITER,Efficacy,PharmGKB,var_drug_ann
rs11030918,RRM1,gemcitabine,EVITER,Efficacy,PharmGKB,var_drug_ann
rs3212207,HNF4A,rosuvastatin,ADAPTER_DOSE,Metabolism/PK,PharmGKB,var_drug_ann
CYP2D6 intermediate metabolizer phenotype,CYP2D6,risperidone,ADAPTER_DOSE,Metabolism/PK,PharmGKB,var_drug_ann
rs8187710,ABCC2,rosuvastatin,ADAPTER_DOSE,Metabolism/PK,PharmGKB,var_drug_ann
rs35599367,CYP3A4,cyclosporine,ADAPTER_DOSE,Metabolism/PK,PharmGKB,var_drug_ann
"CYP2D6*1, CYP2D6*4, CYP2D6*10",CYP2D6,fluoxetine,ADAPTER_DOSE,Metabolism/PK,PharmGKB,var_drug_ann
rs3734254,PPARD,"docetaxel, thalidomide",EVITER,Efficacy,PharmGKB,var_drug_ann
rs17117817,OR10P1,"atenolol, metoprolol",SURVEILLER,PD,PharmGKB,var_drug_ann
"CYP2D6*1, CYP2D6*5, CYP2D6*10, CYP2D6*41",CYP2D6,aripiprazole,ADAPTER_DOSE,Metabolism/PK,PharmGKB,var_drug_ann
"CYP2D6*1, CYP2D6*1x2, CYP2D6*3, CYP2D6*4",CYP2D6,aripiprazole,ADAPTER_DOSE,Metabolism/PK,PharmGKB,var_drug_ann
rs12806698,RRM1,"carboplatin, gemcitabine",EVITER,Efficacy,PharmGKB,var_drug_ann
"CYP2C19*1, CYP2C19*2, CYP2C19*3",CYP2C19,"famotidine, lansoprazole",EVITER,Efficacy,PharmGKB,var_drug_ann
"HLA-DRB1*04:01, HLA-DRB1*04:04, HLA-DRB1*04:05, HLA-DRB1*04:10, HLA-DRB1*10:01",HLA-DRB1,abatacept,EVITER,Efficacy,PharmGKB,var_drug_ann
"CYP2C9*1, CYP2C9*2, CYP2C9*3, CYP2C9*9",CYP2C9,noscapine,ADAPTER_DOSE,Metabolism/PK,PharmGKB,var_drug_ann
rs2364349,SNX9,"atenolol, metoprolol",SURVEILLER,PD,PharmGKB,var_drug_ann
rs10871454,STX4,warfarin,ADAPTER_DOSE,Dosage,PharmGKB,var_drug_ann
rs776746,CYP3A5,"sirolimus, temsirolimus",ADAPTER_DOSE,Metabolism/PK,PharmGKB,var_drug_ann
"CYP3A5*1, CYP3A5*3",CYP3A5,perampanel,SURVEILLER,nan,PharmGKB,var_drug_ann
"DPYD c.295_298delTCAT (*7), DPYD Reference",DPYD,uracil,ADAPTER_DOSE,Metabolism/PK,PharmGKB,var_drug_ann
"DPYD c.2846A>T, DPYD Reference",DPYD,uracil,ADAPTER_DOSE,Metabolism/PK,PharmGKB,var_drug_ann
"DPYD c.1679T>G (*13), DPYD Reference",DPYD,uracil,ADAPTER_DOSE,Metabolism/PK,PharmGKB,var_drug_ann
"DPYD c.1905+1G>A (*2A), DPYD Reference",DPYD,uracil,ADAPTER_DOSE,Metabolism/PK,PharmGKB,var_drug_ann
"CYP2D6*1, CYP2D6*1xN, CYP2D6*2, CYP2D6*2xN, CYP2D6*3, CYP2D6*4, CYP2D6*5, CYP2D6*6, CYP2D6*9, CYP2D6*10, CYP2D6*29, CYP2D6*35, CYP2D6*41",CYP2D6,n-desmethyltamoxifen,ADAPTER_DOSE,Metabolism/PK,PharmGKB,var_drug_ann
"CYP2D6*1, CYP2D6*2, CYP2D6*3, CYP2D6*4, CYP2D6*5, CYP2D6*6, CYP2D6*9, CYP2D6*10, CYP2D6*17, CYP2D6*29, CYP2D6*35, CYP2D6*41",CYP2D6,n-desmethyltamoxifen,ADAPTER_DOSE,Metabolism/PK,PharmGKB,var_drug_ann
CYP3A5*3,CYP3A5,atorvastatin,EVITER,Efficacy,PharmGKB,var_drug_ann
"CYP2D6*1, CYP2D6*10",CYP2D6,n-desmethyltamoxifen,ADAPTER_DOSE,Metabolism/PK,PharmGKB,var_drug_ann
CYP2D6 poor metabolizer,CYP2D6,escitalopram,ADAPTER_DOSE,Metabolism/PK,PharmGKB,var_drug_ann
CYP2D6 intermediate metabolizer,CYP2D6,escitalopram,ADAPTER_DOSE,Metabolism/PK,PharmGKB,var_drug_ann
CYP2B6 poor metabolizer,CYP2B6,efavirenz,ADAPTER_DOSE,Metabolism/PK,PharmGKB,var_drug_ann
HLA-A*03:01,HLA-A,bcr-abl tyrosine kinase inhibitors,EVITER,Efficacy,PharmGKB,var_drug_ann
HLA-A*23:17,HLA-A,bcr-abl tyrosine kinase inhibitors,EVITER,Efficacy,PharmGKB,var_drug_ann
HLA-B*57:03,HLA-B,bcr-abl tyrosine kinase inhibitors,EVITER,Efficacy,PharmGKB,var_drug_ann
"CYP3A5*1, CYP3A5*3, CYP3A5*7",CYP3A5,tacrolimus,ADAPTER_DOSE,Metabolism/PK,PharmGKB,var_drug_ann
"CYP2D6*1, CYP2D6*2, CYP2D6*9, CYP2D6*10, CYP2D6*35, CYP2D6*41",CYP2D6,risperidone,ADAPTER_DOSE,Metabolism/PK,PharmGKB,var_drug_ann
CYP2C19 poor metabolizer,CYP2C19,antidepressants,EVITER,Efficacy,PharmGKB,var_drug_ann
"CYP2B6*1, CYP2B6*6, CYP2B6*18",CYP2B6,methadone,ADAPTER_DOSE,Metabolism/PK,PharmGKB,var_drug_ann
UGT1A4*3b,UGT1A4,lamotrigine,EVITER,Efficacy,PharmGKB,var_drug_ann
rs2016520,PPARD,"docetaxel, thalidomide",EVITER,Efficacy,PharmGKB,var_drug_ann
"CYP2C19*1, CYP2C19*2, CYP2C19*4, CYP2C19*17",CYP2C19,clopidogrel,EVITER,Efficacy,PharmGKB,var_drug_ann
rs1871450,CHST3,"docetaxel, thalidomide",EVITER,Efficacy,PharmGKB,var_drug_ann
"CYP2B6*1, CYP2B6*6",CYP2B6,propofol,EVITER,Toxicity,PharmGKB,var_drug_ann
rs10556657,PDE4D,tildrakizumab,EVITER,Efficacy,PharmGKB,var_drug_ann
rs1045642,ABCB1,"buprenorphine, dihydrocodeine, fentanyl, hydromorphone, methadone, morphine, oxycodone, piritramide, tilidine, tramadol",ADAPTER_DOSE,Dosage,PharmGKB,var_drug_ann
rs1883322,PPARD,"docetaxel, thalidomide",EVITER,Efficacy,PharmGKB,var_drug_ann
CYP2C19 intermediate metabolizer,CYP2C19,phenytoin,ADAPTER_DOSE,Metabolism/PK,PharmGKB,var_drug_ann
CYP2C19 intermediate metabolizer,CYP2C19,valproic acid,ADAPTER_DOSE,Metabolism/PK,PharmGKB,var_drug_ann
CYP3A5 poor metabolizer,CYP3A5,carbamazepine,ADAPTER_DOSE,Metabolism/PK,PharmGKB,var_drug_ann
CYP2C9 intermediate metabolizer,CYP2C9,valproic acid,ADAPTER_DOSE,Metabolism/PK,PharmGKB,var_drug_ann
"UGT1A6*1a, UGT1A6*2a",UGT1A6,valproic acid,ADAPTER_DOSE,Metabolism/PK,PharmGKB,var_drug_ann
CYP2C9 intermediate metabolizer,CYP2C9,phenytoin,ADAPTER_DOSE,Metabolism/PK,PharmGKB,var_drug_ann
rs12418,CHST3,"docetaxel, thalidomide",EVITER,Efficacy,PharmGKB,var_drug_ann
"UGT1A1*1, UGT1A1*28, UGT1A1*60",UGT1A1,"folfiri, irinotecan",ADAPTER_DOSE,Dosage,PharmGKB,var_drug_ann
CYP2D6 intermediate metabolizer,CYP2D6,mirabegron,ADAPTER_DOSE,Metabolism/PK,PharmGKB,var_drug_ann
"TPMT*1, TPMT*8",TPMT,mercaptopurine,ADAPTER_DOSE,Metabolism/PK,PharmGKB,var_drug_ann
"CYP2D6*1, CYP2D6*1x2, CYP2D6*3, CYP2D6*4, CYP2D6*5, CYP2D6*6, CYP2D6*9",CYP2D6,aripiprazole,ADAPTER_DOSE,Metabolism/PK,PharmGKB,var_drug_ann
rs1799971,OPRM1,opioids,ADAPTER_DOSE,Dosage,PharmGKB,var_drug_ann
rs963468,DRD3,duloxetine,EVITER,Efficacy,PharmGKB,var_drug_ann
rs11212617,C11orf65,metformin,EVITER,Efficacy,PharmGKB,var_drug_ann
rs776746,CYP3A5,cyclosporine,SURVEILLER,"Dosage, Metabolism/PK",PharmGKB,var_drug_ann
rs2307424,NR1I3,"efavirenz, nevirapine",EVITER,Efficacy,PharmGKB,var_drug_ann
"CYP3A4*1, CYP3A4*22",CYP3A4,aripiprazole,ADAPTER_DOSE,Metabolism/PK,PharmGKB,var_drug_ann
CYP2D6 poor metabolizer,CYP2D6,"aripiprazole, dehydroaripiprazole",ADAPTER_DOSE,Metabolism/PK,PharmGKB,var_drug_ann
"CYP3A4*1, CYP3A4*22",CYP3A4,pimozide,ADAPTER_DOSE,Metabolism/PK,PharmGKB,var_drug_ann
rs4148943,CHST3,"docetaxel, thalidomide",EVITER,Efficacy,PharmGKB,var_drug_ann
rs4148945,CHST3,"docetaxel, thalidomide",EVITER,Efficacy,PharmGKB,var_drug_ann
rs4148776,ABCB11,glyburide,EVITER,Efficacy,PharmGKB,var_drug_ann
rs7311358,SLCO1B3,imatinib,EVITER,Efficacy,PharmGKB,var_drug_ann
rs4149117,SLCO1B3,imatinib,EVITER,Efficacy,PharmGKB,var_drug_ann
CYP2D6 ultrarapid metabolizer,CYP2D6,fesoterodine,ADAPTER_DOSE,Metabolism/PK,PharmGKB,var_drug_ann
rs1054097,CHST13,glyburide,EVITER,Efficacy,PharmGKB,var_drug_ann
CYP2C19 normal metabolizer,CYP2C19,lacosamide,ADAPTER_DOSE,Metabolism/PK,PharmGKB,var_drug_ann
CYP2D6 intermediate metabolizer,CYP2D6,fesoterodine,ADAPTER_DOSE,Metabolism/PK,PharmGKB,var_drug_ann
rs10509681,CYP2C8,rosiglitazone,SURVEILLER,"Dosage, Metabolism/PK",PharmGKB,var_drug_ann
rs717620,ABCC2,lacosamide,ADAPTER_DOSE,Metabolism/PK,PharmGKB,var_drug_ann
CYP3A4 intermediate metabolizer,CYP3A4,fesoterodine,ADAPTER_DOSE,Metabolism/PK,PharmGKB,var_drug_ann
CYP2D6 normal metabolizer,CYP2D6,clozapine,ADAPTER_DOSE,Dosage,PharmGKB,var_drug_ann
CYP2B6 intermediate metabolizer,CYP2B6,efavirenz,ADAPTER_DOSE,Metabolism/PK,PharmGKB,var_drug_ann
"TPMT*1, TPMT*3A, TPMT*3B, TPMT*3C",TPMT,"thioguanosine diphosphate, thioguanosine monophosphate, thioguanosine triphosphate",ADAPTER_DOSE,Metabolism/PK,PharmGKB,var_drug_ann
CYP2D6 poor metabolizer,CYP2D6,metoprolol,ADAPTER_DOSE,Metabolism/PK,PharmGKB,var_drug_ann
rs2535629,ITIH3,clozapine,EVITER,Efficacy,PharmGKB,var_drug_ann
CYP2A6 low activity,CYP2A6,cotinine,ADAPTER_DOSE,Metabolism/PK,PharmGKB,var_drug_ann
CYP2D6 poor metabolizer,CYP2D6,endoxifen,ADAPTER_DOSE,Metabolism/PK,PharmGKB,var_drug_ann
rs10920573,ADORA1,caffeine,EVITER,Efficacy,PharmGKB,var_drug_ann
"CYP3A5*1, CYP3A5*3",CYP3A5,n-desalkylquetiapine,ADAPTER_DOSE,Metabolism/PK,PharmGKB,var_drug_ann
rs312481,CACNA1D,amlodipine,EVITER,Efficacy,PharmGKB,var_drug_ann
rs17289471,ZHX2,peginterferon alfa-2a,EVITER,Efficacy,PharmGKB,var_drug_ann
CYP2D6 poor metabolizer,CYP2D6,berberine,ADAPTER_DOSE,Metabolism/PK,PharmGKB,var_drug_ann
rs833069,VEGFA,ranibizumab,EVITER,Efficacy,PharmGKB,var_drug_ann
rs4646449,CYP3A5,tacrolimus,ADAPTER_DOSE,Metabolism/PK,PharmGKB,var_drug_ann
CYP2D6 poor metabolizer,CYP2D6,ondansetron,ADAPTER_DOSE,Dosage,PharmGKB,var_drug_ann
rs150929,ABCA3,imatinib,EVITER,Efficacy,PharmGKB,var_drug_ann
rs2301759,"CBARP, STK11",metformin,EVITER,Efficacy,PharmGKB,var_drug_ann
rs3127602,SLC22A3,metformin,EVITER,Efficacy,PharmGKB,var_drug_ann
rs11749180,PRKAA1,metformin,EVITER,Efficacy,PharmGKB,var_drug_ann
rs10234709,SLC29A4,metformin,EVITER,Efficacy,PharmGKB,var_drug_ann
rs4725434,PRKAG2,metformin,EVITER,Efficacy,PharmGKB,var_drug_ann
rs2120274,SLC47A1,metformin,EVITER,Efficacy,PharmGKB,var_drug_ann
rs2301759,STK11,metformin,EVITER,Efficacy,PharmGKB,var_drug_ann
rs4621031,SLC47A2,metformin,EVITER,Efficacy,PharmGKB,var_drug_ann
"CYP3A4*1, CYP3A4*22",CYP3A4,alectinib,ADAPTER_DOSE,Metabolism/PK,PharmGKB,var_drug_ann
rs7903146,TCF7L2,metformin,EVITER,Efficacy,PharmGKB,var_drug_ann
rs3802279,OPRK1,methadone,ADAPTER_DOSE,Dosage,PharmGKB,var_drug_ann
rs41267797,SLC22A1,"n-desmethyltramadol, o-desmethyltramadol",ADAPTER_DOSE,Metabolism/PK,PharmGKB,var_drug_ann
"CYP2D6*1, CYP2D6*2, CYP2D6*4, CYP2D6*5, CYP2D6*6, CYP2D6*10, CYP2D6*17, CYP2D6*29, CYP2D6*41, CYP2D6*45",CYP2D6,"n,n-didesmethyltramadol",ADAPTER_DOSE,Metabolism/PK,PharmGKB,var_drug_ann
rs35717427,IL6R,tocilizumab,EVITER,Efficacy,PharmGKB,var_drug_ann
rs17216317,ABCC2,"n-desmethyltramadol, o-desmethyltramadol",ADAPTER_DOSE,Metabolism/PK,PharmGKB,var_drug_ann
rs6690230,IL6R,tocilizumab,EVITER,Efficacy,PharmGKB,var_drug_ann
rs11265621,IL6R,tocilizumab,EVITER,Efficacy,PharmGKB,var_drug_ann
rs1560011,CLEC2D,tocilizumab,EVITER,Efficacy,PharmGKB,var_drug_ann
rs703505,KCNMB1,tocilizumab,EVITER,Efficacy,PharmGKB,var_drug_ann
rs17809012,CCL11,morphine,EVITER,Efficacy,PharmGKB,var_drug_ann
rs4778889,IL16,morphine,EVITER,Efficacy,PharmGKB,var_drug_ann
rs35235578,SLC22A1,"n-desmethyltramadol, o-desmethyltramadol",ADAPTER_DOSE,Metabolism/PK,PharmGKB,var_drug_ann
rs7169,SLC16A1,valproic acid,EVITER,Efficacy,PharmGKB,var_drug_ann
rs9457841,SLC22A1,"n-desmethyltramadol, o-desmethyltramadol",ADAPTER_DOSE,Metabolism/PK,PharmGKB,var_drug_ann
rs34134157,SLC22A1,"n-desmethyltramadol, o-desmethyltramadol",ADAPTER_DOSE,Metabolism/PK,PharmGKB,var_drug_ann
rs3742106,ABCC4,tenofovir,EVITER,Toxicity,PharmGKB,var_drug_ann
"CYP2E1*1, CYP2E1*5B",CYP2E1,acetaminophen sulfate,ADAPTER_DOSE,Metabolism/PK,PharmGKB,var_drug_ann
rs58572178,ABCC1,fentanyl,ADAPTER_DOSE,Metabolism/PK,PharmGKB,var_drug_ann
"CYP2C19*2, CYP2C19*17",CYP2C19,voriconazole,ADAPTER_DOSE,Dosage,PharmGKB,var_drug_ann
ABCG2 poor metabolizer,ABCG2,rosuvastatin,ADAPTER_DOSE,Metabolism/PK,PharmGKB,var_drug_ann
NAT2 slow acetylator,NAT2,rosuvastatin,ADAPTER_DOSE,Metabolism/PK,PharmGKB,var_drug_ann
TPMT intermediate metabolizer,TPMT,rosuvastatin,ADAPTER_DOSE,Metabolism/PK,PharmGKB,var_drug_ann
rs20572,CBR1,doxorubicin,ADAPTER_DOSE,Metabolism/PK,PharmGKB,var_drug_ann
rs34231037,KDR,sunitinib,EVITER,Efficacy,PharmGKB,var_drug_ann
rs163184,KCNQ1,"gliclazide, glimepiride, glipizide, glyburide",EVITER,Efficacy,PharmGKB,var_drug_ann
SLCO1B1 low activity,SLCO1B1,ramipril,ADAPTER_DOSE,Metabolism/PK,PharmGKB,var_drug_ann
ABCG2 poor metabolizer,ABCG2,ramipril,ADAPTER_DOSE,Metabolism/PK,PharmGKB,var_drug_ann
rs324026,DRD3,duloxetine,EVITER,Efficacy,PharmGKB,var_drug_ann
rs2299014,RAD50,"cytarabine, daunorubicin",EVITER,Efficacy,PharmGKB,var_drug_ann
rs1751034,ABCC4,tenofovir,EVITER,Toxicity,PharmGKB,var_drug_ann
rs324023,DRD3,duloxetine,EVITER,Efficacy,PharmGKB,var_drug_ann
rs1523127,NR1I2,"efavirenz, nevirapine",EVITER,Efficacy,PharmGKB,var_drug_ann
ABCG8 deficiency,ABCG8,ezetimibe,EVITER,Efficacy,PharmGKB,var_drug_ann
ABCG5 deficiency,ABCG5,ezetimibe,EVITER,Efficacy,PharmGKB,var_drug_ann
rs167770,DRD3,duloxetine,EVITER,Efficacy,PharmGKB,var_drug_ann
"CYP2D6*10, CYP2D6*41",CYP2D6,tamsulosin,EVITER,Efficacy,PharmGKB,var_drug_ann
rs7482144,HBG2,hydroxyurea,EVITER,Efficacy,PharmGKB,var_drug_ann
rs766432,BCL11A,hydroxyurea,EVITER,Efficacy,PharmGKB,var_drug_ann
rs1801133,MTHFR,"fluorouracil, leucovorin, oxaliplatin",EVITER,Efficacy,PharmGKB,var_drug_ann
rs121917953,SCN1A,antiepileptics,EVITER,Efficacy,PharmGKB,var_drug_ann
rs1800956,ENG,methotrexate,ADAPTER_DOSE,Metabolism/PK,PharmGKB,var_drug_ann
rs16954698,PKD1L2,methotrexate,ADAPTER_DOSE,Metabolism/PK,PharmGKB,var_drug_ann
NAT2 slow acetylator,NAT2,pregabalin,ADAPTER_DOSE,Metabolism/PK,PharmGKB,var_drug_ann
CYP2C9 poor metabolizer,CYP2C9,pitavastatin,ADAPTER_DOSE,Metabolism/PK,PharmGKB,var_drug_ann
rs3003596,NR1I3,"efavirenz, nevirapine",EVITER,Efficacy,PharmGKB,var_drug_ann
rs4713916,FKBP5,antidepressants,EVITER,Efficacy,PharmGKB,var_drug_ann
"CYP2D6*1, CYP2D6*2, CYP2D6*10",CYP2D6,endoxifen,ADAPTER_DOSE,Metabolism/PK,PharmGKB,var_drug_ann
CYP2D6 normal metabolizer,CYP2D6,endoxifen,ADAPTER_DOSE,Metabolism/PK,PharmGKB,var_drug_ann
rs202102799,CYP2D6,clozapine,ADAPTER_DOSE,Metabolism/PK,PharmGKB,var_drug_ann
rs28371726,CYP2D6,clozapine,ADAPTER_DOSE,Metabolism/PK,PharmGKB,var_drug_ann
"CYP2C19*1, CYP2C19*2",CYP2C19,"clozapine, n-desmethylclozapine",ADAPTER_DOSE,Metabolism/PK,PharmGKB,var_drug_ann
rs762502,DRD4,clozapine,EVITER,Efficacy,PharmGKB,var_drug_ann
rs776746,CYP3A5,nifedipine,ADAPTER_DOSE,Metabolism/PK,PharmGKB,var_drug_ann
rs2133251840,DRD4,clozapine,EVITER,Efficacy,PharmGKB,var_drug_ann
CYP1A2 ultrarapid metabolizer,CYP1A2,"clozapine, n-desmethylclozapine",ADAPTER_DOSE,Metabolism/PK,PharmGKB,var_drug_ann
rs1416406,SORCS1,exenatide,EVITER,Efficacy,PharmGKB,var_drug_ann
rs2285676,KCNJ11,"linagliptin, sitagliptin, vildagliptin",EVITER,Efficacy,PharmGKB,var_drug_ann
rs57803087,PRKD1,"linagliptin, saxagliptin, sitagliptin, vildagliptin",EVITER,Efficacy,PharmGKB,var_drug_ann
rs2461817,NR1I2,midazolam,ADAPTER_DOSE,Metabolism/PK,PharmGKB,var_drug_ann
CYP2D6 intermediate metabolizer,CYP2D6,"methadone, r-eddp, s-eddp",ADAPTER_DOSE,Metabolism/PK,PharmGKB,var_drug_ann
rs1801131,MTHFR,"fluorouracil, leucovorin, oxaliplatin",EVITER,Efficacy,PharmGKB,var_drug_ann
rs116855232,NUDT15,azathioprine,ADAPTER_DOSE,Dosage,PharmGKB,var_drug_ann
rs7412,APOE,warfarin,ADAPTER_DOSE,Dosage,PharmGKB,var_drug_ann
rs2282143,SLC22A1,metformin,ADAPTER_DOSE,Metabolism/PK,PharmGKB,var_drug_ann
rs316019,SLC22A2,metformin,ADAPTER_DOSE,Metabolism/PK,PharmGKB,var_drug_ann
rs1042713,ADRB2,methacholine,EVITER,Efficacy,PharmGKB,var_drug_ann
rs3814055,NR1I2,temsirolimus,ADAPTER_DOSE,Metabolism/PK,PharmGKB,var_drug_ann
rs2032582,ABCB1,temsirolimus,ADAPTER_DOSE,Metabolism/PK,PharmGKB,var_drug_ann
rs15524,CYP3A5,tacrolimus,ADAPTER_DOSE,Dosage,PharmGKB,var_drug_ann
rs12333983,CYP3A4,tacrolimus,ADAPTER_DOSE,Dosage,PharmGKB,var_drug_ann
rs45545233,SLC4A1,"atenolol, metoprolol",EVITER,Efficacy,PharmGKB,var_drug_ann
rs3794271,SLCO1C1,tumor necrosis factor alpha (tnf-alpha) inhibitors,EVITER,Efficacy,PharmGKB,var_drug_ann
rs56038477,DPYD,"capecitabine, fluorouracil",ADAPTER_DOSE,Dosage,PharmGKB,var_drug_ann
rs7975,"GSTZ1, POMT2",dichloroacetic acid,SURVEILLER,"Other, Metabolism/PK",PharmGKB,var_drug_ann
rs1046428,"GSTZ1, POMT2",dichloroacetic acid,SURVEILLER,"Other, Metabolism/PK",PharmGKB,var_drug_ann
rs7972,"GSTZ1, POMT2",dichloroacetic acid,SURVEILLER,"Other, Metabolism/PK",PharmGKB,var_drug_ann
rs2032582,ABCB1,sunitinib,EVITER,Efficacy,PharmGKB,var_drug_ann
rs1128503,ABCB1,methadone,ADAPTER_DOSE,Dosage,PharmGKB,var_drug_ann
rs12979860,"IFNL3, IFNL4","peginterferon alfa-2a, peginterferon alfa-2b, ribavirin",EVITER,Efficacy,PharmGKB,var_drug_ann
rs12720461,CYP1A2,caffeine,ADAPTER_DOSE,Metabolism/PK,PharmGKB,var_drug_ann
rs553202,OPRM1,ethanol,EVITER,Efficacy,PharmGKB,var_drug_ann
rs524731,OPRM1,ethanol,EVITER,Efficacy,PharmGKB,var_drug_ann
rs3852209,HINT1,nicotine,EVITER,Efficacy,PharmGKB,var_drug_ann
rs1611115,DBH,levodopa,EVITER,Efficacy,PharmGKB,var_drug_ann
rs2069514,CYP1A2,quetiapine,ADAPTER_DOSE,Metabolism/PK,PharmGKB,var_drug_ann
rs4680,COMT,venlafaxine,EVITER,Efficacy,PharmGKB,var_drug_ann
rs35305980,OR2B11,axitinib,ADAPTER_DOSE,Metabolism/PK,PharmGKB,var_drug_ann
rs5219,KCNJ11,"sulfonamides, urea derivatives",EVITER,Efficacy,PharmGKB,var_drug_ann
rs757110,ABCC8,"sulfonamides, urea derivatives",EVITER,Efficacy,PharmGKB,var_drug_ann
rs9394992,SLC29A1,"tipiracil hydrochloride, trifluridine",EVITER,Efficacy,PharmGKB,var_drug_ann
rs3832043,"UGT1A10, UGT1A8, UGT1A9",axitinib,ADAPTER_DOSE,Metabolism/PK,PharmGKB,var_drug_ann
rs17868323,UGT1A7,axitinib,ADAPTER_DOSE,Metabolism/PK,PharmGKB,var_drug_ann
rs3813928,HTR2C,risperidone,EVITER,Efficacy,PharmGKB,var_drug_ann
rs1532268,MTRR,methotrexate,ADAPTER_DOSE,Metabolism/PK,PharmGKB,var_drug_ann
rs6311,HTR2A,risperidone,EVITER,Efficacy,PharmGKB,var_drug_ann
rs1045642,ABCB1,axitinib,ADAPTER_DOSE,Metabolism/PK,PharmGKB,var_drug_ann
rs6269,COMT,butorphanol,EVITER,Efficacy,PharmGKB,var_drug_ann
rs2231142,ABCG2,axitinib,ADAPTER_DOSE,Metabolism/PK,PharmGKB,var_drug_ann
rs2032582,ABCB1,axitinib,ADAPTER_DOSE,Metabolism/PK,PharmGKB,var_drug_ann
rs4244285,CYP2C19,voriconazole,ADAPTER_DOSE,Metabolism/PK,PharmGKB,var_drug_ann
rs121434568,EGFR,erlotinib,EVITER,Efficacy,PharmGKB,var_drug_ann
rs1045642,ABCB1,methotrexate,EVITER,Efficacy,PharmGKB,var_drug_ann
rs3734703,SLC29A1,cytarabine,EVITER,Efficacy,PharmGKB,var_drug_ann
rs4633,COMT,butorphanol,EVITER,Efficacy,PharmGKB,var_drug_ann
rs1045642,ABCB1,sunitinib,ADAPTER_DOSE,Metabolism/PK,PharmGKB,var_drug_ann
rs3832043,UGT1A9,sn-38,ADAPTER_DOSE,Dosage,PharmGKB,var_drug_ann
rs2279345,CYP2B6,efavirenz,ADAPTER_DOSE,Metabolism/PK,PharmGKB,var_drug_ann
rs1128503,ABCB1,risperidone,EVITER,Efficacy,PharmGKB,var_drug_ann
rs1876828,CRHR1,glucocorticoids,EVITER,Efficacy,PharmGKB,var_drug_ann
rs11580409,ERICH3,antidepressants,EVITER,Efficacy,PharmGKB,var_drug_ann
rs4149056,SLCO1B1,sn-38,ADAPTER_DOSE,Dosage,PharmGKB,var_drug_ann
rs2740574,CYP3A4,s-methadone,ADAPTER_DOSE,Metabolism/PK,PharmGKB,var_drug_ann
rs4986893,CYP2C19,voriconazole,ADAPTER_DOSE,Metabolism/PK,PharmGKB,var_drug_ann
rs2284411,GRIN2B,methylphenidate,EVITER,Efficacy,PharmGKB,var_drug_ann
rs2740574,CYP3A4,fentanyl,ADAPTER_DOSE,Metabolism/PK,PharmGKB,var_drug_ann
rs7793837,CRHR2,"salbutamol, selective beta-2-adrenoreceptor agonists",EVITER,Efficacy,PharmGKB,var_drug_ann
rs2230806,ABCA1,"atorvastatin, rosuvastatin, simvastatin",EVITER,Efficacy,PharmGKB,var_drug_ann
rs3892097,CYP2D6,"atorvastatin, rosuvastatin, simvastatin",EVITER,Efficacy,PharmGKB,var_drug_ann
rs2739258,CACNA1B,"nicardipine, nimodipine",EVITER,Efficacy,PharmGKB,var_drug_ann
rs1801131,MTHFR,methotrexate,EVITER,Efficacy,PharmGKB,var_drug_ann
rs662799,APOA5,simvastatin,EVITER,Efficacy,PharmGKB,var_drug_ann
rs1367117,APOB,irbesartan,SURVEILLER,"Efficacy, Metabolism/PK",PharmGKB,var_drug_ann
rs662799,APOA5,atorvastatin,EVITER,Efficacy,PharmGKB,var_drug_ann
rs28399433,CYP2A6,efavirenz,ADAPTER_DOSE,Metabolism/PK,PharmGKB,var_drug_ann
rs2229437,PRCP,benazepril,EVITER,Efficacy,PharmGKB,var_drug_ann
rs28365062,UGT2B7,efavirenz,ADAPTER_DOSE,Metabolism/PK,PharmGKB,var_drug_ann
rs2279343,CYP2B6,"efavirenz, lamivudine, tenofovir",EVITER,Efficacy,PharmGKB,var_drug_ann
rs1045642,ABCB1,clopidogrel,SURVEILLER,"Efficacy, Other",PharmGKB,var_drug_ann
rs11568820,VDR,midazolam,ADAPTER_DOSE,Metabolism/PK,PharmGKB,var_drug_ann
rs3742879,ARG2,methyldopa,EVITER,Efficacy,PharmGKB,var_drug_ann
rs1801133,MTHFR,fluorouracil,EVITER,Efficacy,PharmGKB,var_drug_ann
rs10509681,CYP2C8,repaglinide,SURVEILLER,"Dosage, Metabolism/PK",PharmGKB,var_drug_ann
rs11572080,CYP2C8,repaglinide,SURVEILLER,"Dosage, Metabolism/PK",PharmGKB,var_drug_ann
rs1128503,ABCB1,aripiprazole,ADAPTER_DOSE,Metabolism/PK,PharmGKB,var_drug_ann
rs12248560,CYP2C19,omeprazole,SURVEILLER,"Dosage, Metabolism/PK",PharmGKB,var_drug_ann
rs12248560,CYP2C19,mephenytoin,SURVEILLER,"Dosage, Metabolism/PK",PharmGKB,var_drug_ann
rs11188072,CYP2C19,omeprazole,SURVEILLER,"Dosage, Metabolism/PK",PharmGKB,var_drug_ann
rs11188072,CYP2C19,mephenytoin,SURVEILLER,"Dosage, Metabolism/PK",PharmGKB,var_drug_ann
rs3211371,CYP2B6,methadone,ADAPTER_DOSE,Metabolism/PK,PharmGKB,var_drug_ann
rs4149056,SLCO1B1,"mercaptopurine, methotrexate",ADAPTER_DOSE,Dosage,PharmGKB,var_drug_ann
rs1044457,CMPK1,gemcitabine,EVITER,Efficacy,PharmGKB,var_drug_ann
rs1800035,ADRA2A,dexmedetomidine,EVITER,Efficacy,PharmGKB,var_drug_ann
rs3024498,IL10,"budesonide, fluticasone / salmeterol, formoterol, omalizumab",EVITER,Efficacy,PharmGKB,var_drug_ann
rs775887911,ADRA2A,dexmedetomidine,EVITER,Efficacy,PharmGKB,var_drug_ann
rs201376588,ADRA2A,dexmedetomidine,EVITER,Efficacy,PharmGKB,var_drug_ann
rs35687416,CMPK1,gemcitabine,EVITER,Efficacy,PharmGKB,var_drug_ann
rs12507552,DCTD,gemcitabine,EVITER,Efficacy,PharmGKB,var_drug_ann
rs662799,APOA5,rosuvastatin,EVITER,Efficacy,PharmGKB,var_drug_ann
rs274713,TENT4A,gemcitabine,EVITER,Efficacy,PharmGKB,var_drug_ann
rs1544105,FPGS,methotrexate,EVITER,Efficacy,PharmGKB,var_drug_ann
rs992160,CDC5L,gemcitabine,EVITER,Efficacy,PharmGKB,var_drug_ann
rs2853539,TYMS,methotrexate,EVITER,Efficacy,PharmGKB,var_drug_ann
rs662799,APOA5,"atorvastatin, rosuvastatin, simvastatin",SURVEILLER,Other,PharmGKB,var_drug_ann
rs3819024,IL17A,"budesonide, fluticasone / salmeterol, formoterol, omalizumab",EVITER,Efficacy,PharmGKB,var_drug_ann
rs10916852,SH2D5,gemcitabine,EVITER,Efficacy,PharmGKB,var_drug_ann
rs708272,CETP,rosuvastatin,EVITER,Efficacy,PharmGKB,var_drug_ann
rs1045642,ABCB1,atorvastatin,EVITER,Efficacy,PharmGKB,var_drug_ann
rs2306283,SLCO1B1,atorvastatin,EVITER,Efficacy,PharmGKB,var_drug_ann
rs4149056,SLCO1B1,repaglinide,ADAPTER_DOSE,Metabolism/PK,PharmGKB,var_drug_ann
rs1127354,ITPA,azathioprine,ADAPTER_DOSE,Metabolism/PK,PharmGKB,var_drug_ann
rs2740574,CYP3A4,buprenorphine,EVITER,Efficacy,PharmGKB,var_drug_ann
rs5186,AGTR1,perindopril,EVITER,Efficacy,PharmGKB,var_drug_ann
rs5186,AGTR1,nitrendipine,EVITER,Efficacy,PharmGKB,var_drug_ann
rs1799971,OPRM1,hydromorphone,SURVEILLER,PD,PharmGKB,var_drug_ann
rs2071197,HNF4A,lamotrigine,ADAPTER_DOSE,Metabolism/PK,PharmGKB,var_drug_ann
rs2231142,ABCG2,lamotrigine,ADAPTER_DOSE,Metabolism/PK,PharmGKB,var_drug_ann
rs3114020,ABCG2,lamotrigine,ADAPTER_DOSE,Metabolism/PK,PharmGKB,var_drug_ann
rs3828743,TSPYL1,cyclosporine,ADAPTER_DOSE,Metabolism/PK,PharmGKB,var_drug_ann
rs7543016,CMPK1,gemcitabine,EVITER,Efficacy,PharmGKB,var_drug_ann
rs944050,ESR2,gemcitabine,EVITER,Efficacy,PharmGKB,var_drug_ann
rs1799978,DRD2,risperidone,EVITER,Efficacy,PharmGKB,var_drug_ann
rs2273697,ABCC2,irinotecan,ADAPTER_DOSE,Metabolism/PK,PharmGKB,var_drug_ann
rs717620,ABCC2,antiepileptics,EVITER,Efficacy,PharmGKB,var_drug_ann
rs4149056,SLCO1B1,glucose,ADAPTER_DOSE,Metabolism/PK,PharmGKB,var_drug_ann
rs2306283,SLCO1B1,methotrexate,ADAPTER_DOSE,Metabolism/PK,PharmGKB,var_drug_ann
rs4149056,SLCO1B1,methotrexate,ADAPTER_DOSE,Metabolism/PK,PharmGKB,var_drug_ann
rs3212986,ERCC1,cisplatin,EVITER,Efficacy,PharmGKB,var_drug_ann
rs1045642,ABCB1,antipsychotics,SURVEILLER,"Dosage, Metabolism/PK",PharmGKB,var_drug_ann
rs2032582,ABCB1,antipsychotics,SURVEILLER,"Dosage, Metabolism/PK",PharmGKB,var_drug_ann
rs4244285,CYP2C19,diazepam,EVITER,Efficacy,PharmGKB,var_drug_ann
rs35599367,CYP3A4,alprazolam,ADAPTER_DOSE,Metabolism/PK,PharmGKB,var_drug_ann
rs12248560,CYP2C19,diazepam,EVITER,Efficacy,PharmGKB,var_drug_ann
rs1057868,POR,clozapine,ADAPTER_DOSE,Metabolism/PK,PharmGKB,var_drug_ann
rs8191725,IGF2R,salbutamol,EVITER,Efficacy,PharmGKB,var_drug_ann
rs77441273,SLC24A4,salbutamol,EVITER,Efficacy,PharmGKB,var_drug_ann
rs16944,IL1B,"lansoprazole, omeprazole, rabeprazole",EVITER,Efficacy,PharmGKB,var_drug_ann
rs11615,ERCC1,platinum compounds,EVITER,Efficacy,PharmGKB,var_drug_ann
rs243865,MMP2,ulinastatin,EVITER,Efficacy,PharmGKB,var_drug_ann
rs3918242,MMP9,ulinastatin,EVITER,Efficacy,PharmGKB,var_drug_ann
rs2276707,NR1I2,tacrolimus,ADAPTER_DOSE,Metabolism/PK,PharmGKB,var_drug_ann
rs10934498,NR1I2,irinotecan,SURVEILLER,"Toxicity, Metabolism/PK",PharmGKB,var_drug_ann
rs1800896,IL10,tacrolimus,ADAPTER_DOSE,Dosage,PharmGKB,var_drug_ann
rs324026,DRD3,olanzapine,EVITER,Efficacy,PharmGKB,var_drug_ann
rs6811453,ADH1A,"cytarabine, fludarabine, gemtuzumab ozogamicin, idarubicin",EVITER,Efficacy,PharmGKB,var_drug_ann
rs3775291,TLR3,measles vaccines,EVITER,Efficacy,PharmGKB,var_drug_ann
rs1826909,ADH1A,"cytarabine, fludarabine, gemtuzumab ozogamicin, idarubicin",EVITER,Efficacy,PharmGKB,var_drug_ann
rs717620,ABCC2,tamoxifen,EVITER,Efficacy,PharmGKB,var_drug_ann
rs1800629,TNF,"etanercept, infliximab, tumor necrosis factor alpha (tnf-alpha) inhibitors",EVITER,Efficacy,PharmGKB,var_drug_ann
rs3812718,SCN1A,carbamazepine,ADAPTER_DOSE,Dosage,PharmGKB,var_drug_ann
rs77977790,PAPPA2,salbutamol,EVITER,Efficacy,PharmGKB,var_drug_ann
rs569356,OPRD1,norbuprenorphine,ADAPTER_DOSE,Metabolism/PK,PharmGKB,var_drug_ann
rs115501901,NCOA3,salbutamol,EVITER,Efficacy,PharmGKB,var_drug_ann
rs73294475,CRHR2,salbutamol,EVITER,Efficacy,PharmGKB,var_drug_ann
rs2740574,CYP3A4,phenprocoumon,ADAPTER_DOSE,Dosage,PharmGKB,var_drug_ann
rs144315541,ADCY9,salbutamol,EVITER,Efficacy,PharmGKB,var_drug_ann
rs17570753,MCPH1,perphenazine,EVITER,Efficacy,PharmGKB,var_drug_ann
rs2116971,CDH13,perphenazine,EVITER,Efficacy,PharmGKB,var_drug_ann
rs9952628,SKOR2,perphenazine,EVITER,Efficacy,PharmGKB,var_drug_ann
rs12943590,SLC47A2,metformin,SURVEILLER,"Efficacy, Metabolism/PK",PharmGKB,var_drug_ann
rs35793,KCNMA1,quetiapine,EVITER,Efficacy,PharmGKB,var_drug_ann
rs11100483,MAML3,perphenazine,EVITER,Efficacy,PharmGKB,var_drug_ann
rs7668258,UGT2B7,valproic acid,ADAPTER_DOSE,Metabolism/PK,PharmGKB,var_drug_ann
rs11702779,RUNX1,methacholine,SURVEILLER,Other,PharmGKB,var_drug_ann
rs874295,LRP1B,risperidone,EVITER,Efficacy,PharmGKB,var_drug_ann
rs11200638,HTRA1,bevacizumab,EVITER,Efficacy,PharmGKB,var_drug_ann
rs9713,PSMD14,risperidone,EVITER,Efficacy,PharmGKB,var_drug_ann
rs1869295,AGAP1,risperidone,EVITER,Efficacy,PharmGKB,var_drug_ann
rs10490924,ARMS2,bevacizumab,EVITER,Efficacy,PharmGKB,var_drug_ann
rs3816877,APEH,valproic acid,ADAPTER_DOSE,Metabolism/PK,PharmGKB,var_drug_ann
rs1315115,NPAS3,risperidone,EVITER,Efficacy,PharmGKB,var_drug_ann
rs3738883,TMEFF2,risperidone,EVITER,Efficacy,PharmGKB,var_drug_ann
rs4810083,PCK1,metformin,EVITER,Efficacy,PharmGKB,var_drug_ann
rs4925300,CDH4,ziprasidone,EVITER,Efficacy,PharmGKB,var_drug_ann
rs1546519,LYN,ziprasidone,EVITER,Efficacy,PharmGKB,var_drug_ann
rs800292,CFH,bevacizumab,EVITER,Efficacy,PharmGKB,var_drug_ann
rs9585618,NALCN,ziprasidone,EVITER,Efficacy,PharmGKB,var_drug_ann
rs17194378,CNTN4,ziprasidone,EVITER,Efficacy,PharmGKB,var_drug_ann
rs4148978,SLCO1A2,imatinib,SURVEILLER,"Toxicity, Metabolism/PK",PharmGKB,var_drug_ann
rs4961,ADD1,hydrochlorothiazide,EVITER,Efficacy,PharmGKB,var_drug_ann
rs2290228,CALU,warfarin,ADAPTER_DOSE,Dosage,PharmGKB,var_drug_ann
rs676210,APOB,fenofibrate,EVITER,Efficacy,PharmGKB,var_drug_ann
rs1799889,SERPINE1,"citalopram, fluoxetine",EVITER,Efficacy,PharmGKB,var_drug_ann
rs1805087,MTR,methotrexate,ADAPTER_DOSE,Metabolism/PK,PharmGKB,var_drug_ann
rs4713916,FKBP5,"citalopram, fluoxetine, mirtazapine, paroxetine, selective serotonin reuptake inhibitors, venlafaxine",EVITER,Efficacy,PharmGKB,var_drug_ann
rs17070785,CSMD1,olanzapine,EVITER,Efficacy,PharmGKB,var_drug_ann
rs2247408,PLAGL1,olanzapine,EVITER,Efficacy,PharmGKB,var_drug_ann
rs15524,CYP3A5,sirolimus,ADAPTER_DOSE,Metabolism/PK,PharmGKB,var_drug_ann
rs3819811,PLAGL1,olanzapine,EVITER,Efficacy,PharmGKB,var_drug_ann
rs4646453,CYP3A5,sirolimus,ADAPTER_DOSE,Metabolism/PK,PharmGKB,var_drug_ann
rs1799971,OPRM1,acetaminophen,ADAPTER_DOSE,Dosage,PharmGKB,var_drug_ann
rs221253,PTPRN2,olanzapine,EVITER,Efficacy,PharmGKB,var_drug_ann
rs628031,SLC22A1,imatinib,EVITER,Efficacy,PharmGKB,var_drug_ann
rs1800566,NQO1,warfarin,ADAPTER_DOSE,Dosage,PharmGKB,var_drug_ann
rs2278773,PRKCE,perphenazine,EVITER,Efficacy,PharmGKB,var_drug_ann
rs2269879,DOT1L,hydrochlorothiazide,EVITER,Efficacy,PharmGKB,var_drug_ann
rs11042725,ADM,paroxetine,EVITER,Efficacy,PharmGKB,var_drug_ann
rs9373839,ATG5,tildrakizumab,EVITER,Efficacy,PharmGKB,var_drug_ann
rs708567,IL17RC,tildrakizumab,EVITER,Efficacy,PharmGKB,var_drug_ann
rs7124442,BDNF,citalopram,EVITER,Efficacy,PharmGKB,var_drug_ann
rs2032582,ABCB1,aripiprazole,ADAPTER_DOSE,Metabolism/PK,PharmGKB,var_drug_ann
rs2740204,OXT,clozapine,EVITER,Efficacy,PharmGKB,var_drug_ann
rs35599367,CYP3A4,diazepam,EVITER,Efficacy,PharmGKB,var_drug_ann
rs408626,DHFR,methotrexate,EVITER,Efficacy,PharmGKB,var_drug_ann
rs10494366,NOS1AP,repaglinide,SURVEILLER,"Dosage, Efficacy",PharmGKB,var_drug_ann
rs7103411,BDNF,citalopram,EVITER,Efficacy,PharmGKB,var_drug_ann
rs1045642,ABCB1,highly active antiretroviral therapy (haart),EVITER,Efficacy,PharmGKB,var_drug_ann
rs6265,BDNF,citalopram,EVITER,Efficacy,PharmGKB,var_drug_ann
rs212091,ABCC1,"lamivudine, lopinavir, ritonavir, zidovudine",EVITER,Efficacy,PharmGKB,var_drug_ann
rs6265,BDNF,fluoxetine,EVITER,Efficacy,PharmGKB,var_drug_ann
rs610604,TNFAIP3,tildrakizumab,EVITER,Efficacy,PharmGKB,var_drug_ann
rs4986893,CYP2C19,clopidogrel,EVITER,Efficacy,PharmGKB,var_drug_ann
rs1045642,ABCB1,aripiprazole,ADAPTER_DOSE,Metabolism/PK,PharmGKB,var_drug_ann
rs6280,DRD3,paroxetine,EVITER,Efficacy,PharmGKB,var_drug_ann
rs4680,COMT,entacapone,EVITER,Efficacy,PharmGKB,var_drug_ann
rs1065852,CYP2D6,clozapine,ADAPTER_DOSE,Metabolism/PK,PharmGKB,var_drug_ann
rs60140950,SLCO1B3,telmisartan,ADAPTER_DOSE,Metabolism/PK,PharmGKB,var_drug_ann
rs16947,CYP2D6,clozapine,ADAPTER_DOSE,Metabolism/PK,PharmGKB,var_drug_ann
rs11887534,ABCG8,"atorvastatin, simvastatin",EVITER,Efficacy,PharmGKB,var_drug_ann
rs121909011,CFTR,ivacaftor,EVITER,Efficacy,PharmGKB,var_drug_ann
rs2290573,ULK3,imatinib,EVITER,Efficacy,PharmGKB,var_drug_ann
rs265976,DRD1,clozapine,EVITER,Efficacy,PharmGKB,var_drug_ann
rs4796793,STAT3,interferons,EVITER,Efficacy,PharmGKB,var_drug_ann
rs12422149,SLCO2B1,tamoxifen,ADAPTER_DOSE,Metabolism/PK,PharmGKB,var_drug_ann
rs8050894,VKORC1,warfarin,ADAPTER_DOSE,Dosage,PharmGKB,var_drug_ann
rs3787430,HRH3,risperidone,EVITER,Efficacy,PharmGKB,var_drug_ann
rs3787429,HRH3,risperidone,EVITER,Efficacy,PharmGKB,var_drug_ann
rs4305746,TAAR6,aripiprazole,EVITER,Efficacy,PharmGKB,var_drug_ann
rs1800795,IL6,peginterferon alfa-2a,EVITER,Efficacy,PharmGKB,var_drug_ann
rs2231142,ABCG2,sulfasalazine,ADAPTER_DOSE,Metabolism/PK,PharmGKB,var_drug_ann
rs1800796,IL6,peginterferon alfa-2a,EVITER,Efficacy,PharmGKB,var_drug_ann
rs1800797,IL6,peginterferon alfa-2a,EVITER,Efficacy,PharmGKB,var_drug_ann
rs2199936,ABCG2,rosuvastatin,EVITER,Efficacy,PharmGKB,var_drug_ann
rs1800169,"CNTF, ZFP91-CNTF",iloperidone,EVITER,Efficacy,PharmGKB,var_drug_ann
rs678849,OPRD1,disulfiram,EVITER,Efficacy,PharmGKB,var_drug_ann
rs1561876,STIM1,erythropoietin,EVITER,Efficacy,PharmGKB,var_drug_ann
rs3753380,PTGFR,latanoprost,EVITER,Efficacy,PharmGKB,var_drug_ann
rs699947,VEGFA,ranibizumab,EVITER,Efficacy,PharmGKB,var_drug_ann
rs17268282,ABCC4,furosemide,EVITER,Efficacy,PharmGKB,var_drug_ann
rs622342,SLC22A1,metformin,EVITER,Efficacy,PharmGKB,var_drug_ann
rs737866,COMT,morphine,SURVEILLER,"Dosage, Efficacy",PharmGKB,var_drug_ann
rs2075507,COMT,morphine,SURVEILLER,"Dosage, Efficacy",PharmGKB,var_drug_ann
rs2606345,CYP1A1,antiepileptics,EVITER,Efficacy,PharmGKB,var_drug_ann
rs5746849,COMT,morphine,SURVEILLER,"Dosage, Efficacy",PharmGKB,var_drug_ann
rs7287550,"COMT, TXNRD2",morphine,SURVEILLER,"Dosage, Efficacy",PharmGKB,var_drug_ann
rs6269,COMT,morphine,SURVEILLER,"Dosage, Efficacy",PharmGKB,var_drug_ann
rs2740574,CYP3A4,carbamazepine,ADAPTER_DOSE,Metabolism/PK,PharmGKB,var_drug_ann
rs740603,COMT,morphine,SURVEILLER,"Dosage, Efficacy",PharmGKB,var_drug_ann
rs4793665,ABCC3,morphine,ADAPTER_DOSE,Metabolism/PK,PharmGKB,var_drug_ann
rs35742686,CYP2D6,"n-desmethyltramadol, o-desmethyltramadol",ADAPTER_DOSE,Metabolism/PK,PharmGKB,var_drug_ann
rs35599367,CYP3A4,"n-desmethyltramadol, tramadol",ADAPTER_DOSE,Metabolism/PK,PharmGKB,var_drug_ann
rs717620,ABCC2,clopidogrel,EVITER,Efficacy,PharmGKB,var_drug_ann
rs73208473,SORCS2,atazanavir,ADAPTER_DOSE,Metabolism/PK,PharmGKB,var_drug_ann
rs9304742,ZNF816,tumor necrosis factor alpha (tnf-alpha) inhibitors,EVITER,Efficacy,PharmGKB,var_drug_ann
rs28365063,UGT2B7,carbamazepine,ADAPTER_DOSE,Metabolism/PK,PharmGKB,var_drug_ann
rs3814055,NR1I2,carbamazepine,ADAPTER_DOSE,Metabolism/PK,PharmGKB,var_drug_ann
rs2916205,PGLYRP4,tumor necrosis factor alpha (tnf-alpha) inhibitors,EVITER,Efficacy,PharmGKB,var_drug_ann
rs1799853,CYP2C9,"sulfonamides, urea derivatives",EVITER,Efficacy,PharmGKB,var_drug_ann
rs5443,GNB3,sumatriptan,EVITER,Efficacy,PharmGKB,var_drug_ann
rs2546890,IL12B,tumor necrosis factor alpha (tnf-alpha) inhibitors,EVITER,Efficacy,PharmGKB,var_drug_ann
rs1135840,CYP2D6,desethyl hydroxychloroquine,ADAPTER_DOSE,Metabolism/PK,PharmGKB,var_drug_ann
rs8065080,TRPV1,cannabinoids,EVITER,Efficacy,PharmGKB,var_drug_ann
rs7438135,UGT2B7,cannabinoids,EVITER,Efficacy,PharmGKB,var_drug_ann
rs11126740,CTNNA2,tumor necrosis factor alpha (tnf-alpha) inhibitors,EVITER,Efficacy,PharmGKB,var_drug_ann
rs1065852,CYP2D6,desethyl hydroxychloroquine,ADAPTER_DOSE,Metabolism/PK,PharmGKB,var_drug_ann
rs5219,KCNJ11,repaglinide,EVITER,Efficacy,PharmGKB,var_drug_ann
rs1799971,OPRM1,tramadol,EVITER,Efficacy,PharmGKB,var_drug_ann
rs290487,TCF7L2,repaglinide,EVITER,Efficacy,PharmGKB,var_drug_ann
rs1051740,EPHX1,carbamazepine,ADAPTER_DOSE,Metabolism/PK,PharmGKB,var_drug_ann
rs4818,COMT,morphine,SURVEILLER,"Dosage, Efficacy",PharmGKB,var_drug_ann
rs12320939,ORAI1,erythropoietin,EVITER,Efficacy,PharmGKB,var_drug_ann
rs1128503,ABCB1,carbamazepine,ADAPTER_DOSE,Metabolism/PK,PharmGKB,var_drug_ann
rs2239393,COMT,morphine,SURVEILLER,"Dosage, Efficacy",PharmGKB,var_drug_ann
rs165728,"ARVCF, COMT",morphine,SURVEILLER,"Dosage, Efficacy",PharmGKB,var_drug_ann
rs4148740,ABCB1,carbamazepine,ADAPTER_DOSE,Metabolism/PK,PharmGKB,var_drug_ann
rs4148739,ABCB1,carbamazepine,ADAPTER_DOSE,Metabolism/PK,PharmGKB,var_drug_ann
rs174699,"ARVCF, COMT",morphine,SURVEILLER,"Dosage, Efficacy",PharmGKB,var_drug_ann
rs1799732,DRD2,antipsychotics,EVITER,Efficacy,PharmGKB,var_drug_ann
rs1532624,CETP,hmg-coa reductase inhibitors,EVITER,Efficacy,PharmGKB,var_drug_ann
rs6908425,CDKAL1,tumor necrosis factor alpha (tnf-alpha) inhibitors,EVITER,Efficacy,PharmGKB,var_drug_ann
rs2273697,ABCC2,carbamazepine,ADAPTER_DOSE,Metabolism/PK,PharmGKB,var_drug_ann
rs533556,SIK3,hmg-coa reductase inhibitors,EVITER,Efficacy,PharmGKB,var_drug_ann
rs12191877,HLA-C,tumor necrosis factor alpha (tnf-alpha) inhibitors,EVITER,Efficacy,PharmGKB,var_drug_ann
rs7624046,KCNMB2,ritodrine,EVITER,Efficacy,PharmGKB,var_drug_ann
rs4148386,ABCC2,carbamazepine,ADAPTER_DOSE,Metabolism/PK,PharmGKB,var_drug_ann
rs3740066,ABCC2,carbamazepine,ADAPTER_DOSE,Metabolism/PK,PharmGKB,var_drug_ann
rs96844,MAP3K1,tumor necrosis factor alpha (tnf-alpha) inhibitors,EVITER,Efficacy,PharmGKB,var_drug_ann
rs9839376,KCNMB2,ritodrine,EVITER,Efficacy,PharmGKB,var_drug_ann
rs11676382,GGCX,warfarin,ADAPTER_DOSE,Dosage,PharmGKB,var_drug_ann
rs7643645,NR1I2,carbamazepine,ADAPTER_DOSE,Metabolism/PK,PharmGKB,var_drug_ann
rs2952768,METTL21A,morphine,ADAPTER_DOSE,Dosage,PharmGKB,var_drug_ann
rs4688040,NR1I2,carbamazepine,ADAPTER_DOSE,Metabolism/PK,PharmGKB,var_drug_ann
rs1045642,ABCB1,cannabinoids,EVITER,Efficacy,PharmGKB,var_drug_ann
rs1799971,OPRM1,morphine,ADAPTER_DOSE,Dosage,PharmGKB,var_drug_ann
rs2461817,NR1I2,carbamazepine,ADAPTER_DOSE,Metabolism/PK,PharmGKB,var_drug_ann
rs1801252,ADRB1,metoprolol,EVITER,Efficacy,PharmGKB,var_drug_ann
rs153560,REEP5,"citalopram, fluoxetine, paroxetine, sertraline",EVITER,Efficacy,PharmGKB,var_drug_ann
rs153549,REEP5,"citalopram, fluoxetine, paroxetine, sertraline",EVITER,Efficacy,PharmGKB,var_drug_ann
rs1045642,ABCB1,atazanavir,ADAPTER_DOSE,Dosage,PharmGKB,var_drug_ann
rs4149056,SLCO1B1,atazanavir,ADAPTER_DOSE,Dosage,PharmGKB,var_drug_ann
rs2227310,CASP7,"docetaxel, gemcitabine, paclitaxel, platinum compounds, vinorelbine",EVITER,Efficacy,PharmGKB,var_drug_ann
rs4353229,CASP7,"docetaxel, gemcitabine, paclitaxel, platinum compounds, vinorelbine",EVITER,Efficacy,PharmGKB,var_drug_ann
rs12415607,CASP7,"docetaxel, gemcitabine, paclitaxel, platinum compounds, vinorelbine",EVITER,Efficacy,PharmGKB,var_drug_ann
rs7921977,CASP7,"docetaxel, gemcitabine, paclitaxel, platinum compounds, vinorelbine",EVITER,Efficacy,PharmGKB,var_drug_ann
rs11240594,SLC26A9,olanzapine,SURVEILLER,"Dosage, Efficacy",PharmGKB,var_drug_ann
rs28379954,NFIB,solanidine,ADAPTER_DOSE,Metabolism/PK,PharmGKB,var_drug_ann
rs286913,EHF,ziprasidone,SURVEILLER,"Dosage, Efficacy",PharmGKB,var_drug_ann
rs2975226,SLC6A3,clozapine,SURVEILLER,"Dosage, Efficacy",PharmGKB,var_drug_ann
rs11677416,IL1A,olanzapine,SURVEILLER,"Dosage, Efficacy",PharmGKB,var_drug_ann
rs1057868,POR,cyclosporine,ADAPTER_DOSE,Metabolism/PK,PharmGKB,var_drug_ann
rs10929302,"UGT1A1, UGT1A10, UGT1A3, UGT1A4, UGT1A5, UGT1A6, UGT1A7, UGT1A8, UGT1A9",fesoterodine,ADAPTER_DOSE,Metabolism/PK,PharmGKB,var_drug_ann
rs17584499,PTPRD,pioglitazone,EVITER,Efficacy,PharmGKB,var_drug_ann
rs9923231,VKORC1,"acenocoumarol, warfarin",EVITER,Efficacy,PharmGKB,var_drug_ann
rs2058878,GRIN2B,acamprosate,EVITER,Efficacy,PharmGKB,var_drug_ann
rs6688363,ATP1A2,olanzapine,EVITER,Efficacy,PharmGKB,var_drug_ann
rs2980976,TNFRSF11A,risperidone,EVITER,Efficacy,PharmGKB,var_drug_ann
rs2636697,PPA2,risperidone,EVITER,Efficacy,PharmGKB,var_drug_ann
rs1799971,OPRM1,"fentanyl, hydromorphone, opioids, oxycodone, tramadol",ADAPTER_DOSE,Dosage,PharmGKB,var_drug_ann
rs2636719,PPA2,risperidone,EVITER,Efficacy,PharmGKB,var_drug_ann
rs4402960,IGF2BP2,repaglinide,SURVEILLER,"Dosage, Efficacy",PharmGKB,var_drug_ann
rs4680,COMT,rasagiline,ADAPTER_DOSE,Metabolism/PK,PharmGKB,var_drug_ann
rs1470579,IGF2BP2,repaglinide,SURVEILLER,"Dosage, Efficacy",PharmGKB,var_drug_ann
rs1801133,MTHFR,disulfiram,EVITER,Efficacy,PharmGKB,var_drug_ann
rs1801274,FCGR2A,tumor necrosis factor alpha (tnf-alpha) inhibitors,EVITER,Efficacy,PharmGKB,var_drug_ann
rs4646244,NAT2,isoniazid,SURVEILLER,"Toxicity, Metabolism/PK",PharmGKB,var_drug_ann
rs1799930,NAT2,isoniazid,SURVEILLER,"Toxicity, Metabolism/PK",PharmGKB,var_drug_ann
rs61747221,BEST3,hydrochlorothiazide,EVITER,Efficacy,PharmGKB,var_drug_ann
rs2070959,UGT1A6,deferiprone,EVITER,Efficacy,PharmGKB,var_drug_ann
rs396991,FCGR3A,tumor necrosis factor alpha (tnf-alpha) inhibitors,EVITER,Efficacy,PharmGKB,var_drug_ann
rs1048101,ADRA1A,nifedipine,EVITER,Efficacy,PharmGKB,var_drug_ann
rs6759892,UGT1A6,deferiprone,EVITER,Efficacy,PharmGKB,var_drug_ann
rs1801282,PPARG,pioglitazone,EVITER,Efficacy,PharmGKB,var_drug_ann
rs4353229,CASP7,"paclitaxel, platinum compounds",EVITER,Efficacy,PharmGKB,var_drug_ann
rs1800629,TNF,opioids,ADAPTER_DOSE,Dosage,PharmGKB,var_drug_ann
rs2227310,CASP7,"paclitaxel, platinum compounds",EVITER,Efficacy,PharmGKB,var_drug_ann
rs813676,TJP1,risperidone,EVITER,Efficacy,PharmGKB,var_drug_ann
rs1800797,IL6,opioids,ADAPTER_DOSE,Dosage,PharmGKB,var_drug_ann
rs734644,ADGRL3,methylphenidate,EVITER,Efficacy,PharmGKB,var_drug_ann
rs1127687,CASP7,"paclitaxel, platinum compounds",EVITER,Efficacy,PharmGKB,var_drug_ann
rs967676,CA10,"fluticasone propionate, montelukast",EVITER,Efficacy,PharmGKB,var_drug_ann
rs1127687,CASP7,"gemcitabine, platinum compounds",EVITER,Efficacy,PharmGKB,var_drug_ann
rs1355368,ADGRL3,methylphenidate,EVITER,Efficacy,PharmGKB,var_drug_ann
rs6813183,ADGRL3,methylphenidate,EVITER,Efficacy,PharmGKB,var_drug_ann
rs1061170,CFH,ranibizumab,EVITER,Efficacy,PharmGKB,var_drug_ann
rs10170310,SPOPL,olanzapine,EVITER,Efficacy,PharmGKB,var_drug_ann
rs17382202,PDE4D,quetiapine,EVITER,Efficacy,PharmGKB,var_drug_ann
rs17742120,PDE4D,quetiapine,EVITER,Efficacy,PharmGKB,var_drug_ann
rs2164660,PDE4D,quetiapine,EVITER,Efficacy,PharmGKB,var_drug_ann
rs5182,AGTR1,perindopril,EVITER,Efficacy,PharmGKB,var_drug_ann
rs711355,TJP1,risperidone,EVITER,Efficacy,PharmGKB,var_drug_ann
rs785423,TJP1,risperidone,EVITER,Efficacy,PharmGKB,var_drug_ann
rs3842,ABCB1,tenofovir alafenamide,ADAPTER_DOSE,Metabolism/PK,PharmGKB,var_drug_ann
rs25531,SLC6A4,clozapine,EVITER,Efficacy,PharmGKB,var_drug_ann
rs1042597,UGT1A8,raloxifene,EVITER,Efficacy,PharmGKB,var_drug_ann
rs1059513,STAT6,esomeprazole,EVITER,Efficacy,PharmGKB,var_drug_ann
rs5758550,WBP2NL,risperidone,ADAPTER_DOSE,Metabolism/PK,PharmGKB,var_drug_ann
rs12415607,CASP7,"paclitaxel, platinum compounds",EVITER,Efficacy,PharmGKB,var_drug_ann
rs1126535,CD40LG,adalimumab,EVITER,Efficacy,PharmGKB,var_drug_ann
rs11543791,ESR1,raloxifene,EVITER,Efficacy,PharmGKB,var_drug_ann
rs275651,AGTR1,perindopril,EVITER,Efficacy,PharmGKB,var_drug_ann
rs7959663,MYO1H,lithium,EVITER,Efficacy,PharmGKB,var_drug_ann
rs1801274,FCGR2A,infliximab,EVITER,Efficacy,PharmGKB,var_drug_ann
rs59724122,EPHX2,lithium,EVITER,Efficacy,PharmGKB,var_drug_ann
rs17080138,FBXW12,"losartan, losartan e-3174",ADAPTER_DOSE,Metabolism/PK,PharmGKB,var_drug_ann
rs61123830,GRAMD1B,lithium,EVITER,Efficacy,PharmGKB,var_drug_ann
rs28371706,CYP2D6,nevirapine,SURVEILLER,"Dosage, Metabolism/PK",PharmGKB,var_drug_ann
rs1801253,ADRB1,catecholamines,ADAPTER_DOSE,Dosage,PharmGKB,var_drug_ann
rs429358,APOE,acenocoumarol,ADAPTER_DOSE,Dosage,PharmGKB,var_drug_ann
rs79707182,ZNF703,"losartan, losartan e-3174",ADAPTER_DOSE,Metabolism/PK,PharmGKB,var_drug_ann
rs12050217,BDKRB1,perindopril,EVITER,Efficacy,PharmGKB,var_drug_ann
rs11754288,SLC17A4,"losartan, losartan e-3174",ADAPTER_DOSE,Metabolism/PK,PharmGKB,var_drug_ann
rs17708472,VKORC1,warfarin,ADAPTER_DOSE,Dosage,PharmGKB,var_drug_ann
rs680244,CHRNA5,drugs used in nicotine dependence,SURVEILLER,Other,PharmGKB,var_drug_ann
rs3787186,NFATC2,"adalimumab, etanercept, infliximab",EVITER,Efficacy,PharmGKB,var_drug_ann
rs16969968,"CHRNA3, CHRNA5",drugs used in nicotine dependence,SURVEILLER,Other,PharmGKB,var_drug_ann
rs79403677,FAM177A1,lithium,EVITER,Efficacy,PharmGKB,var_drug_ann
rs1801253,ADRB1,metoprolol,EVITER,Efficacy,PharmGKB,var_drug_ann
rs11591741,CHUK,tumor necrosis factor alpha (tnf-alpha) inhibitors,EVITER,Efficacy,PharmGKB,var_drug_ann
rs1521470,ADCY1,lithium,EVITER,Efficacy,PharmGKB,var_drug_ann
rs2237892,KCNQ1,repaglinide,EVITER,Efficacy,PharmGKB,var_drug_ann
rs6728642,FAM178B,lithium,EVITER,Efficacy,PharmGKB,var_drug_ann
rs2230345,GRK5,beta blocking agents,EVITER,Efficacy,PharmGKB,var_drug_ann
rs12436663,PRORP,zileuton,EVITER,Efficacy,PharmGKB,var_drug_ann
rs10509680,CYP2C9,"losartan, losartan e-3174",ADAPTER_DOSE,Metabolism/PK,PharmGKB,var_drug_ann
rs62200793,ZNF804A,lithium,EVITER,Efficacy,PharmGKB,var_drug_ann
rs2237895,KCNQ1,repaglinide,EVITER,Efficacy,PharmGKB,var_drug_ann
rs1799782,XRCC1,platinum compounds,EVITER,Efficacy,PharmGKB,var_drug_ann
rs1800469,TGFB1,glatiramer acetate,EVITER,Efficacy,PharmGKB,var_drug_ann
rs3740066,ABCC2,antiepileptics,EVITER,Efficacy,PharmGKB,var_drug_ann
rs2231142,ABCG2,n-desmethyltamoxifen,ADAPTER_DOSE,Metabolism/PK,PharmGKB,var_drug_ann
rs37973,GLCCI1,glucocorticoids,EVITER,Efficacy,PharmGKB,var_drug_ann
rs2246709,CYP3A4,amlodipine,EVITER,Efficacy,PharmGKB,var_drug_ann
rs2266780,FMO3,teneligliptin,ADAPTER_DOSE,Metabolism/PK,PharmGKB,var_drug_ann
rs4818,COMT,quetiapine,EVITER,Efficacy,PharmGKB,var_drug_ann
rs3758785,GPR83,hydrochlorothiazide,EVITER,Efficacy,PharmGKB,var_drug_ann
rs5993883,COMT,quetiapine,EVITER,Efficacy,PharmGKB,var_drug_ann
rs909530,FMO3,teneligliptin,ADAPTER_DOSE,Metabolism/PK,PharmGKB,var_drug_ann
rs6166,FSHR,menotropins,SURVEILLER,nan,PharmGKB,var_drug_ann
rs6269,COMT,quetiapine,EVITER,Efficacy,PharmGKB,var_drug_ann
rs3758785,GPR83,candesartan,EVITER,Efficacy,PharmGKB,var_drug_ann
rs1800795,IL6,tacrolimus,ADAPTER_DOSE,Dosage,PharmGKB,var_drug_ann
rs2266782,FMO3,teneligliptin,ADAPTER_DOSE,Metabolism/PK,PharmGKB,var_drug_ann
rs2032582,ABCB1,paclitaxel,ADAPTER_DOSE,Metabolism/PK,PharmGKB,var_drug_ann
rs7553527,HSD3B1,hydrochlorothiazide,EVITER,Efficacy,PharmGKB,var_drug_ann
rs177852,TTC6,hydrochlorothiazide,EVITER,Efficacy,PharmGKB,var_drug_ann
rs2242480,CYP3A4,teneligliptin,ADAPTER_DOSE,Metabolism/PK,PharmGKB,var_drug_ann
rs1012335,IFNAR1,glatiramer acetate,EVITER,Efficacy,PharmGKB,var_drug_ann
rs2740574,CYP3A4,atorvastatin,EVITER,Efficacy,PharmGKB,var_drug_ann
rs776746,CYP3A5,atorvastatin,EVITER,Efficacy,PharmGKB,var_drug_ann
rs6265,BDNF,"citalopram, escitalopram, fluoxetine, sertraline",EVITER,Efficacy,PharmGKB,var_drug_ann
rs10433340,PARP14,6-hydroxy s-warfarin,ADAPTER_DOSE,Metabolism/PK,PharmGKB,var_drug_ann
rs1042713,ADRB2,salbutamol,SURVEILLER,PD,PharmGKB,var_drug_ann
rs3003596,NR1I3,efavirenz,ADAPTER_DOSE,Metabolism/PK,PharmGKB,var_drug_ann
rs12505410,ABCG2,imatinib,EVITER,Efficacy,PharmGKB,var_drug_ann
rs4646,CYP19A1,tamoxifen,EVITER,Efficacy,PharmGKB,var_drug_ann
rs12979860,"IFNL3, IFNL4","peginterferon alfa-2a, ribavirin",EVITER,Efficacy,PharmGKB,var_drug_ann
rs558364281,GRID2,"6-hydroxy r-warfarin, 6-hydroxy s-warfarin",ADAPTER_DOSE,Metabolism/PK,PharmGKB,var_drug_ann
rs13120400,ABCG2,imatinib,EVITER,Efficacy,PharmGKB,var_drug_ann
rs10841753,SLCO1B1,methotrexate,ADAPTER_DOSE,Metabolism/PK,PharmGKB,var_drug_ann
rs2725252,ABCG2,imatinib,EVITER,Efficacy,PharmGKB,var_drug_ann
rs2238032,CACNA1C,"lacidipine, nifedipine, nitrendipine",EVITER,Efficacy,PharmGKB,var_drug_ann
rs2740574,CYP3A4,lumefantrine,ADAPTER_DOSE,Metabolism/PK,PharmGKB,var_drug_ann
rs10042486,HTR1A,quetiapine,ADAPTER_DOSE,Metabolism/PK,PharmGKB,var_drug_ann
rs6265,BDNF,"amitriptyline, clomipramine, duloxetine, imipramine, milnacipran, venlafaxine",EVITER,Efficacy,PharmGKB,var_drug_ann
rs1415744,EPM2A,"chlorpromazine, clozapine, haloperidol, olanzapine, quetiapine, risperidone, trifluoperazine",EVITER,Efficacy,PharmGKB,var_drug_ann
rs2239050,CACNA1C,"amlodipine, felodipine",EVITER,Efficacy,PharmGKB,var_drug_ann
rs41291550,CYP2C18,warfarin,ADAPTER_DOSE,Metabolism/PK,PharmGKB,var_drug_ann
rs334558,GSK3B,"citalopram, fluoxetine",EVITER,Efficacy,PharmGKB,var_drug_ann
rs17376019,SRPRB,ethanol,ADAPTER_DOSE,Metabolism/PK,PharmGKB,var_drug_ann
rs9332241,CYP2C9,warfarin,ADAPTER_DOSE,Metabolism/PK,PharmGKB,var_drug_ann
rs671,ALDH2,ethanol,ADAPTER_DOSE,Metabolism/PK,PharmGKB,var_drug_ann
rs10264272,CYP3A5,lumefantrine,ADAPTER_DOSE,Metabolism/PK,PharmGKB,var_drug_ann
rs4643,PGM1,ethanol,ADAPTER_DOSE,Metabolism/PK,PharmGKB,var_drug_ann
rs7856096,FPGS,warfarin,ADAPTER_DOSE,Dosage,PharmGKB,var_drug_ann
rs1229976,ADH1A,acetaldehyde,ADAPTER_DOSE,Metabolism/PK,PharmGKB,var_drug_ann
rs776746,CYP3A5,lumefantrine,ADAPTER_DOSE,Metabolism/PK,PharmGKB,var_drug_ann
rs671,ALDH2,acetaldehyde,ADAPTER_DOSE,Metabolism/PK,PharmGKB,var_drug_ann
rs396991,FCGR3A,infliximab,EVITER,Efficacy,PharmGKB,var_drug_ann
rs396991,FCGR3A,cetuximab,EVITER,Efficacy,PharmGKB,var_drug_ann
rs4643,PGM1,acetaldehyde,ADAPTER_DOSE,Metabolism/PK,PharmGKB,var_drug_ann
rs1045642,ABCB1,verapamil,ADAPTER_DOSE,Metabolism/PK,PharmGKB,var_drug_ann
rs1229984,ADH1B,acetaldehyde,ADAPTER_DOSE,Metabolism/PK,PharmGKB,var_drug_ann
rs2239128,CACNA1C,"amlodipine, felodipine",EVITER,Efficacy,PharmGKB,var_drug_ann
rs776746,CYP3A5,sunitinib,ADAPTER_DOSE,Dosage,PharmGKB,var_drug_ann
rs61750900,UGT2B10,n-desmethylclozapine,ADAPTER_DOSE,Metabolism/PK,PharmGKB,var_drug_ann
rs2254638,N6AMT1,clopidogrel,EVITER,Efficacy,PharmGKB,var_drug_ann
rs7858836,ASTN2,fentanyl,ADAPTER_DOSE,Dosage,PharmGKB,var_drug_ann
rs1799998,CYP11B2,"benazepril, imidapril",EVITER,Efficacy,PharmGKB,var_drug_ann
rs958804,ASTN2,fentanyl,ADAPTER_DOSE,Dosage,PharmGKB,var_drug_ann
rs1105879,UGT1A6,valproic acid,ADAPTER_DOSE,Metabolism/PK,PharmGKB,var_drug_ann
rs2070959,UGT1A6,valproic acid,ADAPTER_DOSE,Metabolism/PK,PharmGKB,var_drug_ann
rs2032582,ABCB1,verapamil,ADAPTER_DOSE,Metabolism/PK,PharmGKB,var_drug_ann
rs1800012,COL1A1,etidronic acid,EVITER,Efficacy,PharmGKB,var_drug_ann
rs13120400,ABCG2,voriconazole,ADAPTER_DOSE,Metabolism/PK,PharmGKB,var_drug_ann
rs1045642,ABCB1,"morphine, nortriptyline",EVITER,Efficacy,PharmGKB,var_drug_ann
rs6295,HTR1A,risperidone,ADAPTER_DOSE,Metabolism/PK,PharmGKB,var_drug_ann
rs13093500,ZNF385D,duloxetine,EVITER,Efficacy,PharmGKB,var_drug_ann
rs6265,BDNF,"escitalopram, fluoxetine, paroxetine, sertraline",EVITER,Efficacy,PharmGKB,var_drug_ann
rs1051266,SLC19A1,"folic acid, hydroxychloroquine, methotrexate, sulfasalazine",EVITER,Efficacy,PharmGKB,var_drug_ann
rs4334661,ZNF385D,duloxetine,EVITER,Efficacy,PharmGKB,var_drug_ann
rs1805087,MTR,"folic acid, hydroxychloroquine, methotrexate, sulfasalazine",EVITER,Efficacy,PharmGKB,var_drug_ann
rs4646453,CYP3A5,tacrolimus,ADAPTER_DOSE,Metabolism/PK,PharmGKB,var_drug_ann
rs1042028,SULT1A1,tamoxifen,EVITER,Efficacy,PharmGKB,var_drug_ann
rs7616119,ZNF385D,duloxetine,EVITER,Efficacy,PharmGKB,var_drug_ann
rs1800888,ADRB2,terbutaline,EVITER,Efficacy,PharmGKB,var_drug_ann
rs4971678,NRXN1,duloxetine,EVITER,Efficacy,PharmGKB,var_drug_ann
rs12630569,ZNF385D,duloxetine,EVITER,Efficacy,PharmGKB,var_drug_ann
rs1042714,ADRB2,atenolol,EVITER,Efficacy,PharmGKB,var_drug_ann
rs699947,VEGFA,"bevacizumab, capecitabine, fluorouracil, irinotecan, leucovorin, oxaliplatin",EVITER,Efficacy,PharmGKB,var_drug_ann
rs1800562,HFE,erythropoietin,SURVEILLER,"Dosage, Metabolism/PK",PharmGKB,var_drug_ann
rs1042714,ADRB2,enalapril,EVITER,Efficacy,PharmGKB,var_drug_ann
rs1042714,ADRB2,"atenolol, enalapril",EVITER,Efficacy,PharmGKB,var_drug_ann
rs3025039,VEGFA,"bevacizumab, capecitabine, fluorouracil, irinotecan, leucovorin, oxaliplatin",EVITER,Efficacy,PharmGKB,var_drug_ann
rs1799945,HFE,erythropoietin,SURVEILLER,"Dosage, Metabolism/PK",PharmGKB,var_drug_ann
rs6479008,TEX10,duloxetine,EVITER,Efficacy,PharmGKB,var_drug_ann
rs7035619,TEX10,duloxetine,EVITER,Efficacy,PharmGKB,var_drug_ann
rs10989064,TEX10,duloxetine,EVITER,Efficacy,PharmGKB,var_drug_ann
rs1045642,ABCB1,digoxin,ADAPTER_DOSE,Metabolism/PK,PharmGKB,var_drug_ann
rs12595802,ATP10A,duloxetine,EVITER,Efficacy,PharmGKB,var_drug_ann
rs7472,TEX10,duloxetine,EVITER,Efficacy,PharmGKB,var_drug_ann
rs2032582,ABCB1,digoxin,ADAPTER_DOSE,Metabolism/PK,PharmGKB,var_drug_ann
rs10124893,TEX10,duloxetine,EVITER,Efficacy,PharmGKB,var_drug_ann
rs10123866,INVS,duloxetine,EVITER,Efficacy,PharmGKB,var_drug_ann
rs1045642,ABCB1,"abemaciclib, palbociclib, ribociclib",SURVEILLER,"Dosage, Toxicity",PharmGKB,var_drug_ann
rs776746,CYP3A5,amlodipine,ADAPTER_DOSE,Metabolism/PK,PharmGKB,var_drug_ann
rs9879065,ZNF385D,duloxetine,EVITER,Efficacy,PharmGKB,var_drug_ann
rs4918758,CYP2C9,valproic acid,ADAPTER_DOSE,Metabolism/PK,PharmGKB,var_drug_ann
rs4244285,CYP2C19,valproic acid,ADAPTER_DOSE,Metabolism/PK,PharmGKB,var_drug_ann
rs9310658,ZNF385D,duloxetine,EVITER,Efficacy,PharmGKB,var_drug_ann
rs7653345,ZNF385D,duloxetine,EVITER,Efficacy,PharmGKB,var_drug_ann
rs1731017,ABAT,valproic acid,ADAPTER_DOSE,Metabolism/PK,PharmGKB,var_drug_ann
rs9310657,ZNF385D,duloxetine,EVITER,Efficacy,PharmGKB,var_drug_ann
rs9824595,ZNF385D,duloxetine,EVITER,Efficacy,PharmGKB,var_drug_ann
rs9873889,ZNF385D,duloxetine,EVITER,Efficacy,PharmGKB,var_drug_ann
rs9819548,ZNF385D,duloxetine,EVITER,Efficacy,PharmGKB,var_drug_ann
rs532545,CDA,capecitabine,EVITER,Efficacy,PharmGKB,var_drug_ann
rs1799983,NOS3,hydralazine / isosorbide dinitrate,EVITER,Efficacy,PharmGKB,var_drug_ann
rs56165452,CYP2C9,warfarin,ADAPTER_DOSE,Dosage,PharmGKB,var_drug_ann
rs1130864,CRP,adalimumab,EVITER,Efficacy,PharmGKB,var_drug_ann
rs472660,CYP3A43,olanzapine,SURVEILLER,"Dosage, Efficacy, Toxicity, Metabolism/PK",PharmGKB,var_drug_ann
rs2371108,EOMES,glatiramer acetate,EVITER,Efficacy,PharmGKB,var_drug_ann
rs4148323,UGT1A1,carvedilol,ADAPTER_DOSE,Metabolism/PK,PharmGKB,var_drug_ann
rs1045642,ABCB1,etoposide,ADAPTER_DOSE,Metabolism/PK,PharmGKB,var_drug_ann
rs9373839,ATG5,adalimumab,EVITER,Efficacy,PharmGKB,var_drug_ann
rs56355515,MIEF2,duloxetine,EVITER,Efficacy,PharmGKB,var_drug_ann
rs12603700,MIEF2,duloxetine,EVITER,Efficacy,PharmGKB,var_drug_ann
rs510432,ATG5,adalimumab,EVITER,Efficacy,PharmGKB,var_drug_ann
rs3889402,MIEF2,duloxetine,EVITER,Efficacy,PharmGKB,var_drug_ann
rs55754655,AOX1,azathioprine,EVITER,Efficacy,PharmGKB,var_drug_ann
rs1799998,CYP11B2,hydralazine / isosorbide dinitrate,EVITER,Efficacy,PharmGKB,var_drug_ann
rs320,LPL,fenofibrate,EVITER,Efficacy,PharmGKB,var_drug_ann
rs3124955,FCN2,duloxetine,EVITER,Efficacy,PharmGKB,var_drug_ann
rs2727786,APOA1,fenofibrate,EVITER,Efficacy,PharmGKB,var_drug_ann
rs3128624,FCN2,duloxetine,EVITER,Efficacy,PharmGKB,var_drug_ann
rs6498169,CLEC16A,glatiramer acetate,EVITER,Efficacy,PharmGKB,var_drug_ann
rs12657120,SKIC3,duloxetine,EVITER,Efficacy,PharmGKB,var_drug_ann
rs61734410,CACNA1H,ethosuximide,EVITER,Efficacy,PharmGKB,var_drug_ann
rs4639250,SKIC3,duloxetine,EVITER,Efficacy,PharmGKB,var_drug_ann
rs3747178,CACNA1I,ethosuximide,EVITER,Efficacy,PharmGKB,var_drug_ann
rs9369266,TREML4,duloxetine,EVITER,Efficacy,PharmGKB,var_drug_ann
rs594445,MOCOS,azathioprine,ADAPTER_DOSE,Dosage,PharmGKB,var_drug_ann
rs13204353,TREML4,duloxetine,EVITER,Efficacy,PharmGKB,var_drug_ann
rs2032582,ABCB1,lamotrigine,EVITER,Efficacy,PharmGKB,var_drug_ann
rs12885713,CALM1,cyclosporine,EVITER,Efficacy,PharmGKB,var_drug_ann
rs699,AGT,irbesartan,EVITER,Efficacy,PharmGKB,var_drug_ann
rs3758149,GGH,methotrexate,EVITER,Efficacy,PharmGKB,var_drug_ann
rs2072671,CDA,capecitabine,EVITER,Efficacy,PharmGKB,var_drug_ann
rs2753326,CACNA1H,lamotrigine,EVITER,Efficacy,PharmGKB,var_drug_ann
rs4728709,ABCB1,rivaroxaban,ADAPTER_DOSE,Metabolism/PK,PharmGKB,var_drug_ann
rs1800545,ADRA2A,atenolol,EVITER,Efficacy,PharmGKB,var_drug_ann
rs1801701,APOB,irbesartan,EVITER,Efficacy,PharmGKB,var_drug_ann
rs183701923,CYP2C19,mephenytoin,ADAPTER_DOSE,Metabolism/PK,PharmGKB,var_drug_ann
rs140278421,CYP2C19,mephenytoin,ADAPTER_DOSE,Metabolism/PK,PharmGKB,var_drug_ann
rs4803419,CYP2B6,efavirenz,ADAPTER_DOSE,Metabolism/PK,PharmGKB,var_drug_ann
rs1799732,DRD2,chlorpromazine,EVITER,Efficacy,PharmGKB,var_drug_ann
rs17602729,AMPD1,methotrexate,EVITER,Efficacy,PharmGKB,var_drug_ann
rs7079,AGT,benazepril,EVITER,Efficacy,PharmGKB,var_drug_ann
rs1045642,ABCB1,omeprazole,ADAPTER_DOSE,Metabolism/PK,PharmGKB,var_drug_ann
rs4244285,CYP2C19,nelfinavir,ADAPTER_DOSE,Metabolism/PK,PharmGKB,var_drug_ann
rs771237265,CYP2C9,tolbutamide,ADAPTER_DOSE,Metabolism/PK,PharmGKB,var_drug_ann
rs762081829,CYP2C9,tolbutamide,ADAPTER_DOSE,Metabolism/PK,PharmGKB,var_drug_ann
rs628031,SLC22A1,metformin,EVITER,Efficacy,PharmGKB,var_drug_ann
rs145119820,CYP2C19,mephenytoin,ADAPTER_DOSE,Metabolism/PK,PharmGKB,var_drug_ann
rs761895497,CYP2C9,tolbutamide,ADAPTER_DOSE,Metabolism/PK,PharmGKB,var_drug_ann
rs510317,F7,warfarin,ADAPTER_DOSE,Dosage,PharmGKB,var_drug_ann
rs61311738,CYP2C19,mephenytoin,ADAPTER_DOSE,Metabolism/PK,PharmGKB,var_drug_ann
rs7903146,TCF7L2,"sulfonamides, urea derivatives",EVITER,Efficacy,PharmGKB,var_drug_ann
rs4762,AGT,benazepril,EVITER,Efficacy,PharmGKB,var_drug_ann
rs699,AGT,benazepril,EVITER,Efficacy,PharmGKB,var_drug_ann
rs1695,GSTP1,"fluorouracil, oxaliplatin",EVITER,Efficacy,PharmGKB,var_drug_ann
rs3135506,APOA5,fenofibrate,EVITER,Efficacy,PharmGKB,var_drug_ann
rs11716445,RHOA,"pravastatin, simvastatin",EVITER,Efficacy,PharmGKB,var_drug_ann
rs35303484,CYP2B6,efavirenz,ADAPTER_DOSE,Metabolism/PK,PharmGKB,var_drug_ann
rs6413432,CYP2E1,isoniazid,ADAPTER_DOSE,Metabolism/PK,PharmGKB,var_drug_ann
rs2645400,GATA4,warfarin,ADAPTER_DOSE,Dosage,PharmGKB,var_drug_ann
rs4841588,GATA4,warfarin,ADAPTER_DOSE,Dosage,PharmGKB,var_drug_ann
rs7662029,UGT2B7,mycophenolic acid acyl glucuronide,ADAPTER_DOSE,Metabolism/PK,PharmGKB,var_drug_ann
rs7439366,UGT2B7,buprenorphine,ADAPTER_DOSE,Metabolism/PK,PharmGKB,var_drug_ann
rs7439366,UGT2B7,mycophenolic acid acyl glucuronide,ADAPTER_DOSE,Metabolism/PK,PharmGKB,var_drug_ann
rs2838958,SLC19A1,methotrexate,EVITER,Efficacy,PharmGKB,var_drug_ann
rs1570360,VEGFA,sildenafil,EVITER,Efficacy,PharmGKB,var_drug_ann
rs699947,VEGFA,sildenafil,EVITER,Efficacy,PharmGKB,var_drug_ann
rs2106809,ACE2,captopril,EVITER,Efficacy,PharmGKB,var_drug_ann
rs1801274,FCGR2A,"cyclophosphamide, doxorubicin, paclitaxel, trastuzumab",EVITER,Efficacy,PharmGKB,var_drug_ann
rs396991,FCGR3A,trastuzumab,EVITER,Efficacy,PharmGKB,var_drug_ann
rs7662029,UGT2B7,buprenorphine,ADAPTER_DOSE,Metabolism/PK,PharmGKB,var_drug_ann
rs2274567,CR1,eculizumab,EVITER,Efficacy,PharmGKB,var_drug_ann
rs2011425,UGT1A4,mirabegron,ADAPTER_DOSE,Metabolism/PK,PharmGKB,var_drug_ann
rs4148323,UGT1A1,mycophenolic acid,ADAPTER_DOSE,Metabolism/PK,PharmGKB,var_drug_ann
rs2008584,UGT1A3,mirabegron,ADAPTER_DOSE,Metabolism/PK,PharmGKB,var_drug_ann
rs12708954,SLC6A2,mirabegron,ADAPTER_DOSE,Metabolism/PK,PharmGKB,var_drug_ann
rs686,DRD1,clozapine,EVITER,Efficacy,PharmGKB,var_drug_ann
rs7438135,UGT2B7,mycophenolic acid acyl glucuronide,ADAPTER_DOSE,Metabolism/PK,PharmGKB,var_drug_ann
rs1057910,CYP2C9,fluvastatin,ADAPTER_DOSE,Metabolism/PK,PharmGKB,var_drug_ann
rs1051266,SLC19A1,mirabegron,ADAPTER_DOSE,Metabolism/PK,PharmGKB,var_drug_ann
rs6280,DRD3,clozapine,EVITER,Efficacy,PharmGKB,var_drug_ann
rs12199316,TPMT,mercaptopurine,ADAPTER_DOSE,Dosage,PharmGKB,var_drug_ann
rs56324128,CYP3A4,ticagrelor,ADAPTER_DOSE,Metabolism/PK,PharmGKB,var_drug_ann
rs5186,AGTR1,candesartan,EVITER,Efficacy,PharmGKB,var_drug_ann
rs5186,AGTR1,irbesartan,EVITER,Efficacy,PharmGKB,var_drug_ann
rs2256871,CYP2C9,warfarin,ADAPTER_DOSE,Metabolism/PK,PharmGKB,var_drug_ann
rs776746,CYP3A5,"docetaxel, paclitaxel",EVITER,Efficacy,PharmGKB,var_drug_ann
rs1801159,DPYD,"capecitabine, fluorouracil, tegafur / gimeracil / oteracil",EVITER,Efficacy,PharmGKB,var_drug_ann
rs113681054,SLCO1B1,ticagrelor,ADAPTER_DOSE,Metabolism/PK,PharmGKB,var_drug_ann
rs4149056,SLCO1B1,ticagrelor,ADAPTER_DOSE,Metabolism/PK,PharmGKB,var_drug_ann
rs760370,SLC29A1,"gemcitabine, paclitaxel",EVITER,Efficacy,PharmGKB,var_drug_ann
rs6265,BDNF,"citalopram, escitalopram, fluoxetine, fluvoxamine, paroxetine, sertraline",EVITER,Efficacy,PharmGKB,var_drug_ann
rs11188082,CYP2C19,warfarin,ADAPTER_DOSE,Metabolism/PK,PharmGKB,var_drug_ann
rs71647871,CES1,methylphenidate,SURVEILLER,"Dosage, Metabolism/PK",PharmGKB,var_drug_ann
rs61361928,UGT2B7,ticagrelor,ADAPTER_DOSE,Metabolism/PK,PharmGKB,var_drug_ann
rs6295,HTR1A,quetiapine,ADAPTER_DOSE,Metabolism/PK,PharmGKB,var_drug_ann
rs62471956,CYP3A43,ticagrelor,ADAPTER_DOSE,Metabolism/PK,PharmGKB,var_drug_ann
rs1137101,LEPR,simvastatin,EVITER,Efficacy,PharmGKB,var_drug_ann
rs1042028,SULT1A1,acetaminophen,EVITER,Efficacy,PharmGKB,var_drug_ann
rs2069762,IL2,opioids,ADAPTER_DOSE,Dosage,PharmGKB,var_drug_ann
rs6265,BDNF,opioids,ADAPTER_DOSE,Dosage,PharmGKB,var_drug_ann
rs2108622,CYP4F2,"acenocoumarol, warfarin",ADAPTER_DOSE,Dosage,PharmGKB,var_drug_ann
rs4646437,CYP3A4,voriconazole,ADAPTER_DOSE,Metabolism/PK,PharmGKB,var_drug_ann
rs1800795,IL6,opioids,ADAPTER_DOSE,Dosage,PharmGKB,var_drug_ann
rs4762,AGT,"atenolol, irbesartan",EVITER,Efficacy,PharmGKB,var_drug_ann
rs1059751,ABCC4,tenofovir,ADAPTER_DOSE,Metabolism/PK,PharmGKB,var_drug_ann
rs2472297,CYP1A1,caffeine,ADAPTER_DOSE,Metabolism/PK,PharmGKB,var_drug_ann
rs1570360,VEGFA,docetaxel,EVITER,Efficacy,PharmGKB,var_drug_ann
rs1143634,IL1B,opioids,EVITER,Efficacy,PharmGKB,var_drug_ann
rs4238001,SCARB1,fenofibrate,EVITER,Efficacy,PharmGKB,var_drug_ann
rs4149170,SLC22A6,tenofovir,ADAPTER_DOSE,Metabolism/PK,PharmGKB,var_drug_ann
rs678849,OPRD1,opioids,EVITER,Efficacy,PharmGKB,var_drug_ann
rs1057910,CYP2C9,"acenocoumarol, warfarin",ADAPTER_DOSE,Dosage,PharmGKB,var_drug_ann
rs56061981,CXCL10,"peginterferon alfa-2a, peginterferon alfa-2b",EVITER,Efficacy,PharmGKB,var_drug_ann
rs2032582,ABCB1,atorvastatin,EVITER,Efficacy,PharmGKB,var_drug_ann
rs113993959,CFTR,ataluren,EVITER,Efficacy,PharmGKB,var_drug_ann
rs75039782,CFTR,ataluren,EVITER,Efficacy,PharmGKB,var_drug_ann
rs77010898,CFTR,ataluren,EVITER,Efficacy,PharmGKB,var_drug_ann
rs1052555,ERCC2,platinum compounds,EVITER,Efficacy,PharmGKB,var_drug_ann
rs13266634,SLC30A8,"insulin recombinant, zinc acetate",EVITER,Efficacy,PharmGKB,var_drug_ann
rs5326,DRD1,methylphenidate,EVITER,Efficacy,PharmGKB,var_drug_ann
rs12208357,SLC22A1,metformin,ADAPTER_DOSE,Metabolism/PK,PharmGKB,var_drug_ann
rs1045642,ABCB1,fentanyl,SURVEILLER,"Dosage, Efficacy",PharmGKB,var_drug_ann
rs2372536,ATIC,"folic acid, methotrexate",EVITER,Efficacy,PharmGKB,var_drug_ann
rs2853209,ADAM33,"corticosteroids, selective beta-2-adrenoreceptor agonists",EVITER,Efficacy,PharmGKB,var_drug_ann
rs17026688,GADL1,lithium,EVITER,Efficacy,PharmGKB,var_drug_ann
rs1127354,ITPA,"folic acid, methotrexate",EVITER,Efficacy,PharmGKB,var_drug_ann
rs12714145,GGCX,warfarin,ADAPTER_DOSE,Dosage,PharmGKB,var_drug_ann
rs244076,ADA,methotrexate,EVITER,Efficacy,PharmGKB,var_drug_ann
rs5751876,ADORA2A,methotrexate,EVITER,Efficacy,PharmGKB,var_drug_ann
rs17602729,AMPD1,"folic acid, methotrexate",EVITER,Efficacy,PharmGKB,var_drug_ann
rs2293347,EGFR,fluorouracil,EVITER,Efficacy,PharmGKB,var_drug_ann
rs12082710,TGFBR3,antidepressants,EVITER,Efficacy,PharmGKB,var_drug_ann
rs1803155,AADAC,rifampin,ADAPTER_DOSE,Metabolism/PK,PharmGKB,var_drug_ann
rs1077858,SLCO2B1,abiraterone,ADAPTER_DOSE,Metabolism/PK,PharmGKB,var_drug_ann
rs9996584,AREG,"cetuximab, panitumumab",EVITER,Efficacy,PharmGKB,var_drug_ann
rs1353295,AREG,"cetuximab, panitumumab",EVITER,Efficacy,PharmGKB,var_drug_ann
rs3842,ABCB1,rifampin,ADAPTER_DOSE,Metabolism/PK,PharmGKB,var_drug_ann
rs1718125,P2RX7,fentanyl,ADAPTER_DOSE,Dosage,PharmGKB,var_drug_ann
rs4867798,DRD1,methylphenidate,EVITER,Efficacy,PharmGKB,var_drug_ann
rs6280,DRD3,methylphenidate,EVITER,Efficacy,PharmGKB,var_drug_ann
rs11246226,DRD4,methylphenidate,EVITER,Efficacy,PharmGKB,var_drug_ann
rs25487,XRCC1,platinum compounds,EVITER,Efficacy,PharmGKB,var_drug_ann
rs1800544,ADRA2A,methylphenidate,EVITER,Efficacy,PharmGKB,var_drug_ann
rs4680,COMT,methylphenidate,EVITER,Efficacy,PharmGKB,var_drug_ann
rs10841753,SLCO1B1,estrone sulfate,EVITER,Efficacy,PharmGKB,var_drug_ann
rs62205366,GNAS,dobutamine,EVITER,Efficacy,PharmGKB,var_drug_ann
rs13104811,AREG,"cetuximab, panitumumab",EVITER,Efficacy,PharmGKB,var_drug_ann
rs11942466,AREG,"cetuximab, panitumumab",EVITER,Efficacy,PharmGKB,var_drug_ann
rs28364032,CRHR1,antidepressants,EVITER,Efficacy,PharmGKB,var_drug_ann
rs4148324,"UGT1A1, UGT1A10, UGT1A3, UGT1A4, UGT1A5, UGT1A6, UGT1A7, UGT1A8, UGT1A9",topiramate,ADAPTER_DOSE,Metabolism/PK,PharmGKB,var_drug_ann
rs760370,SLC29A1,"peginterferon alfa-2a, peginterferon alfa-2b, ribavirin",EVITER,Efficacy,PharmGKB,var_drug_ann
rs760370,SLC29A1,"tipiracil hydrochloride, trifluridine",EVITER,Efficacy,PharmGKB,var_drug_ann
rs2018417,ADH1B,ethanol,SURVEILLER,"Toxicity, Metabolism/PK",PharmGKB,var_drug_ann
rs17033,ADH1B,ethanol,SURVEILLER,"Toxicity, Metabolism/PK",PharmGKB,var_drug_ann
rs1229985,ADH1B,ethanol,SURVEILLER,"Toxicity, Metabolism/PK",PharmGKB,var_drug_ann
rs4253728,PPARA,phenprocoumon,ADAPTER_DOSE,Dosage,PharmGKB,var_drug_ann
rs931635,ADH1A,ethanol,SURVEILLER,"Toxicity, Metabolism/PK",PharmGKB,var_drug_ann
rs2070995,KCNJ6,methadone,SURVEILLER,nan,PharmGKB,var_drug_ann
rs283416,ADH1C,ethanol,SURVEILLER,"Toxicity, Metabolism/PK",PharmGKB,var_drug_ann
rs1801282,PPARG,rosiglitazone,EVITER,Efficacy,PharmGKB,var_drug_ann
rs283411,ADH1C,ethanol,SURVEILLER,"Toxicity, Metabolism/PK",PharmGKB,var_drug_ann
rs1662060,ADH1C,ethanol,SURVEILLER,"Toxicity, Metabolism/PK",PharmGKB,var_drug_ann
rs237025,SUMO4,tacrolimus,ADAPTER_DOSE,Metabolism/PK,PharmGKB,var_drug_ann
rs17878544,VKORC1,acenocoumarol,ADAPTER_DOSE,Dosage,PharmGKB,var_drug_ann
rs10455872,LPA,hmg-coa reductase inhibitors,EVITER,Efficacy,PharmGKB,var_drug_ann
rs7200749,VKORC1,acenocoumarol,ADAPTER_DOSE,Dosage,PharmGKB,var_drug_ann
rs2231142,ABCG2,hmg-coa reductase inhibitors,EVITER,Efficacy,PharmGKB,var_drug_ann
rs61742245,VKORC1,acenocoumarol,ADAPTER_DOSE,Dosage,PharmGKB,var_drug_ann
rs7200749,VKORC1,warfarin,ADAPTER_DOSE,Dosage,PharmGKB,var_drug_ann
rs520210,NEDD4L,citalopram,EVITER,Efficacy,PharmGKB,var_drug_ann
rs2075650,TOMM40,hmg-coa reductase inhibitors,EVITER,Efficacy,PharmGKB,var_drug_ann
rs55894764,VKORC1,acenocoumarol,ADAPTER_DOSE,Dosage,PharmGKB,var_drug_ann
rs28898617,"UGT1A10, UGT1A3, UGT1A4, UGT1A5, UGT1A6, UGT1A7, UGT1A8, UGT1A9",valproic acid,ADAPTER_DOSE,Metabolism/PK,PharmGKB,var_drug_ann
rs17685420,PEBP4,methylphenidate,EVITER,Efficacy,PharmGKB,var_drug_ann
rs2230433,ITGAL,verapamil,EVITER,Efficacy,PharmGKB,var_drug_ann
rs34231037,KDR,pazopanib,EVITER,Efficacy,PharmGKB,var_drug_ann
rs1154461,ADH7,ethanol,SURVEILLER,"Toxicity, Metabolism/PK",PharmGKB,var_drug_ann
rs1805015,IL4R,hepatitis vaccines,EVITER,Efficacy,PharmGKB,var_drug_ann
rs8099917,IFNL3,"peginterferon alfa-2a, ribavirin",EVITER,Efficacy,PharmGKB,var_drug_ann
rs1229967,ADH1A,ethanol,SURVEILLER,"Toxicity, Metabolism/PK",PharmGKB,var_drug_ann
rs2276332,ADH1A,ethanol,SURVEILLER,"Toxicity, Metabolism/PK",PharmGKB,var_drug_ann
rs5051,AGT,"benazepril, imidapril",EVITER,Efficacy,PharmGKB,var_drug_ann
rs1229976,ADH1A,ethanol,SURVEILLER,"Toxicity, Metabolism/PK",PharmGKB,var_drug_ann
rs661899,MGAT5,ursodeoxycholic acid,EVITER,Efficacy,PharmGKB,var_drug_ann
rs4244285,CYP2C19,clopidogrel thiol metabolite h4,ADAPTER_DOSE,Metabolism/PK,PharmGKB,var_drug_ann
rs1295686,IL13,hepatitis vaccines,EVITER,Efficacy,PharmGKB,var_drug_ann
rs7294,VKORC1,phenprocoumon,ADAPTER_DOSE,Dosage,PharmGKB,var_drug_ann
rs10877012,CYP27B1,"peginterferon alfa-2b, ribavirin",EVITER,Efficacy,PharmGKB,var_drug_ann
rs8192935,CES1,dabigatran,ADAPTER_DOSE,Metabolism/PK,PharmGKB,var_drug_ann
rs11574077,VDR,irinotecan,ADAPTER_DOSE,Metabolism/PK,PharmGKB,var_drug_ann
rs1868790,ADGRL3,methylphenidate,EVITER,Efficacy,PharmGKB,var_drug_ann
rs3746544,SNAP25,methylphenidate,EVITER,Efficacy,PharmGKB,var_drug_ann
rs2550948,SLC6A3,methylphenidate,EVITER,Efficacy,PharmGKB,var_drug_ann
rs12979860,"IFNL3, IFNL4","interferons, ribavirin",EVITER,Efficacy,PharmGKB,var_drug_ann
rs34059508,SLC22A1,morphine,ADAPTER_DOSE,Metabolism/PK,PharmGKB,var_drug_ann
rs25487,XRCC1,platinum,EVITER,Efficacy,PharmGKB,var_drug_ann
rs6108160,PLCB1,selective serotonin reuptake inhibitors,EVITER,Efficacy,PharmGKB,var_drug_ann
rs1800139,LRP1,warfarin,ADAPTER_DOSE,Dosage,PharmGKB,var_drug_ann
rs1800154,LRP1,warfarin,ADAPTER_DOSE,Dosage,PharmGKB,var_drug_ann
rs56113850,CYP2A6,nicotine,ADAPTER_DOSE,Metabolism/PK,PharmGKB,var_drug_ann
rs8099917,IFNL3,"interferons, ribavirin",EVITER,Efficacy,PharmGKB,var_drug_ann
rs2359612,VKORC1,phenprocoumon,EVITER,Efficacy,PharmGKB,var_drug_ann
rs12208357,SLC22A1,morphine,ADAPTER_DOSE,Metabolism/PK,PharmGKB,var_drug_ann
rs17109924,LGR5,fluorouracil,EVITER,Efficacy,PharmGKB,var_drug_ann
rs1902023,UGT2B15,acetaminophen,ADAPTER_DOSE,Metabolism/PK,PharmGKB,var_drug_ann
rs34130495,SLC22A1,morphine,ADAPTER_DOSE,Metabolism/PK,PharmGKB,var_drug_ann
rs9462535,KIF6,"atorvastatin, pravastatin",EVITER,Efficacy,PharmGKB,var_drug_ann
rs1801133,MTHFR,"capecitabine, fluorouracil",ADAPTER_DOSE,Dosage,PharmGKB,var_drug_ann
rs4363657,SLCO1B1,"pitavastatin, pitavastatin lactone",ADAPTER_DOSE,Metabolism/PK,PharmGKB,var_drug_ann
rs1481012,ABCG2,rosuvastatin,EVITER,Efficacy,PharmGKB,var_drug_ann
rs2069502,CDK4,somatropin recombinant,EVITER,Efficacy,PharmGKB,var_drug_ann
rs9471077,KIF6,"atorvastatin, pravastatin",EVITER,Efficacy,PharmGKB,var_drug_ann
rs7541245,FMO5,metformin,EVITER,Efficacy,PharmGKB,var_drug_ann
rs17111584,USP24,rosuvastatin,EVITER,Efficacy,PharmGKB,var_drug_ann
rs4149056,SLCO1B1,"pitavastatin, pitavastatin lactone",ADAPTER_DOSE,Metabolism/PK,PharmGKB,var_drug_ann
rs5569,SLC6A2,methylphenidate,EVITER,Efficacy,PharmGKB,var_drug_ann
rs4774388,RORA,interferon beta-1a,EVITER,Efficacy,PharmGKB,var_drug_ann
rs28386840,SLC6A2,methylphenidate,EVITER,Efficacy,PharmGKB,var_drug_ann
rs71647871,CES1,remimazolam,ADAPTER_DOSE,Metabolism/PK,PharmGKB,var_drug_ann
rs71352238,APOE,rosuvastatin,EVITER,Efficacy,PharmGKB,var_drug_ann
rs7412,APOE,rosuvastatin,EVITER,Efficacy,PharmGKB,var_drug_ann
rs1883112,NCF4,idarubicin,EVITER,Efficacy,PharmGKB,var_drug_ann
rs717620,ABCC2,simvastatin,EVITER,Efficacy,PharmGKB,var_drug_ann
rs13058338,RAC2,idarubicin,EVITER,Efficacy,PharmGKB,var_drug_ann
rs12979860,"IFNL3, IFNL4","peginterferon alfa-2a, peginterferon alfa-2b",EVITER,Efficacy,PharmGKB,var_drug_ann
rs10455872,LPA,rosuvastatin,EVITER,Efficacy,PharmGKB,var_drug_ann
rs887829,"UGT1A1, UGT1A10, UGT1A3, UGT1A4, UGT1A5, UGT1A6, UGT1A7, UGT1A8, UGT1A9",atorvastatin,ADAPTER_DOSE,Metabolism/PK,PharmGKB,var_drug_ann
rs6265,BDNF,methylphenidate,EVITER,Efficacy,PharmGKB,var_drug_ann
rs45446698,CYP3A7,atorvastatin,ADAPTER_DOSE,Metabolism/PK,PharmGKB,var_drug_ann
rs762551,CYP1A2,clozapine,ADAPTER_DOSE,Metabolism/PK,PharmGKB,var_drug_ann
rs2279343,CYP2B6,efavirenz,ADAPTER_DOSE,Metabolism/PK,PharmGKB,var_drug_ann
rs20455,KIF6,"atorvastatin, pravastatin",EVITER,Efficacy,PharmGKB,var_drug_ann
rs1045642,ABCB1,efavirenz,ADAPTER_DOSE,Metabolism/PK,PharmGKB,var_drug_ann
rs2270777,CDK4,somatropin recombinant,EVITER,Efficacy,PharmGKB,var_drug_ann
rs254271,PRPF31,metformin,EVITER,Efficacy,PharmGKB,var_drug_ann
rs4240803,SLC7A5,gabapentin,ADAPTER_DOSE,Dosage,PharmGKB,var_drug_ann
rs57081354,NBEA,metformin,EVITER,Efficacy,PharmGKB,var_drug_ann
rs12208357,SLC22A1,sumatriptan,ADAPTER_DOSE,Metabolism/PK,PharmGKB,var_drug_ann
rs34130495,SLC22A1,fenoterol,ADAPTER_DOSE,Metabolism/PK,PharmGKB,var_drug_ann
rs12208357,SLC22A1,fenoterol,ADAPTER_DOSE,Metabolism/PK,PharmGKB,var_drug_ann
rs55918055,SLC22A1,fenoterol,ADAPTER_DOSE,Metabolism/PK,PharmGKB,var_drug_ann
rs34059508,SLC22A1,sumatriptan,ADAPTER_DOSE,Metabolism/PK,PharmGKB,var_drug_ann
rs3745274,CYP2B6,cyclophosphamide,EVITER,Efficacy,PharmGKB,var_drug_ann
rs34130495,SLC22A1,sumatriptan,ADAPTER_DOSE,Metabolism/PK,PharmGKB,var_drug_ann
rs1801278,IRS1,drugs used in diabetes,EVITER,Efficacy,PharmGKB,var_drug_ann
rs55918055,SLC22A1,sumatriptan,ADAPTER_DOSE,Metabolism/PK,PharmGKB,var_drug_ann
rs25487,XRCC1,"fluorouracil, leucovorin, oxaliplatin",EVITER,Efficacy,PharmGKB,var_drug_ann
rs1801394,MTRR,methotrexate,EVITER,Efficacy,PharmGKB,var_drug_ann
rs11615,ERCC1,"fluorouracil, leucovorin, oxaliplatin",EVITER,Efficacy,PharmGKB,var_drug_ann
rs34059508,SLC22A1,fenoterol,ADAPTER_DOSE,Metabolism/PK,PharmGKB,var_drug_ann
rs4149601,NEDD4L,hydrochlorothiazide,EVITER,Efficacy,PharmGKB,var_drug_ann
rs12980275,IFNL3,"peginterferon alfa-2a, peginterferon alfa-2b",EVITER,Efficacy,PharmGKB,var_drug_ann
rs2273897,ABCC2,emtricitabine,ADAPTER_DOSE,Metabolism/PK,PharmGKB,var_drug_ann
rs12208357,SLC22A1,cycloguanil,ADAPTER_DOSE,Metabolism/PK,PharmGKB,var_drug_ann
rs12208357,SLC22A1,proguanil,ADAPTER_DOSE,Metabolism/PK,PharmGKB,var_drug_ann
rs34130495,SLC22A1,cycloguanil,ADAPTER_DOSE,Metabolism/PK,PharmGKB,var_drug_ann
rs34130495,SLC22A1,proguanil,ADAPTER_DOSE,Metabolism/PK,PharmGKB,var_drug_ann
rs4240803,SLC7A5,"gabapentin, pregabalin",EVITER,Efficacy,PharmGKB,var_drug_ann
rs2162145,CPA6,metformin,EVITER,Efficacy,PharmGKB,var_drug_ann
rs881152,DUSP1,salbutamol,EVITER,Efficacy,PharmGKB,var_drug_ann
rs34059508,SLC22A1,tramadol,ADAPTER_DOSE,Dosage,PharmGKB,var_drug_ann
rs4149117,SLCO1B3,tacrolimus,ADAPTER_DOSE,Metabolism/PK,PharmGKB,var_drug_ann
rs1126757,IL11,escitalopram,EVITER,Efficacy,PharmGKB,var_drug_ann
rs2307240,CES1,clopidogrel,EVITER,Efficacy,PharmGKB,var_drug_ann
rs1499821,SLC2A2,tacrolimus,ADAPTER_DOSE,Metabolism/PK,PharmGKB,var_drug_ann
rs10493112,YBX1,abiraterone,EVITER,Efficacy,PharmGKB,var_drug_ann
rs1955915,NFATC4,tacrolimus,ADAPTER_DOSE,Metabolism/PK,PharmGKB,var_drug_ann
rs4149056,SLCO1B1,grazoprevir,SURVEILLER,PD,PharmGKB,var_drug_ann
rs1080985,CYP2D6,bisoprolol,ADAPTER_DOSE,Metabolism/PK,PharmGKB,var_drug_ann
rs11045819,SLCO1B1,grazoprevir,SURVEILLER,PD,PharmGKB,var_drug_ann
rs7127507,"BDNF, BDNF-AS",methadone,EVITER,Efficacy,PharmGKB,var_drug_ann
rs12208357,SLC22A1,o-desmethyltramadol,ADAPTER_DOSE,Metabolism/PK,PharmGKB,var_drug_ann
rs2070744,NOS3,enalapril,EVITER,Efficacy,PharmGKB,var_drug_ann
rs11030118,"BDNF, BDNF-AS",methadone,EVITER,Efficacy,PharmGKB,var_drug_ann
rs7089580,CYP2C9,warfarin,ADAPTER_DOSE,Dosage,PharmGKB,var_drug_ann
rs1967554,"BDNF, BDNF-AS",methadone,EVITER,Efficacy,PharmGKB,var_drug_ann
rs2030324,BDNF,methadone,EVITER,Efficacy,PharmGKB,var_drug_ann
rs3892097,CYP2D6,bisoprolol,ADAPTER_DOSE,Metabolism/PK,PharmGKB,var_drug_ann
rs3957357,GSTA1,busulfan,ADAPTER_DOSE,Metabolism/PK,PharmGKB,var_drug_ann
rs34130495,SLC22A1,o-desmethyltramadol,ADAPTER_DOSE,Metabolism/PK,PharmGKB,var_drug_ann
rs34059508,SLC22A1,o-desmethyltramadol,ADAPTER_DOSE,Metabolism/PK,PharmGKB,var_drug_ann
rs1799722,BDKRB2,enalapril,EVITER,Efficacy,PharmGKB,var_drug_ann
rs988748,BDNF,methadone,EVITER,Efficacy,PharmGKB,var_drug_ann
rs55918055,SLC22A1,o-desmethyltramadol,ADAPTER_DOSE,Metabolism/PK,PharmGKB,var_drug_ann
rs55918055,SLC22A1,tramadol,ADAPTER_DOSE,Dosage,PharmGKB,var_drug_ann
rs1057910,CYP2C9,celecoxib,ADAPTER_DOSE,Metabolism/PK,PharmGKB,var_drug_ann
rs11030119,BDNF,methadone,EVITER,Efficacy,PharmGKB,var_drug_ann
rs12208357,SLC22A1,tramadol,ADAPTER_DOSE,Dosage,PharmGKB,var_drug_ann
rs776746,CYP3A5,bisoprolol,ADAPTER_DOSE,Metabolism/PK,PharmGKB,var_drug_ann
rs34130495,SLC22A1,tramadol,ADAPTER_DOSE,Dosage,PharmGKB,var_drug_ann
rs4149570,TNFRSF1A,tumor necrosis factor alpha (tnf-alpha) inhibitors,EVITER,Efficacy,PharmGKB,var_drug_ann
rs5030728,TLR4,tumor necrosis factor alpha (tnf-alpha) inhibitors,EVITER,Efficacy,PharmGKB,var_drug_ann
rs8065082,SLC47A1,metformin,EVITER,Efficacy,PharmGKB,var_drug_ann
rs4696480,TLR2,tumor necrosis factor alpha (tnf-alpha) inhibitors,EVITER,Efficacy,PharmGKB,var_drug_ann
rs2430561,IFNG,tumor necrosis factor alpha (tnf-alpha) inhibitors,EVITER,Efficacy,PharmGKB,var_drug_ann
rs352139,TLR9,tumor necrosis factor alpha (tnf-alpha) inhibitors,EVITER,Efficacy,PharmGKB,var_drug_ann
rs4072879,VKORC1L1,warfarin,ADAPTER_DOSE,Dosage,PharmGKB,var_drug_ann
rs3804099,TLR2,tumor necrosis factor alpha (tnf-alpha) inhibitors,EVITER,Efficacy,PharmGKB,var_drug_ann
rs1816702,TLR2,tumor necrosis factor alpha (tnf-alpha) inhibitors,EVITER,Efficacy,PharmGKB,var_drug_ann
rs1799971,OPRM1,sufentanil,ADAPTER_DOSE,Dosage,PharmGKB,var_drug_ann
rs2249015,ENPP2,opioids,ADAPTER_DOSE,Dosage,PharmGKB,var_drug_ann
rs429358,APOE,"donepezil, galantamine, rivastigmine",EVITER,Efficacy,PharmGKB,var_drug_ann
rs6467136,PAX4,rosiglitazone,EVITER,Efficacy,PharmGKB,var_drug_ann
rs429358,APOE,atorvastatin,EVITER,Efficacy,PharmGKB,var_drug_ann
rs1045642,ABCB1,opioids,SURVEILLER,"Dosage, Efficacy",PharmGKB,var_drug_ann
rs10499563,IL6,tumor necrosis factor alpha (tnf-alpha) inhibitors,EVITER,Efficacy,PharmGKB,var_drug_ann
rs2275913,IL17A,tumor necrosis factor alpha (tnf-alpha) inhibitors,EVITER,Efficacy,PharmGKB,var_drug_ann
rs11568658,ABCC4,latanoprost,EVITER,Efficacy,PharmGKB,var_drug_ann
rs1061622,TNFRSF1B,"adalimumab, etanercept, infliximab, ustekinumab",EVITER,Efficacy,PharmGKB,var_drug_ann
rs1554973,CNPY4,tumor necrosis factor alpha (tnf-alpha) inhibitors,EVITER,Efficacy,PharmGKB,var_drug_ann
rs3781719,CALCA,botulinum toxin type a,EVITER,Efficacy,PharmGKB,var_drug_ann
rs2569190,CD14,tumor necrosis factor alpha (tnf-alpha) inhibitors,EVITER,Efficacy,PharmGKB,var_drug_ann
rs11938228,TLR2,tumor necrosis factor alpha (tnf-alpha) inhibitors,EVITER,Efficacy,PharmGKB,var_drug_ann
rs222749,TRPV1,botulinum toxin type a,EVITER,Efficacy,PharmGKB,var_drug_ann
rs7832704,ENPP2,opioids,ADAPTER_DOSE,Dosage,PharmGKB,var_drug_ann
rs4848306,IL1B,tumor necrosis factor alpha (tnf-alpha) inhibitors,EVITER,Efficacy,PharmGKB,var_drug_ann
rs4251961,IL1RN,tumor necrosis factor alpha (tnf-alpha) inhibitors,EVITER,Efficacy,PharmGKB,var_drug_ann
rs6927172,TNFAIP3,tumor necrosis factor alpha (tnf-alpha) inhibitors,EVITER,Efficacy,PharmGKB,var_drug_ann
rs429358,APOE,hmg-coa reductase inhibitors,EVITER,Efficacy,PharmGKB,var_drug_ann
rs1045642,ABCB1,losartan,EVITER,Efficacy,PharmGKB,var_drug_ann
rs61734430,FOLR3,pemetrexed,EVITER,Efficacy,PharmGKB,var_drug_ann
rs4803217,IFNL3,"peginterferon alfa-2a, ribavirin",EVITER,Efficacy,PharmGKB,var_drug_ann
rs1801058,GRK4,metoprolol,EVITER,Efficacy,PharmGKB,var_drug_ann
rs12979860,"IFNL3, IFNL4",highly active antiretroviral therapy (haart),EVITER,Efficacy,PharmGKB,var_drug_ann
rs7997012,HTR2A,fluoxetine,EVITER,Efficacy,PharmGKB,var_drug_ann
rs1800629,TNF,tumor necrosis factor alpha (tnf-alpha) inhibitors,EVITER,Efficacy,PharmGKB,var_drug_ann
rs8099917,"IFNL3, IFNL4","direct acting antivirals, elbasvir / grazoprevir, ledipasvir / sofosbuvir",EVITER,Efficacy,PharmGKB,var_drug_ann
rs2960306,GRK4,metoprolol,EVITER,Efficacy,PharmGKB,var_drug_ann
rs717620,ABCC2,tacrolimus,ADAPTER_DOSE,Metabolism/PK,PharmGKB,var_drug_ann
rs1024323,GRK4,metoprolol,EVITER,Efficacy,PharmGKB,var_drug_ann
rs3762556,GAD1,methadone,ADAPTER_DOSE,Dosage,PharmGKB,var_drug_ann
rs1143634,IL1B,infliximab,EVITER,Efficacy,PharmGKB,var_drug_ann
rs769404,GAD1,methadone,ADAPTER_DOSE,Dosage,PharmGKB,var_drug_ann
rs3834939,SLCO1A2,rocuronium,ADAPTER_DOSE,Metabolism/PK,PharmGKB,var_drug_ann
rs1058164,CYP2D6,aripiprazole,ADAPTER_DOSE,Metabolism/PK,PharmGKB,var_drug_ann
rs28371699,CYP2D6,aripiprazole,ADAPTER_DOSE,Metabolism/PK,PharmGKB,var_drug_ann
rs2074900,CYP4F2,ticagrelor,ADAPTER_DOSE,Metabolism/PK,PharmGKB,var_drug_ann
rs2011404,UGT1A4,clozapine,ADAPTER_DOSE,Metabolism/PK,PharmGKB,var_drug_ann
rs1002976,VEGFC,uric acid,ADAPTER_DOSE,Metabolism/PK,PharmGKB,var_drug_ann
rs4149032,SLCO1B1,letermovir,ADAPTER_DOSE,Metabolism/PK,PharmGKB,var_drug_ann
rs34946978,UGT1A1,clozapine,ADAPTER_DOSE,Metabolism/PK,PharmGKB,var_drug_ann
rs3792269,CAPN10,metformin,EVITER,Efficacy,PharmGKB,var_drug_ann
rs4149056,SLCO1B1,letermovir,ADAPTER_DOSE,Metabolism/PK,PharmGKB,var_drug_ann
rs4148323,UGT1A1,letermovir,ADAPTER_DOSE,Metabolism/PK,PharmGKB,var_drug_ann
rs760316,FHIT,"interferon beta-1a, interferon beta-1b",EVITER,Efficacy,PharmGKB,var_drug_ann
rs7512785,FMO2,glyburide,EVITER,Efficacy,PharmGKB,var_drug_ann
rs1042713,ADRB2,propranolol,EVITER,Efficacy,PharmGKB,var_drug_ann
rs1128503,ABCB1,methotrexate,EVITER,Efficacy,PharmGKB,var_drug_ann
rs10248420,ABCB1,clozapine,EVITER,Efficacy,PharmGKB,var_drug_ann
rs3763980,SLC16A7,methotrexate,EVITER,Efficacy,PharmGKB,var_drug_ann
rs12231740,SLC16A7,methotrexate,EVITER,Efficacy,PharmGKB,var_drug_ann
rs4948496,ARID5B,methotrexate,ADAPTER_DOSE,Metabolism/PK,PharmGKB,var_drug_ann
rs4148323,UGT1A1,clozapine,ADAPTER_DOSE,Metabolism/PK,PharmGKB,var_drug_ann
rs7412,APOE,fenofibrate,EVITER,Efficacy,PharmGKB,var_drug_ann
rs8099917,"IFNL3, IFNL4","peginterferon alfa-2a, peginterferon alfa-2b",EVITER,Efficacy,PharmGKB,var_drug_ann
rs3762555,GAD1,methadone,ADAPTER_DOSE,Dosage,PharmGKB,var_drug_ann
rs3749034,GAD1,methadone,ADAPTER_DOSE,Dosage,PharmGKB,var_drug_ann
rs7787082,ABCB1,clozapine,EVITER,Efficacy,PharmGKB,var_drug_ann
rs1495741,NAT2,iguratimod,EVITER,Efficacy,PharmGKB,var_drug_ann
rs28371702,CYP2D6,aripiprazole,ADAPTER_DOSE,Metabolism/PK,PharmGKB,var_drug_ann
rs163184,KCNQ1,"sitagliptin, vildagliptin",EVITER,Efficacy,PharmGKB,var_drug_ann
rs2231142,ABCG2,iguratimod,EVITER,Efficacy,PharmGKB,var_drug_ann
CYP2D6 poor metabolizer,CYP2D6,desipramine,ADAPTER_DOSE,Metabolism/PK,PharmGKB,var_drug_ann
rs2291858,GAPVD1,"interferon beta-1a, interferon beta-1b",EVITER,Efficacy,PharmGKB,var_drug_ann
rs204047,OPRD1,methadone,ADAPTER_DOSE,Dosage,PharmGKB,var_drug_ann
rs797397,OPRD1,methadone,ADAPTER_DOSE,Metabolism/PK,PharmGKB,var_drug_ann
rs1344706,ZNF804A,antipsychotics,EVITER,Efficacy,PharmGKB,var_drug_ann
rs10819043,GAPVD1,"interferon beta-1a, interferon beta-1b",EVITER,Efficacy,PharmGKB,var_drug_ann
rs1048943,CYP1A1,"capecitabine, docetaxel",EVITER,Efficacy,PharmGKB,var_drug_ann
rs7793861,CYP51A1,glyburide,EVITER,Efficacy,PharmGKB,var_drug_ann
rs7515157,FMO2,glyburide,EVITER,Efficacy,PharmGKB,var_drug_ann
rs2032582,ABCB1,anastrozole,ADAPTER_DOSE,Metabolism/PK,PharmGKB,var_drug_ann
rs10042486,HTR1A,"amisulpride, antipsychotics, olanzapine, quetiapine, risperidone",EVITER,Efficacy,PharmGKB,var_drug_ann
rs950569,BRINP3,uric acid,ADAPTER_DOSE,Metabolism/PK,PharmGKB,var_drug_ann
rs4148269,UGT2B15,glyburide,EVITER,Efficacy,PharmGKB,var_drug_ann
rs10760397,GAPVD1,"interferon beta-1a, interferon beta-1b",EVITER,Efficacy,PharmGKB,var_drug_ann
rs2477134,PADI4,uric acid,ADAPTER_DOSE,Metabolism/PK,PharmGKB,var_drug_ann
rs10494227,ZNF697,"interferon beta-1a, interferon beta-1b",EVITER,Efficacy,PharmGKB,var_drug_ann
rs1533682,ABCC5,doxorubicin,ADAPTER_DOSE,Metabolism/PK,PharmGKB,var_drug_ann
rs861539,XRCC3,platinum compounds,EVITER,Efficacy,PharmGKB,var_drug_ann
rs1803545,MAPK1,glyburide,EVITER,Efficacy,PharmGKB,var_drug_ann
rs3749442,ABCC5,glyburide,EVITER,Efficacy,PharmGKB,var_drug_ann
rs1135840,CYP2D6,aripiprazole,ADAPTER_DOSE,Metabolism/PK,PharmGKB,var_drug_ann
rs2303070,SPINK5,glyburide,EVITER,Efficacy,PharmGKB,var_drug_ann
rs5224,BDKRB2,glyburide,EVITER,Efficacy,PharmGKB,var_drug_ann
rs3729910,MAPK1,glyburide,EVITER,Efficacy,PharmGKB,var_drug_ann
rs2032582,ABCB1,iguratimod,EVITER,Efficacy,PharmGKB,var_drug_ann
rs11940694,KLB,ethanol,EVITER,Toxicity,PharmGKB,var_drug_ann
rs2077647,ESR1,glyburide,EVITER,Efficacy,PharmGKB,var_drug_ann
rs2305089,TBXT,flunisolide,EVITER,Efficacy,PharmGKB,var_drug_ann
rs3212986,ERCC1,"granisetron, palonosetron",EVITER,Efficacy,PharmGKB,var_drug_ann
rs3892097,CYP2D6,valproic acid,EVITER,Efficacy,PharmGKB,var_drug_ann
rs1061622,TNFRSF1B,tumor necrosis factor alpha (tnf-alpha) inhibitors,EVITER,Efficacy,PharmGKB,var_drug_ann
rs1076560,DRD2,rasagiline,EVITER,Efficacy,PharmGKB,var_drug_ann
rs2283265,DRD2,rasagiline,EVITER,Efficacy,PharmGKB,var_drug_ann
rs4553808,CTLA4,tacrolimus,ADAPTER_DOSE,Metabolism/PK,PharmGKB,var_drug_ann
rs10501087,BDNF-AS,antidepressants,EVITER,Efficacy,PharmGKB,var_drug_ann
rs181781,IL3,tacrolimus,ADAPTER_DOSE,Metabolism/PK,PharmGKB,var_drug_ann
rs6755571,UGT1A4,lamotrigine,ADAPTER_DOSE,Metabolism/PK,PharmGKB,var_drug_ann
rs4917639,CYP2C9,warfarin,ADAPTER_DOSE,Dosage,PharmGKB,var_drug_ann
rs2585428,CYP24A1,telaprevir,ADAPTER_DOSE,Metabolism/PK,PharmGKB,var_drug_ann
rs1044396,CHRNA4,varenicline,EVITER,Efficacy,PharmGKB,var_drug_ann
rs4646425,CYP1A2,escitalopram,ADAPTER_DOSE,Metabolism/PK,PharmGKB,var_drug_ann
rs2069526,CYP1A2,escitalopram,ADAPTER_DOSE,Metabolism/PK,PharmGKB,var_drug_ann
rs4646427,CYP1A2,escitalopram,ADAPTER_DOSE,Metabolism/PK,PharmGKB,var_drug_ann
rs430397,HSPA5,platinum compounds,EVITER,Efficacy,PharmGKB,var_drug_ann
rs1045642,ABCB1,morphine,ADAPTER_DOSE,Metabolism/PK,PharmGKB,var_drug_ann
rs6785930,P2RY12,clopidogrel,EVITER,Efficacy,PharmGKB,var_drug_ann
rs6809699,P2RY12,clopidogrel,EVITER,Efficacy,PharmGKB,var_drug_ann
rs361525,TNF,tumor necrosis factor alpha (tnf-alpha) inhibitors,EVITER,Efficacy,PharmGKB,var_drug_ann
rs2872507,ORMDL3,fluticasone propionate,EVITER,Efficacy,PharmGKB,var_drug_ann
rs1801274,FCGR2A,"abatacept, rituximab, tocilizumab, tumor necrosis factor alpha (tnf-alpha) inhibitors",EVITER,Efficacy,PharmGKB,var_drug_ann
rs1057910,CYP2C9,valproic acid,ADAPTER_DOSE,Metabolism/PK,PharmGKB,var_drug_ann
rs4149056,SLCO1B1,atazanavir / ritonavir,ADAPTER_DOSE,Metabolism/PK,PharmGKB,var_drug_ann
rs13120400,ABCG2,deferasirox,ADAPTER_DOSE,Metabolism/PK,PharmGKB,var_drug_ann
rs776746,CYP3A5,atazanavir / ritonavir,ADAPTER_DOSE,Metabolism/PK,PharmGKB,var_drug_ann
rs10509680,CYP2C9,warfarin,ADAPTER_DOSE,Dosage,PharmGKB,var_drug_ann
rs7975232,VDR,"adalimumab, certolizumab pegol, etanercept, golimumab, infliximab",EVITER,Efficacy,PharmGKB,var_drug_ann
rs5186,AGTR1,angiotensin ii,EVITER,Efficacy,PharmGKB,var_drug_ann
rs41423247,NR3C1,antiepileptics,EVITER,Efficacy,PharmGKB,var_drug_ann
rs2273697,ABCC2,deferasirox,ADAPTER_DOSE,Metabolism/PK,PharmGKB,var_drug_ann
rs7412,APOE,fluvastatin,EVITER,Efficacy,PharmGKB,var_drug_ann
rs2289669,SLC47A1,metformin,EVITER,Efficacy,PharmGKB,var_drug_ann
rs1045642,ABCB1,talinolol,ADAPTER_DOSE,Metabolism/PK,PharmGKB,var_drug_ann
rs7439366,UGT2B7,lamotrigine,ADAPTER_DOSE,Metabolism/PK,PharmGKB,var_drug_ann
rs598961,PDE4B,ritodrine,EVITER,Efficacy,PharmGKB,var_drug_ann
rs4986910,CYP3A4,tacrolimus,SURVEILLER,"Dosage, Metabolism/PK",PharmGKB,var_drug_ann
rs1902023,UGT2B15,lamotrigine,ADAPTER_DOSE,Metabolism/PK,PharmGKB,var_drug_ann
rs1057868,POR,bupropion,ADAPTER_DOSE,Metabolism/PK,PharmGKB,var_drug_ann
rs1800975,XPA,platinum compounds,EVITER,Efficacy,PharmGKB,var_drug_ann
rs2032582,ABCB1,"aripiprazole, dehydroaripiprazole",ADAPTER_DOSE,Metabolism/PK,PharmGKB,var_drug_ann
rs1045642,ABCB1,"aripiprazole, dehydroaripiprazole",ADAPTER_DOSE,Metabolism/PK,PharmGKB,var_drug_ann
rs1128503,ABCB1,"aripiprazole, dehydroaripiprazole",ADAPTER_DOSE,Metabolism/PK,PharmGKB,var_drug_ann
rs1800871,IL10,tacrolimus,ADAPTER_DOSE,Metabolism/PK,PharmGKB,var_drug_ann
rs3918242,MMP9,"antihypertensives, hydralazine, methyldopa, nifedipine",EVITER,Efficacy,PharmGKB,var_drug_ann
rs11568820,VDR,daclatasvir,ADAPTER_DOSE,Metabolism/PK,PharmGKB,var_drug_ann
rs3918242,MMP9,methyldopa,EVITER,Efficacy,PharmGKB,var_drug_ann
rs2248359,CYP24A1,daclatasvir,ADAPTER_DOSE,Metabolism/PK,PharmGKB,var_drug_ann
rs3812718,SCN1A,"carbamazepine, oxcarbazepine",EVITER,Efficacy,PharmGKB,var_drug_ann
rs10898815,NUMA1,calcium channel blockers,EVITER,Efficacy,PharmGKB,var_drug_ann
rs2429427,TANC2,calcium channel blockers,EVITER,Efficacy,PharmGKB,var_drug_ann
rs5443,GNB3,sibutramine,EVITER,Efficacy,PharmGKB,var_drug_ann
rs2273697,ABCC2,"carbamazepine, oxcarbazepine",EVITER,Efficacy,PharmGKB,var_drug_ann
rs3957356,GSTA1,busulfan,ADAPTER_DOSE,Metabolism/PK,PharmGKB,var_drug_ann
rs8192709,CYP2B6,s-eddp,ADAPTER_DOSE,Metabolism/PK,PharmGKB,var_drug_ann
rs12052787,UGT1A9,simvastatin,EVITER,Efficacy,PharmGKB,var_drug_ann
rs2003569,UGT1A9,simvastatin,EVITER,Efficacy,PharmGKB,var_drug_ann
rs1799801,ERCC4,platinum compounds,EVITER,Efficacy,PharmGKB,var_drug_ann
rs3892097,CYP2D6,"amitriptyline, clomipramine, doxepin, imipramine, maprotiline, nortriptyline, opipramol",SURVEILLER,"Dosage, Efficacy",PharmGKB,var_drug_ann
rs3738948,ERCC3,platinum compounds,EVITER,Efficacy,PharmGKB,var_drug_ann
rs8192720,CYP2A6,tegafur,ADAPTER_DOSE,Metabolism/PK,PharmGKB,var_drug_ann
rs1801133,MTHFR,"antipsychotics, chlorpromazine, clozapine, haloperidol, olanzapine, quetiapine, risperidone",EVITER,Efficacy,PharmGKB,var_drug_ann
rs7439366,UGT2B7,oxycodone,EVITER,Efficacy,PharmGKB,var_drug_ann
rs1042714,ADRB2,terbutaline,ADAPTER_DOSE,Metabolism/PK,PharmGKB,var_drug_ann
rs3745274,CYP2B6,bupropion,ADAPTER_DOSE,Metabolism/PK,PharmGKB,var_drug_ann
rs4483927,HRH4,risperidone,EVITER,Efficacy,PharmGKB,var_drug_ann
rs2960306,GRK4,atenolol,EVITER,Efficacy,PharmGKB,var_drug_ann
rs1024323,GRK4,atenolol,EVITER,Efficacy,PharmGKB,var_drug_ann
rs588076,PICALM,calcium channel blockers,EVITER,Efficacy,PharmGKB,var_drug_ann
rs12979860,"IFNL3, IFNL4","deleobuvir, faldaprevir",EVITER,Efficacy,PharmGKB,var_drug_ann
rs11503014,GABRA2,propofol,SURVEILLER,Other,PharmGKB,var_drug_ann
rs3212198,HNF4A,warfarin,ADAPTER_DOSE,Dosage,PharmGKB,var_drug_ann
rs1056836,CYP1B1,"codeine, tramadol",EVITER,Efficacy,PharmGKB,var_drug_ann
rs121434568,EGFR,"erlotinib, gefitinib",EVITER,Efficacy,PharmGKB,var_drug_ann
rs2501873,NR1I3,warfarin,ADAPTER_DOSE,Dosage,PharmGKB,var_drug_ann
rs3733694,PCDHB8,verapamil,EVITER,Efficacy,PharmGKB,var_drug_ann
rs1057868,POR,rivaroxaban,ADAPTER_DOSE,Metabolism/PK,PharmGKB,var_drug_ann
rs17844444,PCDHB6,verapamil,EVITER,Efficacy,PharmGKB,var_drug_ann
rs61764370,KRAS,"capecitabine, cetuximab, oxaliplatin",EVITER,Efficacy,PharmGKB,var_drug_ann
rs5186,AGTR1,atorvastatin,ADAPTER_DOSE,Metabolism/PK,PharmGKB,var_drug_ann
rs1799722,BDKRB2,atorvastatin,ADAPTER_DOSE,Metabolism/PK,PharmGKB,var_drug_ann
rs5186,AGTR1,losartan,EVITER,Efficacy,PharmGKB,var_drug_ann
rs9479757,OPRM1,heroin,ADAPTER_DOSE,Dosage,PharmGKB,var_drug_ann
rs1799836,MAOB,"5-hydroxyindole-3-acetic acid, serotonin",ADAPTER_DOSE,Metabolism/PK,PharmGKB,var_drug_ann
rs1954787,GRIK4,antidepressants,EVITER,Efficacy,PharmGKB,var_drug_ann
rs1057868,POR,apixaban,ADAPTER_DOSE,Metabolism/PK,PharmGKB,var_drug_ann
rs2741049,UGT1A9,oxcarbazepine,EVITER,Efficacy,PharmGKB,var_drug_ann
rs1056837,CYP1B1,"codeine, tramadol",EVITER,Efficacy,PharmGKB,var_drug_ann
rs1799998,CYP11B2,candesartan,EVITER,Efficacy,PharmGKB,var_drug_ann
rs35742686,CYP2D6,"hydrocodone, oxycodone",EVITER,Efficacy,PharmGKB,var_drug_ann
rs3733829,EGLN2,3-hydroxycotinine,ADAPTER_DOSE,Metabolism/PK,PharmGKB,var_drug_ann
rs76026520,MACROD2,"hydrocodone, oxycodone",EVITER,Efficacy,PharmGKB,var_drug_ann
rs5443,GNB3,clonidine,EVITER,Efficacy,PharmGKB,var_drug_ann
rs1801133,MTHFR,benazepril,EVITER,Efficacy,PharmGKB,var_drug_ann
rs2606345,CYP1A1,deferasirox,ADAPTER_DOSE,Metabolism/PK,PharmGKB,var_drug_ann
rs1029489,IL4R,pitrakinra,EVITER,Efficacy,PharmGKB,var_drug_ann
rs11130424,CACNA2D3,radiotherapy,EVITER,Efficacy,PharmGKB,var_drug_ann
rs9483947,MAP3K5,hydroxyurea,EVITER,Efficacy,PharmGKB,var_drug_ann
rs13144136,CLNK,antihypertensives,EVITER,Efficacy,PharmGKB,var_drug_ann
rs9376230,MAP3K5,hydroxyurea,EVITER,Efficacy,PharmGKB,var_drug_ann
rs717620,ABCC2,atorvastatin,EVITER,Efficacy,PharmGKB,var_drug_ann
rs2241883,FABP1,fenofibrate,EVITER,Efficacy,PharmGKB,var_drug_ann
rs308395,FGF2,"lenalidomide, thalidomide",EVITER,Efficacy,PharmGKB,var_drug_ann
rs979605,MAOA,antidepressants,ADAPTER_DOSE,Metabolism/PK,PharmGKB,var_drug_ann
rs292449,NEDD4L,hydrochlorothiazide,EVITER,Efficacy,PharmGKB,var_drug_ann
rs8832,IL4R,pitrakinra,EVITER,Efficacy,PharmGKB,var_drug_ann
rs3024530,IL4R,pitrakinra,EVITER,Efficacy,PharmGKB,var_drug_ann
rs1110470,IL4R,pitrakinra,EVITER,Efficacy,PharmGKB,var_drug_ann
rs2239347,IL4R,pitrakinra,EVITER,Efficacy,PharmGKB,var_drug_ann
rs1805087,MTR,benazepril,EVITER,Efficacy,PharmGKB,var_drug_ann
rs1805010,IL4R,pitrakinra,EVITER,Efficacy,PharmGKB,var_drug_ann
rs717620,ABCC2,voriconazole,ADAPTER_DOSE,Metabolism/PK,PharmGKB,var_drug_ann
rs9934438,VKORC1,"acenocoumarol, phenprocoumon",SURVEILLER,"Dosage, Toxicity",PharmGKB,var_drug_ann
rs2266782,FMO3,sulindac,ADAPTER_DOSE,Metabolism/PK,PharmGKB,var_drug_ann
rs7311358,SLCO1B3,mycophenolate mofetil,ADAPTER_DOSE,Metabolism/PK,PharmGKB,var_drug_ann
rs2266780,FMO3,sulindac,ADAPTER_DOSE,Metabolism/PK,PharmGKB,var_drug_ann
rs8105790,IFNL3,"peginterferon alfa-2a, ribavirin",EVITER,Efficacy,PharmGKB,var_drug_ann
rs8103142,IFNL3,"peginterferon alfa-2a, ribavirin",EVITER,Efficacy,PharmGKB,var_drug_ann
rs1523130,NR1I2,memantine,ADAPTER_DOSE,Metabolism/PK,PharmGKB,var_drug_ann
rs1042713,ADRB2,benazepril,EVITER,Efficacy,PharmGKB,var_drug_ann
rs11881222,IFNL3,"peginterferon alfa-2a, ribavirin",EVITER,Efficacy,PharmGKB,var_drug_ann
rs7248668,IFNL3,"peginterferon alfa-2a, ribavirin",EVITER,Efficacy,PharmGKB,var_drug_ann
rs7968606,ANKS1B,amisulpride,EVITER,Efficacy,PharmGKB,var_drug_ann
rs28416813,IFNL3,"peginterferon alfa-2a, ribavirin",EVITER,Efficacy,PharmGKB,var_drug_ann
rs4803219,IFNL3,"peginterferon alfa-2a, ribavirin",EVITER,Efficacy,PharmGKB,var_drug_ann
rs4238001,SCARB1,rosuvastatin,EVITER,Efficacy,PharmGKB,var_drug_ann
rs2273697,ABCC2,lacosamide,ADAPTER_DOSE,Metabolism/PK,PharmGKB,var_drug_ann
rs11960832,SV2C,olanzapine,EVITER,Efficacy,PharmGKB,var_drug_ann
rs2240017,TBX21,corticosteroids,EVITER,Efficacy,PharmGKB,var_drug_ann
rs2238476,ABCC1,methotrexate,EVITER,Efficacy,PharmGKB,var_drug_ann
rs6314,HTR2A,antidepressants,EVITER,Efficacy,PharmGKB,var_drug_ann
rs1065852,CYP2D6,"carbamazepine, lamotrigine, phenytoin, primidone, valproic acid",EVITER,Efficacy,PharmGKB,var_drug_ann
rs9332120,CYP2C9,"carbamazepine, lamotrigine, phenytoin, primidone, valproic acid",EVITER,Efficacy,PharmGKB,var_drug_ann
rs3892097,CYP2D6,"carbamazepine, lamotrigine, phenytoin, primidone, valproic acid",EVITER,Efficacy,PharmGKB,var_drug_ann
rs2740574,CYP3A4,"carbamazepine, lamotrigine, phenytoin, primidone, valproic acid",EVITER,Efficacy,PharmGKB,var_drug_ann
rs2687116,CYP3A4,"carbamazepine, lamotrigine, phenytoin, primidone, valproic acid",EVITER,Efficacy,PharmGKB,var_drug_ann
rs61908411,ANO2,duloxetine,EVITER,Efficacy,PharmGKB,var_drug_ann
rs61908409,ANO2,duloxetine,EVITER,Efficacy,PharmGKB,var_drug_ann
rs61908410,ANO2,duloxetine,EVITER,Efficacy,PharmGKB,var_drug_ann
rs78615940,ANO2,duloxetine,EVITER,Efficacy,PharmGKB,var_drug_ann
rs78482393,ANO2,duloxetine,EVITER,Efficacy,PharmGKB,var_drug_ann
rs61908405,ANO2,duloxetine,EVITER,Efficacy,PharmGKB,var_drug_ann
rs61908406,ANO2,duloxetine,EVITER,Efficacy,PharmGKB,var_drug_ann
rs2781659,ARG1,selective beta-2-adrenoreceptor agonists,EVITER,Efficacy,PharmGKB,var_drug_ann
rs61908404,ANO2,duloxetine,EVITER,Efficacy,PharmGKB,var_drug_ann
rs61908408,ANO2,duloxetine,EVITER,Efficacy,PharmGKB,var_drug_ann
rs61908407,ANO2,duloxetine,EVITER,Efficacy,PharmGKB,var_drug_ann
rs17786412,ANO2,duloxetine,EVITER,Efficacy,PharmGKB,var_drug_ann
rs17786400,ANO2,duloxetine,EVITER,Efficacy,PharmGKB,var_drug_ann
rs9282564,ABCB1,methadone,ADAPTER_DOSE,Metabolism/PK,PharmGKB,var_drug_ann
rs61908403,ANO2,duloxetine,EVITER,Efficacy,PharmGKB,var_drug_ann
rs61908402,ANO2,duloxetine,EVITER,Efficacy,PharmGKB,var_drug_ann
rs1801253,ADRB1,dobutamine,EVITER,Efficacy,PharmGKB,var_drug_ann
rs17724452,ANO2,duloxetine,EVITER,Efficacy,PharmGKB,var_drug_ann
rs2114358,PVT1,glatiramer acetate,EVITER,Efficacy,PharmGKB,var_drug_ann
rs17724494,ANO2,duloxetine,EVITER,Efficacy,PharmGKB,var_drug_ann
rs17786394,ANO2,duloxetine,EVITER,Efficacy,PharmGKB,var_drug_ann
rs17724464,ANO2,duloxetine,EVITER,Efficacy,PharmGKB,var_drug_ann
rs7439366,UGT2B7,methadone,ADAPTER_DOSE,Metabolism/PK,PharmGKB,var_drug_ann
rs9344,CCND1,"pemetrexed, platinum compounds",EVITER,Efficacy,PharmGKB,var_drug_ann
rs2753325,CACNA1H,lamotrigine,EVITER,Efficacy,PharmGKB,var_drug_ann
TPMT low activity,TPMT,azathioprine,ADAPTER_DOSE,Metabolism/PK,PharmGKB,var_drug_ann
rs6065,GP1BA,aspirin,EVITER,Efficacy,PharmGKB,var_drug_ann
rs1045642,ABCB1,trazodone,ADAPTER_DOSE,Metabolism/PK,PharmGKB,var_drug_ann
rs4802101,CYP2B6,cyclophosphamide,ADAPTER_DOSE,Metabolism/PK,PharmGKB,var_drug_ann
rs10994982,ARID5B,methotrexate,ADAPTER_DOSE,Metabolism/PK,PharmGKB,var_drug_ann
rs1799971,OPRM1,oxycodone,EVITER,Efficacy,PharmGKB,var_drug_ann
rs4244285,CYP2C19,cyclophosphamide,ADAPTER_DOSE,Metabolism/PK,PharmGKB,var_drug_ann
rs4253778,PPARA,fenofibrate,EVITER,Efficacy,PharmGKB,var_drug_ann
rs11231809,SLC22A11,methotrexate,EVITER,Efficacy,PharmGKB,var_drug_ann
rs246240,ABCC1,methotrexate,EVITER,Efficacy,PharmGKB,var_drug_ann
rs3846662,HMGCR,hmg-coa reductase inhibitors,EVITER,Efficacy,PharmGKB,var_drug_ann
rs3784864,ABCC1,methotrexate,EVITER,Efficacy,PharmGKB,var_drug_ann
rs776746,CYP3A5,4-hydroxycyclophosphamide,ADAPTER_DOSE,Metabolism/PK,PharmGKB,var_drug_ann
rs7254579,CYP2B6,cyclophosphamide,ADAPTER_DOSE,Metabolism/PK,PharmGKB,var_drug_ann
rs1800795,IL6,fenofibrate,EVITER,Efficacy,PharmGKB,var_drug_ann
rs2070296,NRP1,ranibizumab,EVITER,Efficacy,PharmGKB,var_drug_ann
rs708272,CETP,atorvastatin,EVITER,Efficacy,PharmGKB,var_drug_ann
rs3828913,MICB,"peginterferon alfa-2a, peginterferon alfa-2b, ribavirin",EVITER,Efficacy,PharmGKB,var_drug_ann
rs13120400,ABCG2,methotrexate,EVITER,Efficacy,PharmGKB,var_drug_ann
rs77905,DBH,nicotine,ADAPTER_DOSE,Dosage,PharmGKB,var_drug_ann
rs1137070,MAOA,nicotine,ADAPTER_DOSE,Dosage,PharmGKB,var_drug_ann
rs1045642,ABCB1,"omeprazole, pantoprazole",EVITER,Efficacy,PharmGKB,var_drug_ann
rs7975232,VDR,deferasirox,ADAPTER_DOSE,Metabolism/PK,PharmGKB,var_drug_ann
rs1364043,HTR1A,"fluvoxamine, milnacipran, paroxetine",EVITER,Efficacy,PharmGKB,var_drug_ann
rs2228570,VDR,deferasirox,ADAPTER_DOSE,Metabolism/PK,PharmGKB,var_drug_ann
rs6465084,GRM3,antipsychotics,EVITER,Toxicity,PharmGKB,var_drug_ann
rs2307424,NR1I3,efavirenz,ADAPTER_DOSE,Metabolism/PK,PharmGKB,var_drug_ann
rs12817819,ATP2B1,antihypertensives,EVITER,Efficacy,PharmGKB,var_drug_ann
rs1051741,EPHX1,warfarin,ADAPTER_DOSE,Dosage,PharmGKB,var_drug_ann
rs8103142,IFNL3,"peginterferon alfa-2a, peginterferon alfa-2b, ribavirin",EVITER,Efficacy,PharmGKB,var_drug_ann
rs12980275,IFNL3,"peginterferon alfa-2a, peginterferon alfa-2b, ribavirin",EVITER,Efficacy,PharmGKB,var_drug_ann
rs11881222,IFNL3,"peginterferon alfa-2a, peginterferon alfa-2b, ribavirin",EVITER,Efficacy,PharmGKB,var_drug_ann
rs73189762,NUDT15,mercaptopurine,ADAPTER_DOSE,Dosage,PharmGKB,var_drug_ann
rs7294,"PRSS53, VKORC1",warfarin,ADAPTER_DOSE,Dosage,PharmGKB,var_drug_ann
rs2472677,NR1I2,isoniazid,ADAPTER_DOSE,Metabolism/PK,PharmGKB,var_drug_ann
rs2238032,CACNA1C,"amlodipine, felodipine",EVITER,Efficacy,PharmGKB,var_drug_ann
rs4149032,SLCO1B1,isoniazid,ADAPTER_DOSE,Metabolism/PK,PharmGKB,var_drug_ann
rs2239128,CACNA1C,calcium channel blockers,EVITER,Efficacy,PharmGKB,var_drug_ann
rs2900478,SLCO1B1,hmg-coa reductase inhibitors,EVITER,Efficacy,PharmGKB,var_drug_ann
rs2239050,CACNA1C,calcium channel blockers,EVITER,Efficacy,PharmGKB,var_drug_ann
rs646776,CELSR2,hmg-coa reductase inhibitors,EVITER,Efficacy,PharmGKB,var_drug_ann
rs12233719,UGT2B7,valproic acid,ADAPTER_DOSE,Metabolism/PK,PharmGKB,var_drug_ann
rs28399454,CYP2A6,efavirenz,ADAPTER_DOSE,Metabolism/PK,PharmGKB,var_drug_ann
rs2238032,CACNA1C,calcium channel blockers,EVITER,Efficacy,PharmGKB,var_drug_ann
rs9923231,VKORC1,"phenprocoumon, warfarin",ADAPTER_DOSE,Dosage,PharmGKB,var_drug_ann
rs429358,"APOC1, APOE",warfarin,ADAPTER_DOSE,Dosage,PharmGKB,var_drug_ann
rs7412,"APOC1, APOE",warfarin,ADAPTER_DOSE,Dosage,PharmGKB,var_drug_ann
rs1061170,CFH,photodynamic therapy,EVITER,Efficacy,PharmGKB,var_drug_ann
rs7439366,UGT2B7,valproic acid,ADAPTER_DOSE,Metabolism/PK,PharmGKB,var_drug_ann
rs2231142,ABCG2,risperidone,ADAPTER_DOSE,Metabolism/PK,PharmGKB,var_drug_ann
rs9361233,HTR1B,fluoxetine,EVITER,Efficacy,PharmGKB,var_drug_ann
rs8192709,CYP2B6,efavirenz,ADAPTER_DOSE,Metabolism/PK,PharmGKB,var_drug_ann
rs12248560,CYP2C19,"aspirin, clopidogrel",SURVEILLER,nan,PharmGKB,var_drug_ann
rs2768759,PEAR1,"aspirin, prasugrel",EVITER,Efficacy,PharmGKB,var_drug_ann
rs2032582,ABCB1,cyclosporine,ADAPTER_DOSE,Dosage,PharmGKB,var_drug_ann
rs12041331,PEAR1,"aspirin, clopidogrel, prasugrel",EVITER,Efficacy,PharmGKB,var_drug_ann
rs4646437,CYP3A4,cyclosporine,ADAPTER_DOSE,Metabolism/PK,PharmGKB,var_drug_ann
rs5443,GNB3,hydralazine / isosorbide dinitrate,EVITER,Efficacy,PharmGKB,var_drug_ann
rs397508453,CFTR,ivacaftor,EVITER,Efficacy,PharmGKB,var_drug_ann
rs4149056,SLCO1B1,lovastatin acid,ADAPTER_DOSE,Metabolism/PK,PharmGKB,var_drug_ann
rs776746,CYP3A5,simvastatin,ADAPTER_DOSE,Metabolism/PK,PharmGKB,var_drug_ann
rs4823613,PPARA,lovastatin,ADAPTER_DOSE,Metabolism/PK,PharmGKB,var_drug_ann
rs762551,CYP1A2,nevirapine,EVITER,Efficacy,PharmGKB,var_drug_ann
rs1799971,OPRM1,fentanyl,EVITER,Efficacy,PharmGKB,var_drug_ann
rs4646,CYP19A1,"anastrozole, letrozole, tamoxifen",EVITER,Efficacy,PharmGKB,var_drug_ann
rs696692,ERICH3,serotonin,SURVEILLER,Other,PharmGKB,var_drug_ann
rs1799793,ERCC2,platinum compounds,EVITER,Efficacy,PharmGKB,var_drug_ann
rs11947402,TSPAN5,serotonin,SURVEILLER,Other,PharmGKB,var_drug_ann
rs3761847,TRAF1,tumor necrosis factor alpha (tnf-alpha) inhibitors,EVITER,Efficacy,PharmGKB,var_drug_ann
rs4533622,CTNNB1,thalidomide,EVITER,Efficacy,PharmGKB,var_drug_ann
rs4135385,CTNNB1,"cyclophosphamide, dexamethasone, thalidomide",EVITER,Efficacy,PharmGKB,var_drug_ann
rs2275913,IL17A,opioids,SURVEILLER,"Dosage, Efficacy",PharmGKB,var_drug_ann
rs1048943,CYP1A1,platinum compounds,EVITER,Efficacy,PharmGKB,var_drug_ann
rs11580409,ERICH3,"antidepressants, citalopram, escitalopram",EVITER,Efficacy,PharmGKB,var_drug_ann
rs10211,CYP3A7,tacrolimus,ADAPTER_DOSE,Metabolism/PK,PharmGKB,var_drug_ann
rs1799971,OPRM1,"acetaminophen, tramadol",EVITER,Efficacy,PharmGKB,var_drug_ann
rs1801274,FCGR2A,rituximab,EVITER,Efficacy,PharmGKB,var_drug_ann
rs3745274,CYP2B6,methadone,ADAPTER_DOSE,Metabolism/PK,PharmGKB,var_drug_ann
rs2942857,UGT2B10,cotinine,ADAPTER_DOSE,Metabolism/PK,PharmGKB,var_drug_ann
rs13959,ALDH1A1,"cyclophosphamide, doxorubicin, fec100, fluorouracil",EVITER,Efficacy,PharmGKB,var_drug_ann
rs2032582,ABCB1,methadone,ADAPTER_DOSE,Metabolism/PK,PharmGKB,var_drug_ann
rs396991,FCGR3A,tocilizumab,EVITER,Efficacy,PharmGKB,var_drug_ann
rs1042714,ADRB2,carvedilol,EVITER,Efficacy,PharmGKB,var_drug_ann
rs776746,CYP3A5,"atorvastatin, lovastatin, simvastatin",EVITER,Efficacy,PharmGKB,var_drug_ann
rs11615,ERCC1,cisplatin,EVITER,Efficacy,PharmGKB,var_drug_ann
rs1045642,ABCB1,phenobarbital,EVITER,Efficacy,PharmGKB,var_drug_ann
rs1800822,FMO3,tacrolimus,ADAPTER_DOSE,Metabolism/PK,PharmGKB,var_drug_ann
rs1417938,CRP,fenofibrate,EVITER,Efficacy,PharmGKB,var_drug_ann
rs2076828,SLC22A3,metformin,EVITER,Efficacy,PharmGKB,var_drug_ann
rs9361235,HTR1B,fluoxetine,EVITER,Efficacy,PharmGKB,var_drug_ann
rs10517,NQO1,warfarin,ADAPTER_DOSE,Dosage,PharmGKB,var_drug_ann
rs3091244,CRP,fenofibrate,EVITER,Efficacy,PharmGKB,var_drug_ann
rs35068180,MMP3,pravastatin,EVITER,Efficacy,PharmGKB,var_drug_ann
rs2011425,UGT1A4,n-desmethylclozapine,ADAPTER_DOSE,Metabolism/PK,PharmGKB,var_drug_ann
rs1128503,ABCB1,fentanyl,EVITER,Efficacy,PharmGKB,var_drug_ann
rs1126545,CYP2C18,clozapine,ADAPTER_DOSE,Metabolism/PK,PharmGKB,var_drug_ann
rs2298805,FCER1A,"desloratadine, mizolastine",EVITER,Efficacy,PharmGKB,var_drug_ann
rs17161788,CYP3A5,atorvastatin,EVITER,Efficacy,PharmGKB,var_drug_ann
rs3917412,SELE,"capecitabine, fluorouracil, leucovorin, oxaliplatin",EVITER,Efficacy,PharmGKB,var_drug_ann
rs11591147,PCSK9,hmg-coa reductase inhibitors,EVITER,Efficacy,PharmGKB,var_drug_ann
rs28371759,CYP3A4,imatinib,EVITER,Efficacy,PharmGKB,var_drug_ann
rs1801133,MTHFR,"capecitabine, fluorouracil, leucovorin, oxaliplatin",EVITER,Efficacy,PharmGKB,var_drug_ann
rs17655,ERCC5,platinum,EVITER,Efficacy,PharmGKB,var_drug_ann
rs75389940,CFTR,"elexacaftor / tezacaftor / ivacaftor, ivacaftor / tezacaftor",EVITER,Efficacy,PharmGKB,var_drug_ann
rs12233719,UGT2B7,carvedilol,ADAPTER_DOSE,Metabolism/PK,PharmGKB,var_drug_ann
rs2036527,CHRNA5,"bupropion, nicotine, varenicline",EVITER,Efficacy,PharmGKB,var_drug_ann
rs16969968,CHRNA5,"bupropion, nicotine, varenicline",EVITER,Efficacy,PharmGKB,var_drug_ann
rs28365063,UGT2B7,carvedilol,ADAPTER_DOSE,Metabolism/PK,PharmGKB,var_drug_ann
rs909530,FMO3,tacrolimus,ADAPTER_DOSE,Metabolism/PK,PharmGKB,var_drug_ann
rs3814055,NR1I2,tacrolimus,ADAPTER_DOSE,Metabolism/PK,PharmGKB,var_drug_ann
rs121909047,CFTR,lumacaftor,EVITER,Efficacy,PharmGKB,var_drug_ann
rs8094439,CDH2,methadone,EVITER,Efficacy,PharmGKB,var_drug_ann
rs4986790,TLR4,pertussis vaccines,EVITER,Efficacy,PharmGKB,var_drug_ann
rs17446819,CDH2,methadone,EVITER,Efficacy,PharmGKB,var_drug_ann
rs2231137,ABCG2,sorafenib,ADAPTER_DOSE,Metabolism/PK,PharmGKB,var_drug_ann
rs376817657,CYP2A6,nicotine,ADAPTER_DOSE,Metabolism/PK,PharmGKB,var_drug_ann
rs2231142,ABCG2,sorafenib,ADAPTER_DOSE,Metabolism/PK,PharmGKB,var_drug_ann
rs887829,UGT1A1,bilirubin,ADAPTER_DOSE,Metabolism/PK,PharmGKB,var_drug_ann
rs186364861,NUDT15,mercaptopurine,ADAPTER_DOSE,Dosage,PharmGKB,var_drug_ann
rs179008,TLR7,imiquimod,EVITER,Efficacy,PharmGKB,var_drug_ann
rs11545077,GGH,methotrexate,EVITER,Efficacy,PharmGKB,var_drug_ann
rs61750900,UGT2B10,clozapine,ADAPTER_DOSE,Metabolism/PK,PharmGKB,var_drug_ann
rs1277441,TAOK3,opioids,ADAPTER_DOSE,Dosage,PharmGKB,var_drug_ann
rs795484,TAOK3,opioids,ADAPTER_DOSE,Dosage,PharmGKB,var_drug_ann
rs1801133,MTHFR,vitamin b12 and folic acid,EVITER,Efficacy,PharmGKB,var_drug_ann
rs5186,AGTR1,captopril,EVITER,Efficacy,PharmGKB,var_drug_ann
rs1695,GSTP1,anthracyclines and related substances,EVITER,Efficacy,PharmGKB,var_drug_ann
rs25678,CBR1,daunorubicin,ADAPTER_DOSE,Metabolism/PK,PharmGKB,var_drug_ann
rs1045642,ABCB1,silibinin,ADAPTER_DOSE,Metabolism/PK,PharmGKB,var_drug_ann
rs1142345,TPMT,mercaptopurine,ADAPTER_DOSE,Dosage,PharmGKB,var_drug_ann
rs4244285,CYP2C19,citalopram,EVITER,Efficacy,PharmGKB,var_drug_ann
rs1910167,"SLCO1B1, SLCO1B3, SLCO1B7",bilirubin,ADAPTER_DOSE,Metabolism/PK,PharmGKB,var_drug_ann
rs5443,GNB3,atenolol,EVITER,Efficacy,PharmGKB,var_drug_ann
rs2233945,PSORS1C1,etanercept,EVITER,Efficacy,PharmGKB,var_drug_ann
rs2274407,ABCC4,mercaptopurine,ADAPTER_DOSE,Dosage,PharmGKB,var_drug_ann
rs4290270,TPH2,disulfiram,EVITER,Efficacy,PharmGKB,var_drug_ann
rs11064426,GNB3,atenolol,EVITER,Efficacy,PharmGKB,var_drug_ann
rs5522,NR3C2,enalapril,EVITER,Efficacy,PharmGKB,var_drug_ann
rs2301339,GNB3,atenolol,EVITER,Efficacy,PharmGKB,var_drug_ann
rs4086116,CYP2C9,acenocoumarol,ADAPTER_DOSE,Dosage,PharmGKB,var_drug_ann
rs7574865,STAT4,etanercept,EVITER,Efficacy,PharmGKB,var_drug_ann
rs11545076,GGH,methotrexate,EVITER,Efficacy,PharmGKB,var_drug_ann
rs1128503,ABCB1,digoxin,ADAPTER_DOSE,Metabolism/PK,PharmGKB,var_drug_ann
rs4149015,SLCO1B1,pravastatin,SURVEILLER,"Efficacy, Metabolism/PK",PharmGKB,var_drug_ann
rs75527207,CFTR,"ivacaftor, tezacaftor",EVITER,Efficacy,PharmGKB,var_drug_ann
rs4149056,SLCO1B1,"atorvastatin, hmg-coa reductase inhibitors, pravastatin, simvastatin",EVITER,Efficacy,PharmGKB,var_drug_ann
rs2230806,ABCA1,fenofibrate,EVITER,Efficacy,PharmGKB,var_drug_ann
rs6313,HTR2A,sertraline,ADAPTER_DOSE,Dosage,PharmGKB,var_drug_ann
rs2230808,ABCA1,fenofibrate,EVITER,Efficacy,PharmGKB,var_drug_ann
rs79419059,NUP107,platinum compounds,EVITER,Efficacy,PharmGKB,var_drug_ann
rs1799853,CYP2C9,ketoprofen,EVITER,Efficacy,PharmGKB,var_drug_ann
rs1800629,TNF,etanercept,EVITER,Efficacy,PharmGKB,var_drug_ann
rs1516338,CHL1,antidepressants,EVITER,Efficacy,PharmGKB,var_drug_ann
rs1267067,TANK,adalimumab,EVITER,Efficacy,PharmGKB,var_drug_ann
rs25648,VEGFA,adalimumab,EVITER,Efficacy,PharmGKB,var_drug_ann
rs1801253,ADRB1,carvedilol,ADAPTER_DOSE,Dosage,PharmGKB,var_drug_ann
rs4646450,CYP3A5,tacrolimus,ADAPTER_DOSE,Metabolism/PK,PharmGKB,var_drug_ann
rs361525,TNF,infliximab,EVITER,Efficacy,PharmGKB,var_drug_ann
rs11045879,SLCO1B1,methotrexate,ADAPTER_DOSE,Metabolism/PK,PharmGKB,var_drug_ann
rs10995,VASP,hydrochlorothiazide,EVITER,Efficacy,PharmGKB,var_drug_ann
rs2230926,TNFAIP3,adalimumab,EVITER,Efficacy,PharmGKB,var_drug_ann
rs4149056,SLCO1B1,"simvastatin, simvastatin acid",ADAPTER_DOSE,Metabolism/PK,PharmGKB,var_drug_ann
rs3788200,SLC19A1,methotrexate,ADAPTER_DOSE,Metabolism/PK,PharmGKB,var_drug_ann
rs2314339,"NR1D1, THRA",lithium,EVITER,Efficacy,PharmGKB,var_drug_ann
rs13181,ERCC2,"bevacizumab, capecitabine, cisplatin, docetaxel, epirubicin, oxaliplatin, trastuzumab",EVITER,Efficacy,PharmGKB,var_drug_ann
rs11615,ERCC1,"bevacizumab, capecitabine, cisplatin, docetaxel, epirubicin, oxaliplatin, trastuzumab",EVITER,Efficacy,PharmGKB,var_drug_ann
rs1801133,MTHFR,"bevacizumab, capecitabine, cisplatin, docetaxel, epirubicin, oxaliplatin, trastuzumab",EVITER,Efficacy,PharmGKB,var_drug_ann
rs806368,CNR1,methadone,ADAPTER_DOSE,Dosage,PharmGKB,var_drug_ann
rs1386493,TPH2,methadone,ADAPTER_DOSE,Dosage,PharmGKB,var_drug_ann
rs5065,NPPA-AS1,"bumetanide, furosemide, torasemide",EVITER,Efficacy,PharmGKB,var_drug_ann
rs7439366,UGT2B7,morphine,ADAPTER_DOSE,Metabolism/PK,PharmGKB,var_drug_ann
rs20455,KIF6,"atorvastatin, simvastatin",EVITER,Efficacy,PharmGKB,var_drug_ann
rs16974799,CYP2B6,methadone,ADAPTER_DOSE,Dosage,PharmGKB,var_drug_ann
rs2229205,OPRL1,methadone,ADAPTER_DOSE,Dosage,PharmGKB,var_drug_ann
rs20455,KIF6,rosuvastatin,EVITER,Efficacy,PharmGKB,var_drug_ann
rs2832407,GRIK1,topiramate,ADAPTER_DOSE,Metabolism/PK,PharmGKB,var_drug_ann
rs4961,ADD1,"bumetanide, furosemide, torasemide",EVITER,Efficacy,PharmGKB,var_drug_ann
rs2072671,CDA,"cisplatin, gemcitabine",EVITER,Efficacy,PharmGKB,var_drug_ann
rs20455,KIF6,atorvastatin,EVITER,Efficacy,PharmGKB,var_drug_ann
rs11615,ERCC1,"cisplatin, gemcitabine",EVITER,Efficacy,PharmGKB,var_drug_ann
rs1529927,SLC12A3,"bumetanide, furosemide, torasemide",EVITER,Efficacy,PharmGKB,var_drug_ann
rs1922242,ABCB1,fluvastatin,EVITER,Efficacy,PharmGKB,var_drug_ann
rs2237897,KCNQ1,gliclazide,EVITER,Efficacy,PharmGKB,var_drug_ann
rs1060467,CYP4F11,warfarin,ADAPTER_DOSE,Dosage,PharmGKB,var_drug_ann
rs9369421,VEGFA,"carboplatin, taxanes",EVITER,Efficacy,PharmGKB,var_drug_ann
rs1080985,CYP2D6,debrisoquine,ADAPTER_DOSE,Metabolism/PK,PharmGKB,var_drug_ann
rs4783961,CETP,fluvastatin,EVITER,Efficacy,PharmGKB,var_drug_ann
rs9282564,ABCB1,tacrolimus,ADAPTER_DOSE,Metabolism/PK,PharmGKB,var_drug_ann
rs12979860,"IFNL3, IFNL4",tenofovir,ADAPTER_DOSE,Metabolism/PK,PharmGKB,var_drug_ann
rs1128503,ABCB1,glucocorticoids,EVITER,Efficacy,PharmGKB,var_drug_ann
rs1045642,ABCB1,glucocorticoids,EVITER,Efficacy,PharmGKB,var_drug_ann
rs1427407,BCL11A,hydroxyurea,EVITER,Efficacy,PharmGKB,var_drug_ann
rs2860905,CYP2C9,warfarin,ADAPTER_DOSE,Dosage,PharmGKB,var_drug_ann
rs7439366,UGT2B7,fentanyl,EVITER,Efficacy,PharmGKB,var_drug_ann
rs1042713,ADRB2,tiotropium,EVITER,Efficacy,PharmGKB,var_drug_ann
rs8187710,ABCC2,lumefantrine,ADAPTER_DOSE,Metabolism/PK,PharmGKB,var_drug_ann
rs80034486,CFTR,elexacaftor / tezacaftor / ivacaftor,EVITER,Efficacy,PharmGKB,var_drug_ann
rs7412,APOE,atorvastatin,EVITER,Efficacy,PharmGKB,var_drug_ann
rs5443,GNB3,"bumetanide, furosemide, torasemide",EVITER,Efficacy,PharmGKB,var_drug_ann
rs5063,NPPA-AS1,"bumetanide, furosemide, torasemide",EVITER,Efficacy,PharmGKB,var_drug_ann
rs6314,HTR2A,clozapine,EVITER,Efficacy,PharmGKB,var_drug_ann
rs4341,ACE,pravastatin,EVITER,Efficacy,PharmGKB,var_drug_ann
rs328,LPL,pravastatin,EVITER,Efficacy,PharmGKB,var_drug_ann
rs708272,CETP,lovastatin,EVITER,Efficacy,PharmGKB,var_drug_ann
rs10028494,UGT2B7,fentanyl,EVITER,Efficacy,PharmGKB,var_drug_ann
rs1051730,CHRNA3,nicotine,ADAPTER_DOSE,Metabolism/PK,PharmGKB,var_drug_ann
rs1800588,LIPC,fluvastatin,EVITER,Efficacy,PharmGKB,var_drug_ann
rs2472297,CYP1A1,clozapine,ADAPTER_DOSE,Metabolism/PK,PharmGKB,var_drug_ann
rs114119971,CES1,methylphenidate,ADAPTER_DOSE,Dosage,PharmGKB,var_drug_ann
rs1800588,LIPC,simvastatin,EVITER,Efficacy,PharmGKB,var_drug_ann
rs25648,VEGFA,"cisplatin, fluorouracil, oxaliplatin",EVITER,Efficacy,PharmGKB,var_drug_ann
rs4149036,SLCO1B1,atorvastatin,EVITER,Efficacy,PharmGKB,var_drug_ann
rs2770150,TLR4,pertussis vaccines,EVITER,Efficacy,PharmGKB,var_drug_ann
rs2291073,SLCO1B1,lovastatin,EVITER,Efficacy,PharmGKB,var_drug_ann
rs8187725,SLC22A3,"catecholamines, metformin",SURVEILLER,"Other, Metabolism/PK",PharmGKB,var_drug_ann
rs688,LDLR,lovastatin,EVITER,Efficacy,PharmGKB,var_drug_ann
rs2239050,CACNA1C,amlodipine,EVITER,Efficacy,PharmGKB,var_drug_ann
rs4986910,CYP3A4,fluvastatin,EVITER,Efficacy,PharmGKB,var_drug_ann
rs698,ADH1C,naltrexone,EVITER,Efficacy,PharmGKB,var_drug_ann
rs2066702,ADH1B,naltrexone,EVITER,Efficacy,PharmGKB,var_drug_ann
rs5925,LDLR,lovastatin,EVITER,Efficacy,PharmGKB,var_drug_ann
rs9679162,GALNT14,"cisplatin, fluorouracil, mitoxantrone",EVITER,Efficacy,PharmGKB,var_drug_ann
rs6313,HTR2A,fluoxetine,EVITER,Efficacy,PharmGKB,var_drug_ann
rs671,ALDH2,naltrexone,EVITER,Efficacy,PharmGKB,var_drug_ann
rs8109525,CYP2B6,varenicline,EVITER,Efficacy,PharmGKB,var_drug_ann
rs2046934,P2RY12,clopidogrel,EVITER,Efficacy,PharmGKB,var_drug_ann
rs3814637,CYP2C19,warfarin,ADAPTER_DOSE,Dosage,PharmGKB,var_drug_ann
rs2257401,CYP3A7,tacrolimus,ADAPTER_DOSE,Metabolism/PK,PharmGKB,var_drug_ann
rs3732759,P2RY12,clopidogrel,EVITER,Efficacy,PharmGKB,var_drug_ann
rs1045642,ABCB1,"antibiotics, esomeprazole",EVITER,Efficacy,PharmGKB,var_drug_ann
rs833061,VEGFA,"carfilzomib, dexamethasone, lenalidomide",EVITER,Efficacy,PharmGKB,var_drug_ann
rs2231142,ABCG2,dolutegravir,ADAPTER_DOSE,Metabolism/PK,PharmGKB,var_drug_ann
rs6280,DRD3,quetiapine,ADAPTER_DOSE,Metabolism/PK,PharmGKB,var_drug_ann
rs1128503,ABCB1,clopidogrel,EVITER,Efficacy,PharmGKB,var_drug_ann
rs9679162,GALNT14,"cisplatin, fluorouracil",EVITER,Efficacy,PharmGKB,var_drug_ann
rs2305948,KDR,"carfilzomib, dexamethasone, lenalidomide",EVITER,Efficacy,PharmGKB,var_drug_ann
rs1870377,KDR,"carfilzomib, dexamethasone, lenalidomide",EVITER,Efficacy,PharmGKB,var_drug_ann
rs9679162,GALNT14,sorafenib,EVITER,Efficacy,PharmGKB,var_drug_ann
rs2273697,ABCC2,mycophenolic acid,ADAPTER_DOSE,Metabolism/PK,PharmGKB,var_drug_ann
rs717620,ABCC2,mycophenolic acid,ADAPTER_DOSE,Metabolism/PK,PharmGKB,var_drug_ann
rs7583431,ATF2,fentanyl,EVITER,Efficacy,PharmGKB,var_drug_ann
rs2110166,ANO2,"aflibercept, ranibizumab",EVITER,Efficacy,PharmGKB,var_drug_ann
rs2242446,SLC6A2,venlafaxine,EVITER,Efficacy,PharmGKB,var_drug_ann
rs12979860,"IFNL3, IFNL4","boceprevir, peginterferon alfa-2a, peginterferon alfa-2b, ribavirin, telaprevir",EVITER,Efficacy,PharmGKB,var_drug_ann
rs6494223,CHRNA7,"donepezil, galantamine, rivastigmine",EVITER,Efficacy,PharmGKB,var_drug_ann
rs1801274,FCGR2A,adalimumab,EVITER,Efficacy,PharmGKB,var_drug_ann
rs2612091,ENOSF1,fluorouracil,EVITER,Efficacy,PharmGKB,var_drug_ann
rs7728773,HINT1,"daclatasvir, sofosbuvir",EVITER,Efficacy,PharmGKB,var_drug_ann
rs1800795,IL6,"adalimumab, etanercept, infliximab",EVITER,Efficacy,PharmGKB,var_drug_ann
rs678849,OPRD1,buprenorphine,EVITER,Efficacy,PharmGKB,var_drug_ann
rs17183814,SCN2A,"carbamazepine, phenobarbital, phenytoin, valproic acid",EVITER,Efficacy,PharmGKB,var_drug_ann
rs776746,CYP3A5,quetiapine,ADAPTER_DOSE,Metabolism/PK,PharmGKB,var_drug_ann
rs1203844,"CYP3A4, TMEM130",apremilast,EVITER,Efficacy,PharmGKB,var_drug_ann
rs35599367,CYP3A4,apremilast,EVITER,Efficacy,PharmGKB,var_drug_ann
rs9370867,MYLIP,atorvastatin,EVITER,Efficacy,PharmGKB,var_drug_ann
rs295943,PDE4D,apremilast,EVITER,Efficacy,PharmGKB,var_drug_ann
rs12487736,SCAP,simvastatin,EVITER,Efficacy,PharmGKB,var_drug_ann
rs2069514,CYP1A2,caffeine,SURVEILLER,"Other, Metabolism/PK",PharmGKB,var_drug_ann
rs1063192,"CDKN2B, CDKN2B-AS1",apremilast,EVITER,Efficacy,PharmGKB,var_drug_ann
rs1800588,LIPC,pravastatin,EVITER,Efficacy,PharmGKB,var_drug_ann
rs6314,HTR2A,olanzapine,EVITER,Efficacy,PharmGKB,var_drug_ann
rs1128503,ABCB1,simvastatin,EVITER,Efficacy,PharmGKB,var_drug_ann
rs116855232,NUDT15,"azathioprine, mercaptopurine",EVITER,Toxicity,PharmGKB,var_drug_ann
rs1061170,CFH,bevacizumab,ADAPTER_DOSE,Dosage,PharmGKB,var_drug_ann
rs678849,OPRD1,methadone,EVITER,Efficacy,PharmGKB,var_drug_ann
rs2032582,ABCB1,simvastatin,EVITER,Efficacy,PharmGKB,var_drug_ann
rs1080985,CYP2D6,thioridazine,ADAPTER_DOSE,Metabolism/PK,PharmGKB,var_drug_ann
rs2306283,SLCO1B1,pravastatin,ADAPTER_DOSE,Metabolism/PK,PharmGKB,var_drug_ann
rs2470890,CYP1A2,deferasirox,ADAPTER_DOSE,Metabolism/PK,PharmGKB,var_drug_ann
rs762551,CYP1A2,deferasirox,ADAPTER_DOSE,Metabolism/PK,PharmGKB,var_drug_ann
rs2273697,ABCC2,atorvastatin,EVITER,Efficacy,PharmGKB,var_drug_ann
rs1076560,DRD2,olanzapine,EVITER,Efficacy,PharmGKB,var_drug_ann
rs887829,UGT1A1,deferasirox,ADAPTER_DOSE,Metabolism/PK,PharmGKB,var_drug_ann
rs2296651,SLC10A1,pravastatin,ADAPTER_DOSE,Metabolism/PK,PharmGKB,var_drug_ann
rs1801274,FCGR2A,"adalimumab, etanercept, infliximab",EVITER,Efficacy,PharmGKB,var_drug_ann
rs1801133,MTHFR,capecitabine,ADAPTER_DOSE,Metabolism/PK,PharmGKB,var_drug_ann
rs12979860,IFNL3,"daclatasvir, sofosbuvir",EVITER,Efficacy,PharmGKB,var_drug_ann
rs3892097,CYP2D6,haloperidol,EVITER,Efficacy,PharmGKB,var_drug_ann
rs396991,FCGR3A,"adalimumab, etanercept, infliximab",EVITER,Efficacy,PharmGKB,var_drug_ann
rs1800896,IL10,etanercept,EVITER,Efficacy,PharmGKB,var_drug_ann
rs756770,ADAMTSL2,buprenorphine,EVITER,Efficacy,PharmGKB,var_drug_ann
rs1800471,TGFB1,etanercept,EVITER,Efficacy,PharmGKB,var_drug_ann
rs3745274,CYP2B6,"efavirenz, non-nucleoside reverse transcriptase inhibitors",EVITER,Efficacy,PharmGKB,var_drug_ann
rs10931910,AOX1,xk469,ADAPTER_DOSE,Metabolism/PK,PharmGKB,var_drug_ann
rs662,PON1,simvastatin,EVITER,Efficacy,PharmGKB,var_drug_ann
rs1801253,ADRB1,bucindolol,EVITER,Efficacy,PharmGKB,var_drug_ann
rs4986907,CYP3A4,tacrolimus,ADAPTER_DOSE,Metabolism/PK,PharmGKB,var_drug_ann
rs2189784,CYP4F2,warfarin,ADAPTER_DOSE,Dosage,PharmGKB,var_drug_ann
rs1051740,EPHX1,phenprocoumon,SURVEILLER,"Dosage, Metabolism/PK",PharmGKB,var_drug_ann
rs1800629,TNF,"aspirin, diclofenac, ibuprofen, indomethacin, ketorolac, naproxen",EVITER,Efficacy,PharmGKB,var_drug_ann
rs1799808,PROC,phenprocoumon,SURVEILLER,"Dosage, Metabolism/PK",PharmGKB,var_drug_ann
rs1800629,TNF,infliximab,EVITER,Efficacy,PharmGKB,var_drug_ann
rs1050152,SLC22A4,imatinib,EVITER,Efficacy,PharmGKB,var_drug_ann
rs1800629,TNF,atorvastatin,ADAPTER_DOSE,Metabolism/PK,PharmGKB,var_drug_ann
rs2631367,SLC22A5,imatinib,EVITER,Efficacy,PharmGKB,var_drug_ann
rs2631372,SLC22A5,imatinib,EVITER,Efficacy,PharmGKB,var_drug_ann
rs784888,SP1,metformin,ADAPTER_DOSE,Metabolism/PK,PharmGKB,var_drug_ann
rs1799724,TNF,etanercept,EVITER,Efficacy,PharmGKB,var_drug_ann
rs2279343,CYP2B6,cyclophosphamide,EVITER,Efficacy,PharmGKB,var_drug_ann
rs28371759,CYP3A4,warfarin,ADAPTER_DOSE,Dosage,PharmGKB,var_drug_ann
rs2069514,CYP1A2,warfarin,ADAPTER_DOSE,Dosage,PharmGKB,var_drug_ann
rs9561765,ABCC4,imatinib,EVITER,Efficacy,PharmGKB,var_drug_ann
rs6280,DRD3,atorvastatin,ADAPTER_DOSE,Metabolism/PK,PharmGKB,var_drug_ann
rs1143671,SLC15A2,warfarin,ADAPTER_DOSE,Dosage,PharmGKB,var_drug_ann
rs1801133,MTHFR,atorvastatin,ADAPTER_DOSE,Metabolism/PK,PharmGKB,var_drug_ann
rs2011425,UGT1A4,lamotrigine,ADAPTER_DOSE,Metabolism/PK,PharmGKB,var_drug_ann
rs1523130,NR1I2,ritonavir,ADAPTER_DOSE,Metabolism/PK,PharmGKB,var_drug_ann
rs316019,SLC22A2,l-tryptophan,ADAPTER_DOSE,Metabolism/PK,PharmGKB,var_drug_ann
rs4149056,SLCO1B1,ritonavir,ADAPTER_DOSE,Metabolism/PK,PharmGKB,var_drug_ann
rs2032582,ABCB1,ritonavir,ADAPTER_DOSE,Metabolism/PK,PharmGKB,var_drug_ann
rs13386048,RAMP1,erenumab,EVITER,Efficacy,PharmGKB,var_drug_ann
rs1800629,TNF,"adalimumab, infliximab",EVITER,Efficacy,PharmGKB,var_drug_ann
rs2472304,CYP1A2,erlotinib,ADAPTER_DOSE,Metabolism/PK,PharmGKB,var_drug_ann
rs1057868,POR,sirolimus,ADAPTER_DOSE,Metabolism/PK,PharmGKB,var_drug_ann
rs6265,BDNF,olanzapine,EVITER,Efficacy,PharmGKB,var_drug_ann
rs6785049,NR1I2,ritonavir,ADAPTER_DOSE,Metabolism/PK,PharmGKB,var_drug_ann
rs6431564,RAMP1,erenumab,EVITER,Efficacy,PharmGKB,var_drug_ann
rs1529909,SLC22A12,losartan,EVITER,Efficacy,PharmGKB,var_drug_ann
rs12465864,RAMP1,erenumab,EVITER,Efficacy,PharmGKB,var_drug_ann
rs1800629,TNF,"adalimumab, etanercept, infliximab",EVITER,Efficacy,PharmGKB,var_drug_ann
rs3825016,SLC22A12,losartan,EVITER,Efficacy,PharmGKB,var_drug_ann
rs1800629,TNF,adalimumab,EVITER,Efficacy,PharmGKB,var_drug_ann
rs1800896,IL10,sirolimus,ADAPTER_DOSE,Metabolism/PK,PharmGKB,var_drug_ann
rs9282564,ABCB1,cyclosporine,SURVEILLER,"Toxicity, Metabolism/PK",PharmGKB,var_drug_ann
rs1042919,RRM1,"cladribine, cytarabine",EVITER,Efficacy,PharmGKB,var_drug_ann
rs1265138,RRM2B,"cladribine, cytarabine",EVITER,Efficacy,PharmGKB,var_drug_ann
rs2898950,RRM1,"cladribine, cytarabine",EVITER,Efficacy,PharmGKB,var_drug_ann
rs12979860,"IFNL3, IFNL4","""interferon alfa-2a, recombinant"", ""interferon alfa-2b, recombinant"", ""ribavirin""",EVITER,Efficacy,PharmGKB,var_drug_ann
rs2279343,CYP2B6,bupropion,EVITER,Efficacy,PharmGKB,var_drug_ann
rs8099917,IFNL3,"""interferon alfa-2a, recombinant"", ""interferon alfa-2b, recombinant"", ""ribavirin""",EVITER,Efficacy,PharmGKB,var_drug_ann
rs1561876,RRM1,"cladribine, cytarabine",EVITER,Efficacy,PharmGKB,var_drug_ann
rs57064725,PSMA4,cotinine,ADAPTER_DOSE,Metabolism/PK,PharmGKB,var_drug_ann
rs16853826,ATIC,methotrexate,EVITER,Toxicity,PharmGKB,var_drug_ann
rs35592,ABCC1,methotrexate,EVITER,Efficacy,PharmGKB,var_drug_ann
rs16969968,CHRNA5,cotinine,ADAPTER_DOSE,Metabolism/PK,PharmGKB,var_drug_ann
rs20575,TNFRSF10A,infliximab,EVITER,Efficacy,PharmGKB,var_drug_ann
rs1130609,RRM2,"cladribine, cytarabine",EVITER,Efficacy,PharmGKB,var_drug_ann
rs9939609,FTO,"""interferon alfa-2a, recombinant"", ""interferon alfa-2b, recombinant"", ""ribavirin""",EVITER,Efficacy,PharmGKB,var_drug_ann
rs742105,DTNBP1,clozapine,EVITER,Efficacy,PharmGKB,var_drug_ann
rs5030743,RRM2,"cladribine, cytarabine",EVITER,Efficacy,PharmGKB,var_drug_ann
rs10851907,CHRNB4,cotinine,ADAPTER_DOSE,Metabolism/PK,PharmGKB,var_drug_ann
rs1045642,ABCB1,sirolimus,ADAPTER_DOSE,Metabolism/PK,PharmGKB,var_drug_ann
rs7311358,SLCO1B3,warfarin,ADAPTER_DOSE,Dosage,PharmGKB,var_drug_ann
rs1143672,SLC15A2,warfarin,ADAPTER_DOSE,Dosage,PharmGKB,var_drug_ann
rs4149117,SLCO1B3,warfarin,ADAPTER_DOSE,Dosage,PharmGKB,var_drug_ann
rs7170068,CHRNA3,cotinine,ADAPTER_DOSE,Metabolism/PK,PharmGKB,var_drug_ann
rs230504,NFKB1,flupenthixol,EVITER,Efficacy,PharmGKB,var_drug_ann
rs12422149,SLCO2B1,montelukast,SURVEILLER,"Efficacy, Metabolism/PK",PharmGKB,var_drug_ann
rs927650,CYP24A1,deferasirox,ADAPTER_DOSE,Metabolism/PK,PharmGKB,var_drug_ann
rs2585428,CYP24A1,deferasirox,ADAPTER_DOSE,Metabolism/PK,PharmGKB,var_drug_ann
rs3774959,NFKB1,flupenthixol,EVITER,Efficacy,PharmGKB,var_drug_ann
rs10879346,TPH2,antidepressants,EVITER,Efficacy,PharmGKB,var_drug_ann
rs4731448,IMPDH1,methotrexate polyglutamate,ADAPTER_DOSE,Metabolism/PK,PharmGKB,var_drug_ann
rs3740556,EIF3A,"carboplatin, cisplatin",EVITER,Efficacy,PharmGKB,var_drug_ann
rs924607,CEP72,methotrexate polyglutamate,ADAPTER_DOSE,Metabolism/PK,PharmGKB,var_drug_ann
rs1487278,TPH2,"mirtazapine, venlafaxine",EVITER,Efficacy,PharmGKB,var_drug_ann
rs4124874,UGT1A1,bilirubin,ADAPTER_DOSE,Metabolism/PK,PharmGKB,var_drug_ann
rs2248359,CYP24A1,deferasirox,ADAPTER_DOSE,Metabolism/PK,PharmGKB,var_drug_ann
rs230493,NFKB1,flupenthixol,EVITER,Efficacy,PharmGKB,var_drug_ann
rs7311358,SLCO1B3,methotrexate polyglutamate,ADAPTER_DOSE,Metabolism/PK,PharmGKB,var_drug_ann
rs2266780,FMO3,nicotine,ADAPTER_DOSE,Metabolism/PK,PharmGKB,var_drug_ann
rs699947,VEGFA,pazopanib,EVITER,Efficacy,PharmGKB,var_drug_ann
rs3749598,FSTL5,methotrexate polyglutamate,ADAPTER_DOSE,Metabolism/PK,PharmGKB,var_drug_ann
rs2241880,ATG16L1,methotrexate polyglutamate,ADAPTER_DOSE,Metabolism/PK,PharmGKB,var_drug_ann
rs2069514,CYP1A2,theophylline,SURVEILLER,"Other, Metabolism/PK",PharmGKB,var_drug_ann
rs767455,TNFRSF1A,"adalimumab, etanercept, infliximab",EVITER,Efficacy,PharmGKB,var_drug_ann
rs2010963,VEGFA,pazopanib,EVITER,Efficacy,PharmGKB,var_drug_ann
rs20575,TNFRSF10A,"adalimumab, etanercept, infliximab",EVITER,Efficacy,PharmGKB,var_drug_ann
rs833061,VEGFA,pazopanib,EVITER,Efficacy,PharmGKB,var_drug_ann
rs2431697,PTTG1,etanercept,EVITER,Efficacy,PharmGKB,var_drug_ann
rs4492666,CMPK1,"cisplatin, gemcitabine",EVITER,Efficacy,PharmGKB,var_drug_ann
rs503464,CHRNA5,"bupropion, nicotine, varenicline",EVITER,Efficacy,PharmGKB,var_drug_ann
rs6785049,NR1I2,voriconazole,ADAPTER_DOSE,Metabolism/PK,PharmGKB,var_drug_ann
rs13437088,HLA-B,etanercept,EVITER,Efficacy,PharmGKB,var_drug_ann
rs96844,MAP3K1,etanercept,EVITER,Efficacy,PharmGKB,var_drug_ann
rs4680,COMT,clozapine,EVITER,Efficacy,PharmGKB,var_drug_ann
rs6295,HTR1A,clozapine,EVITER,Efficacy,PharmGKB,var_drug_ann
rs928655,GBP6,etanercept,EVITER,Efficacy,PharmGKB,var_drug_ann
rs1045642,ABCB1,celiprolol,ADAPTER_DOSE,Metabolism/PK,PharmGKB,var_drug_ann
rs11568563,SLCO1A2,celiprolol,ADAPTER_DOSE,Metabolism/PK,PharmGKB,var_drug_ann
rs2546890,IL12B,etanercept,EVITER,Efficacy,PharmGKB,var_drug_ann
rs1128503,ABCB1,temozolomide,ADAPTER_DOSE,Metabolism/PK,PharmGKB,var_drug_ann
rs7512462,SLC26A9,ivacaftor,EVITER,Efficacy,PharmGKB,var_drug_ann
rs66878317,DCK,gemcitabine,ADAPTER_DOSE,Metabolism/PK,PharmGKB,var_drug_ann
rs3814057,NR1I2,voriconazole,ADAPTER_DOSE,Metabolism/PK,PharmGKB,var_drug_ann
rs4680,COMT,nicotine,EVITER,Efficacy,PharmGKB,var_drug_ann
rs1800544,ADRA2A,milnacipran,EVITER,Efficacy,PharmGKB,var_drug_ann
rs4244809,"IGF2, IGF2-AS, INS-IGF2",platinum compounds,EVITER,Efficacy,PharmGKB,var_drug_ann
rs2266780,FMO3,voriconazole,ADAPTER_DOSE,Metabolism/PK,PharmGKB,var_drug_ann
rs2306283,SLCO1B1,hmg-coa reductase inhibitors,EVITER,Efficacy,PharmGKB,var_drug_ann
rs1449683,FGF2,fluvoxamine,EVITER,Efficacy,PharmGKB,var_drug_ann
rs10954732,POR,voriconazole,ADAPTER_DOSE,Metabolism/PK,PharmGKB,var_drug_ann
rs3842761,INS-IGF2,platinum compounds,EVITER,Efficacy,PharmGKB,var_drug_ann
rs6295,HTR1A,milnacipran,EVITER,Efficacy,PharmGKB,var_drug_ann
rs17183814,SCN2A,valproic acid,EVITER,Efficacy,PharmGKB,var_drug_ann
rs2298771,SCN1A,valproic acid,EVITER,Efficacy,PharmGKB,var_drug_ann
rs2461817,NR1I2,voriconazole,ADAPTER_DOSE,Metabolism/PK,PharmGKB,var_drug_ann
rs3732359,NR1I2,voriconazole,ADAPTER_DOSE,Metabolism/PK,PharmGKB,var_drug_ann
rs3740066,ABCC2,methotrexate,ADAPTER_DOSE,Metabolism/PK,PharmGKB,var_drug_ann
rs720106,RRM1,"cisplatin, gemcitabine",EVITER,Efficacy,PharmGKB,var_drug_ann
rs7643645,NR1I2,voriconazole,ADAPTER_DOSE,Metabolism/PK,PharmGKB,var_drug_ann
rs2306283,SLCO1B1,simvastatin,EVITER,Efficacy,PharmGKB,var_drug_ann
rs232043,RRM1,"cisplatin, gemcitabine",EVITER,Efficacy,PharmGKB,var_drug_ann
rs11211524,CMPK1,"cisplatin, gemcitabine",EVITER,Efficacy,PharmGKB,var_drug_ann
rs2284449,RRM1,"cisplatin, gemcitabine",EVITER,Efficacy,PharmGKB,var_drug_ann
rs11676382,GGCX,acenocoumarol,ADAPTER_DOSE,Dosage,PharmGKB,var_drug_ann
rs7294,VKORC1,acenocoumarol,ADAPTER_DOSE,Dosage,PharmGKB,var_drug_ann
rs6785049,NR1I2,methotrexate,ADAPTER_DOSE,Metabolism/PK,PharmGKB,var_drug_ann
rs1800470,TGFB1,rituximab,EVITER,Efficacy,PharmGKB,var_drug_ann
rs1800471,TGFB1,rituximab,EVITER,Efficacy,PharmGKB,var_drug_ann
rs35599367,CYP3A4,simvastatin,EVITER,Efficacy,PharmGKB,var_drug_ann
rs2241766,ADIPOQ,pioglitazone,EVITER,Efficacy,PharmGKB,var_drug_ann
rs776746,CYP3A5,rosuvastatin,EVITER,Efficacy,PharmGKB,var_drug_ann
rs3732361,GSK3B,methotrexate,ADAPTER_DOSE,Metabolism/PK,PharmGKB,var_drug_ann
rs1799971,OPRM1,naloxone,SURVEILLER,Other,PharmGKB,var_drug_ann
rs1128503,ABCB1,tipifarnib,SURVEILLER,"Other, Metabolism/PK",PharmGKB,var_drug_ann
rs9304742,ZNF816,etanercept,EVITER,Efficacy,PharmGKB,var_drug_ann
rs13250975,NRG1,antipsychotics,EVITER,Efficacy,PharmGKB,var_drug_ann
rs4149009,SLCO1A2,methotrexate,ADAPTER_DOSE,Metabolism/PK,PharmGKB,var_drug_ann
rs1544938,ADCY2,antipsychotics,EVITER,Efficacy,PharmGKB,var_drug_ann
rs17716295,NRG1,antipsychotics,EVITER,Efficacy,PharmGKB,var_drug_ann
rs16969968,CHRNA5,nicotine,SURVEILLER,Other,PharmGKB,var_drug_ann
rs55944529,DAO,methadone,ADAPTER_DOSE,Dosage,PharmGKB,var_drug_ann
rs4795893,CCL2,antipsychotics,EVITER,Efficacy,PharmGKB,var_drug_ann
rs4586,CCL2,antipsychotics,EVITER,Efficacy,PharmGKB,var_drug_ann
rs3803189,HTR2A,"escitalopram, fluoxetine, fluvoxamine, sertraline",EVITER,Efficacy,PharmGKB,var_drug_ann
rs5326,DRD1,methadone,ADAPTER_DOSE,Dosage,PharmGKB,var_drug_ann
rs4149056,SLCO1B1,rifampin,ADAPTER_DOSE,Metabolism/PK,PharmGKB,var_drug_ann
rs1065852,CYP2D6,methylphenidate,EVITER,Efficacy,PharmGKB,var_drug_ann
rs11045819,SLCO1B1,hmg-coa reductase inhibitors,EVITER,Efficacy,PharmGKB,var_drug_ann
rs1135840,CYP2D6,methylphenidate,EVITER,Efficacy,PharmGKB,var_drug_ann
rs7196161,VKORC1,warfarin,ADAPTER_DOSE,Dosage,PharmGKB,var_drug_ann
rs6923761,GLP1R,sunitinib,ADAPTER_DOSE,Metabolism/PK,PharmGKB,var_drug_ann
rs1128503,ABCB1,doxorubicin,ADAPTER_DOSE,Metabolism/PK,PharmGKB,var_drug_ann
rs1135840,CYP2D6,atomoxetine,EVITER,Efficacy,PharmGKB,var_drug_ann
rs3740563,GRK5,beta blocking agents,EVITER,Efficacy,PharmGKB,var_drug_ann
rs2069705,IFNG,tumor necrosis factor alpha (tnf-alpha) inhibitors,EVITER,Efficacy,PharmGKB,var_drug_ann
rs6475448,MLLT3,montelukast,EVITER,Efficacy,PharmGKB,var_drug_ann
rs10787959,GRK5,beta blocking agents,EVITER,Efficacy,PharmGKB,var_drug_ann
rs11198893,GRK5,beta blocking agents,EVITER,Efficacy,PharmGKB,var_drug_ann
rs4646536,CYP27B1,rifampin,ADAPTER_DOSE,Metabolism/PK,PharmGKB,var_drug_ann
rs138335,ST13,corticosteroids,EVITER,Efficacy,PharmGKB,var_drug_ann
rs1544410,VDR,rifampin,ADAPTER_DOSE,Metabolism/PK,PharmGKB,var_drug_ann
rs2740574,CYP3A4,docetaxel,ADAPTER_DOSE,Metabolism/PK,PharmGKB,var_drug_ann
rs776746,CYP3A5,docetaxel,ADAPTER_DOSE,Metabolism/PK,PharmGKB,var_drug_ann
rs2053044,ADRB2,ramipril,EVITER,Efficacy,PharmGKB,var_drug_ann
rs2239622,NGF,methadone,ADAPTER_DOSE,Dosage,PharmGKB,var_drug_ann
rs35694136,CYP1A2,nicotine,EVITER,Efficacy,PharmGKB,var_drug_ann
rs2279343,CYP2B6,methadone,ADAPTER_DOSE,Dosage,PharmGKB,var_drug_ann
rs3750117,NT5C3A,gemcitabine,SURVEILLER,"Other, Metabolism/PK",PharmGKB,var_drug_ann
rs199670311,PGAP6,"fentanyl, remifentanil",EVITER,Efficacy,PharmGKB,var_drug_ann
rs2011425,UGT1A4,olanzapine,ADAPTER_DOSE,Metabolism/PK,PharmGKB,var_drug_ann
rs2230739,ADCY9,antidepressants,EVITER,Efficacy,PharmGKB,var_drug_ann
rs2244613,CES1,dabigatran,ADAPTER_DOSE,Metabolism/PK,PharmGKB,var_drug_ann
rs165854,PI4KA,antipsychotics,EVITER,Efficacy,PharmGKB,var_drug_ann
rs1468412,GRM3,antipsychotics,EVITER,Efficacy,PharmGKB,var_drug_ann
rs3752120,ZNF432,"budesonide, corticosteroids, fluticasone / salmeterol, fluticasone propionate",EVITER,Efficacy,PharmGKB,var_drug_ann
rs1136201,ERBB2,"carboplatin, docetaxel, trastuzumab",EVITER,Efficacy,PharmGKB,var_drug_ann
rs1529461,SLC1A3,antipsychotics,EVITER,Efficacy,PharmGKB,var_drug_ann
rs2299214,GRM3,antipsychotics,EVITER,Efficacy,PharmGKB,var_drug_ann
rs2284922,RNF8,"carboplatin, docetaxel, trastuzumab",EVITER,Efficacy,PharmGKB,var_drug_ann
rs2070096,BARD1,"carboplatin, docetaxel, trastuzumab",EVITER,Efficacy,PharmGKB,var_drug_ann
rs2229046,ERBB3,"carboplatin, docetaxel, trastuzumab",EVITER,Efficacy,PharmGKB,var_drug_ann
rs138337,ST13,corticosteroids,EVITER,Efficacy,PharmGKB,var_drug_ann
rs773123,ERBB3,"carboplatin, docetaxel, trastuzumab",EVITER,Efficacy,PharmGKB,var_drug_ann
rs10211524,SLC1A4,antipsychotics,EVITER,Efficacy,PharmGKB,var_drug_ann
rs2299214,GRM3,risperidone,EVITER,Efficacy,PharmGKB,var_drug_ann
rs4680,COMT,sufentanil,SURVEILLER,"Dosage, Efficacy",PharmGKB,var_drug_ann
rs9923231,VKORC1,fluindione,ADAPTER_DOSE,Metabolism/PK,PharmGKB,var_drug_ann
rs1045895,"LEPR, LEPROT",apremilast,EVITER,Efficacy,PharmGKB,var_drug_ann
rs2494752,AKT1,"carboplatin, cisplatin",EVITER,Efficacy,PharmGKB,var_drug_ann
rs699,AGT,quinapril,EVITER,Efficacy,PharmGKB,var_drug_ann
rs6517442,KCNJ6,opioids,ADAPTER_DOSE,Dosage,PharmGKB,var_drug_ann
rs35694136,CYP1A2,olanzapine,ADAPTER_DOSE,Metabolism/PK,PharmGKB,var_drug_ann
rs762551,CYP1A2,olanzapine,ADAPTER_DOSE,Metabolism/PK,PharmGKB,var_drug_ann
rs2108622,CYP4F2,phenprocoumon,ADAPTER_DOSE,Dosage,PharmGKB,var_drug_ann
rs183205964,TYMS,"capecitabine, fluorouracil, tegafur",EVITER,Toxicity,PharmGKB,var_drug_ann
rs1057910,CYP2C9,ketoprofen,EVITER,Efficacy,PharmGKB,var_drug_ann
rs762551,CYP1A2,caffeine,SURVEILLER,"Other, Metabolism/PK",PharmGKB,var_drug_ann
rs1061622,TNFRSF1B,etanercept,EVITER,Efficacy,PharmGKB,var_drug_ann
rs4839603,SLC9A9,"fentanyl, remifentanil",EVITER,Efficacy,PharmGKB,var_drug_ann
rs12745871,PDE4B,apremilast,EVITER,Efficacy,PharmGKB,var_drug_ann
rs5888,SCARB1,atorvastatin,EVITER,Efficacy,PharmGKB,var_drug_ann
rs322144,TSPAN16,apremilast,EVITER,Efficacy,PharmGKB,var_drug_ann
rs11666735,FCAR,pravastatin,EVITER,Efficacy,PharmGKB,var_drug_ann
rs1695,GSTP1,"cyclophosphamide, epirubicin",EVITER,Efficacy,PharmGKB,var_drug_ann
rs964184,APOA1,fenofibrate,EVITER,Efficacy,PharmGKB,var_drug_ann
rs10188577,SCN1A,antiepileptics,EVITER,Efficacy,PharmGKB,var_drug_ann
rs12979813,DOCK6,apremilast,EVITER,Efficacy,PharmGKB,var_drug_ann
rs1045642,ABCB1,daptomycin,ADAPTER_DOSE,Metabolism/PK,PharmGKB,var_drug_ann
rs1611115,DBH,naltrexone,EVITER,Efficacy,PharmGKB,var_drug_ann
rs11854484,SLC28A2,gemcitabine,EVITER,Efficacy,PharmGKB,var_drug_ann
rs2231142,ABCG2,antineoplastic agents,EVITER,Efficacy,PharmGKB,var_drug_ann
rs1060896,SLC28A2,gemcitabine,EVITER,Efficacy,PharmGKB,var_drug_ann
rs2305795,"EIF3G, P2RY11, PPAN-P2RY11",apremilast,EVITER,Efficacy,PharmGKB,var_drug_ann
rs767455,TNFRSF1A,tumor necrosis factor alpha (tnf-alpha) inhibitors,EVITER,Efficacy,PharmGKB,var_drug_ann
rs1139130,METTL3,drugs for treatment of tuberculosis,EVITER,Efficacy,PharmGKB,var_drug_ann
rs76966440,ILF3,apremilast,EVITER,Efficacy,PharmGKB,var_drug_ann
rs1695,GSTP1,"cyclophosphamide, epirubicin, fluorouracil",EVITER,Efficacy,PharmGKB,var_drug_ann
rs8099917,IFNL3,peginterferon alfa-2b,EVITER,Efficacy,PharmGKB,var_drug_ann
rs9934438,"PRSS53, VKORC1",warfarin,ADAPTER_DOSE,Dosage,PharmGKB,var_drug_ann
rs12979860,"IFNL3, IFNL4","peginterferon alfa-2b, ribavirin",EVITER,Efficacy,PharmGKB,var_drug_ann
rs2228570,VDR,"peginterferon alfa-2b, ribavirin",EVITER,Efficacy,PharmGKB,var_drug_ann
rs1799983,NOS3,nortriptyline,EVITER,Efficacy,PharmGKB,var_drug_ann
rs1934341,GREM2,allopurinol,EVITER,Efficacy,PharmGKB,var_drug_ann
rs13253389,NAT1,cotinine,ADAPTER_DOSE,Metabolism/PK,PharmGKB,var_drug_ann
rs77567654,GREM2,allopurinol,EVITER,Efficacy,PharmGKB,var_drug_ann
rs45499402,ABCG2,allopurinol,EVITER,Efficacy,PharmGKB,var_drug_ann
rs10305420,GLP1R,exenatide,EVITER,Efficacy,PharmGKB,var_drug_ann
rs1045642,ABCB1,topiramate,EVITER,Efficacy,PharmGKB,var_drug_ann
rs28365063,UGT2B7,lamotrigine,ADAPTER_DOSE,Metabolism/PK,PharmGKB,var_drug_ann
rs3745274,CYP2B6,"3,4-methylenedioxymethamphetamine",ADAPTER_DOSE,Metabolism/PK,PharmGKB,var_drug_ann
rs7317112,ABCC4,methotrexate,ADAPTER_DOSE,Metabolism/PK,PharmGKB,var_drug_ann
rs2640543,AGTR1,benazepril,EVITER,Efficacy,PharmGKB,var_drug_ann
rs10161126,MVK,alendronate,EVITER,Efficacy,PharmGKB,var_drug_ann
rs1127354,ITPA,"peginterferon alfa-2b, ribavirin",EVITER,Efficacy,PharmGKB,var_drug_ann
rs11265618,IL6R,sarilumab,EVITER,Efficacy,PharmGKB,var_drug_ann
rs14158,LDLR,"peginterferon alfa-2a, peginterferon alfa-2b, ribavirin",EVITER,Efficacy,PharmGKB,var_drug_ann
rs2106089,SPTA1,benazepril,EVITER,Efficacy,PharmGKB,var_drug_ann
rs4329505,IL6R,sarilumab,EVITER,Efficacy,PharmGKB,var_drug_ann
rs1934969,CYP2C9,losartan,ADAPTER_DOSE,Metabolism/PK,PharmGKB,var_drug_ann
rs1052248,NCR3,"adalimumab, certolizumab pegol, etanercept, infliximab, tumor necrosis factor alpha (tnf-alpha) inhibitors",EVITER,Efficacy,PharmGKB,var_drug_ann
rs3809324,COL2A1,salbutamol,SURVEILLER,PD,PharmGKB,var_drug_ann
rs2238087,CACNA1C,antipsychotics,EVITER,Efficacy,PharmGKB,var_drug_ann
rs4791040,PRKCA,"""diuretics"", ""hydrochlorothiazide"", ""thiazides, plain""",EVITER,Efficacy,PharmGKB,var_drug_ann
rs2229949,CACNA1B,antipsychotics,EVITER,Efficacy,PharmGKB,var_drug_ann
rs10871454,STX4,acenocoumarol,ADAPTER_DOSE,Dosage,PharmGKB,var_drug_ann
rs37973,GLCCI1,corticosteroids,EVITER,Efficacy,PharmGKB,var_drug_ann
rs7041,GC,deferasirox,EVITER,Efficacy,PharmGKB,var_drug_ann
rs2108622,CYP4F2,"aspirin, clopidogrel",EVITER,Efficacy,PharmGKB,var_drug_ann
rs12044852,CD58,"interferon beta-1a, interferon beta-1b",EVITER,Efficacy,PharmGKB,var_drug_ann
rs610604,TNFAIP3,tumor necrosis factor alpha (tnf-alpha) inhibitors,EVITER,Efficacy,PharmGKB,var_drug_ann
rs6920220,TNFAIP3,tumor necrosis factor alpha (tnf-alpha) inhibitors,EVITER,Efficacy,PharmGKB,var_drug_ann
rs12245847,CACNB2,antipsychotics,EVITER,Efficacy,PharmGKB,var_drug_ann
rs1859204,CACNG3,antipsychotics,EVITER,Efficacy,PharmGKB,var_drug_ann
rs1983023,UGT1A3,deferasirox,EVITER,Efficacy,PharmGKB,var_drug_ann
rs10877012,CYP27B1,deferasirox,EVITER,Efficacy,PharmGKB,var_drug_ann
rs10210302,ATG16L1,adalimumab,EVITER,Efficacy,PharmGKB,var_drug_ann
rs982003,CACNB2,antipsychotics,EVITER,Efficacy,PharmGKB,var_drug_ann
rs731236,VDR,deferasirox,EVITER,Efficacy,PharmGKB,var_drug_ann
rs1544410,VDR,deferasirox,EVITER,Efficacy,PharmGKB,var_drug_ann
rs41303343,CYP3A5,tacrolimus,ADAPTER_DOSE,Metabolism/PK,PharmGKB,var_drug_ann
rs1051266,SLC19A1,"capecitabine, fluorouracil, irinotecan, leucovorin",EVITER,Efficacy,PharmGKB,var_drug_ann
rs2306283,SLCO1B1,"capecitabine, fluorouracil, irinotecan, leucovorin",EVITER,Efficacy,PharmGKB,var_drug_ann
rs10741058,CACNB2,antipsychotics,EVITER,Efficacy,PharmGKB,var_drug_ann
rs887829,UGT1A1,atazanavir,EVITER,Toxicity,PharmGKB,var_drug_ann
rs4505744,CACNA2D3,antipsychotics,EVITER,Efficacy,PharmGKB,var_drug_ann
rs1057910,CYP2C9,ibuprofen,EVITER,Efficacy,PharmGKB,var_drug_ann
rs12060765,CACNA1E,antipsychotics,EVITER,Efficacy,PharmGKB,var_drug_ann
rs7772821,TAAR6,corticosteroids,EVITER,Efficacy,PharmGKB,var_drug_ann
rs3025039,VEGFA,salbutamol,SURVEILLER,PD,PharmGKB,var_drug_ann
rs1061170,CFH,"bevacizumab, ranibizumab",EVITER,Efficacy,PharmGKB,var_drug_ann
rs795484,TAOK3,morphine,SURVEILLER,"Dosage, Efficacy",PharmGKB,var_drug_ann
rs6196,NR3C1,prednisone,EVITER,Efficacy,PharmGKB,var_drug_ann
rs4148323,UGT1A1,sn-38,ADAPTER_DOSE,Metabolism/PK,PharmGKB,var_drug_ann
rs6311,HTR2A,fluvoxamine,EVITER,Efficacy,PharmGKB,var_drug_ann
rs258751,NR3C1,prednisone,EVITER,Efficacy,PharmGKB,var_drug_ann
rs12979860,"IFNL3, IFNL4","ledipasvir, sofosbuvir",EVITER,Efficacy,PharmGKB,var_drug_ann
rs28371686,CYP2C9,phenytoin,SURVEILLER,"Other, Metabolism/PK",PharmGKB,var_drug_ann
rs2231137,ABCG2,imatinib,ADAPTER_DOSE,Dosage,PharmGKB,var_drug_ann
rs10052957,NR3C1,prednisone,EVITER,Efficacy,PharmGKB,var_drug_ann
rs762551,CYP1A2,imatinib,ADAPTER_DOSE,Dosage,PharmGKB,var_drug_ann
rs7900194,CYP2C9,phenytoin,SURVEILLER,"Other, Metabolism/PK",PharmGKB,var_drug_ann
rs6295,HTR1A,lurasidone,EVITER,Efficacy,PharmGKB,var_drug_ann
rs28371685,CYP2C9,phenytoin,SURVEILLER,"Other, Metabolism/PK",PharmGKB,var_drug_ann
rs9332131,CYP2C9,phenytoin,SURVEILLER,"Other, Metabolism/PK",PharmGKB,var_drug_ann
rs3132291,RXRA,docetaxel,ADAPTER_DOSE,Metabolism/PK,PharmGKB,var_drug_ann
rs1061622,TNFRSF1B,infliximab,EVITER,Efficacy,PharmGKB,var_drug_ann
rs1799971,OPRM1,codeine,ADAPTER_DOSE,Dosage,PharmGKB,var_drug_ann
rs7439366,UGT2B7,codeine,ADAPTER_DOSE,Dosage,PharmGKB,var_drug_ann
rs4237348,CACNB2,antipsychotics,EVITER,Efficacy,PharmGKB,var_drug_ann
rs3768652,CACNB4,antipsychotics,EVITER,Efficacy,PharmGKB,var_drug_ann
rs7427395,CACNA2D3,antipsychotics,EVITER,Efficacy,PharmGKB,var_drug_ann
rs1277733,CACNB2,antipsychotics,EVITER,Efficacy,PharmGKB,var_drug_ann
rs4513095,CES1,sofosbuvir,EVITER,Efficacy,PharmGKB,var_drug_ann
rs6746030,SCN9A,propofol,SURVEILLER,Other,PharmGKB,var_drug_ann
rs7081864,PRKG1,salbutamol,EVITER,Efficacy,PharmGKB,var_drug_ann
rs12083537,IL6R,tocilizumab,EVITER,Efficacy,PharmGKB,var_drug_ann
rs11030104,BDNF,antipsychotics,EVITER,Efficacy,PharmGKB,var_drug_ann
rs6313,HTR2A,propofol,ADAPTER_DOSE,Dosage,PharmGKB,var_drug_ann
rs10501087,BDNF-AS,antipsychotics,EVITER,Efficacy,PharmGKB,var_drug_ann
rs2279020,GABRA1,propofol,SURVEILLER,Other,PharmGKB,var_drug_ann
rs1045642,ABCB1,"doxorubicin, methotrexate, prednisolone, vincristine",EVITER,Efficacy,PharmGKB,var_drug_ann
rs6265,BDNF,antipsychotics,EVITER,Efficacy,PharmGKB,var_drug_ann
rs5219,"ABCC8, KCNJ11","""metformin"", ""sulfonamides, urea derivatives""",EVITER,Efficacy,PharmGKB,var_drug_ann
rs28379954,NFIB,"paliperidone, risperidone",ADAPTER_DOSE,Metabolism/PK,PharmGKB,var_drug_ann
rs1128503,ABCB1,"remifentanil, sevoflurane",EVITER,Efficacy,PharmGKB,var_drug_ann
rs1277441,TAOK3,morphine,SURVEILLER,"Dosage, Efficacy",PharmGKB,var_drug_ann
rs2229109,ABCB1,"doxorubicin, methotrexate, prednisolone, vincristine",EVITER,Efficacy,PharmGKB,var_drug_ann
rs2236599,KLF4,hydroxyurea,EVITER,Efficacy,PharmGKB,var_drug_ann
rs11045821,SLCO1B1,methotrexate,SURVEILLER,"Efficacy, Toxicity, Metabolism/PK",PharmGKB,var_drug_ann
rs11563250,UGT1A,bilirubin,ADAPTER_DOSE,Metabolism/PK,PharmGKB,var_drug_ann
rs13393173,CERS6,"adalimumab, certolizumab pegol, etanercept, infliximab, tumor necrosis factor alpha (tnf-alpha) inhibitors",EVITER,Efficacy,PharmGKB,var_drug_ann
rs35599367,CYP3A4,midazolam,ADAPTER_DOSE,Metabolism/PK,PharmGKB,var_drug_ann
rs55918055,SLC22A1,morphine,ADAPTER_DOSE,Metabolism/PK,PharmGKB,var_drug_ann
rs4803381,CYP2A6,"bupropion, drugs used in nicotine dependence",EVITER,Efficacy,PharmGKB,var_drug_ann
rs391300,SRR,metformin,EVITER,Efficacy,PharmGKB,var_drug_ann
rs35599367,CYP3A4,erythromycin,ADAPTER_DOSE,Metabolism/PK,PharmGKB,var_drug_ann
rs4803381,CYP2A6,nicotine,ADAPTER_DOSE,Metabolism/PK,PharmGKB,var_drug_ann
rs3806596,UGT1A3,deferasirox,SURVEILLER,"Efficacy, Metabolism/PK",PharmGKB,var_drug_ann
rs4742610,PTPRD,"trandolapril, verapamil",EVITER,Efficacy,PharmGKB,var_drug_ann
rs2289669,SLC47A1,"""metformin"", ""sulfonamides, urea derivatives""",EVITER,Efficacy,PharmGKB,var_drug_ann
rs2231142,ABCG2,sunitinib,ADAPTER_DOSE,Metabolism/PK,PharmGKB,var_drug_ann
rs11168292,VDR,warfarin,ADAPTER_DOSE,Dosage,PharmGKB,var_drug_ann
rs1136703,SULT1A2,"4-hydroxytamoxifen, endoxifen",ADAPTER_DOSE,Metabolism/PK,PharmGKB,var_drug_ann
rs17343066,SLC28A3,ara-ctp,ADAPTER_DOSE,Metabolism/PK,PharmGKB,var_drug_ann
rs4760658,VDR,warfarin,ADAPTER_DOSE,Dosage,PharmGKB,var_drug_ann
rs11168293,VDR,warfarin,ADAPTER_DOSE,Dosage,PharmGKB,var_drug_ann
rs885814,ALPL,"adalimumab, certolizumab pegol, etanercept, infliximab, tumor necrosis factor alpha (tnf-alpha) inhibitors",EVITER,Efficacy,PharmGKB,var_drug_ann
rs2784917,SLIT1,etoposide,ADAPTER_DOSE,Metabolism/PK,PharmGKB,var_drug_ann
rs1059491,SULT1A2,"4-hydroxytamoxifen, endoxifen",ADAPTER_DOSE,Metabolism/PK,PharmGKB,var_drug_ann
rs4149081,SLCO1B1,methotrexate,SURVEILLER,"Efficacy, Toxicity, Metabolism/PK",PharmGKB,var_drug_ann
rs17301249,EYA4,"adalimumab, certolizumab pegol, etanercept, infliximab, tumor necrosis factor alpha (tnf-alpha) inhibitors",EVITER,Efficacy,PharmGKB,var_drug_ann
rs1042713,ADRB2,phenylephrine,ADAPTER_DOSE,Dosage,PharmGKB,var_drug_ann
rs6990851,CSMD1,anastrozole,EVITER,Efficacy,PharmGKB,var_drug_ann
rs2273697,ABCC2,"n-desmethyltramadol, o-desmethyltramadol",ADAPTER_DOSE,Metabolism/PK,PharmGKB,var_drug_ann
rs28399433,CYP2A6,nicotine,ADAPTER_DOSE,Metabolism/PK,PharmGKB,var_drug_ann
rs6801605,"CHDH, IL17RB",acamprosate,EVITER,Efficacy,PharmGKB,var_drug_ann
rs28399433,CYP2A6,coumarin,ADAPTER_DOSE,Metabolism/PK,PharmGKB,var_drug_ann
rs3093390,IL21R,"peginterferon alfa-2b, ribavirin",EVITER,Efficacy,PharmGKB,var_drug_ann
rs1570360,VEGFA,"bevacizumab, irinotecan",EVITER,Efficacy,PharmGKB,var_drug_ann
rs1792774,CARD16,"peginterferon alfa-2b, ribavirin",EVITER,Efficacy,PharmGKB,var_drug_ann
rs3740066,ABCC2,n-desmethyltramadol,ADAPTER_DOSE,Metabolism/PK,PharmGKB,var_drug_ann
rs699664,GGCX,warfarin,ADAPTER_DOSE,Dosage,PharmGKB,var_drug_ann
rs11079921,ABCC3,fentanyl,ADAPTER_DOSE,Metabolism/PK,PharmGKB,var_drug_ann
rs1503391,CARD16,"peginterferon alfa-2b, ribavirin",EVITER,Efficacy,PharmGKB,var_drug_ann
rs557905,CASP1,"peginterferon alfa-2b, ribavirin",EVITER,Efficacy,PharmGKB,var_drug_ann
rs13064411,CFAP44,hmg-coa reductase inhibitors,EVITER,Efficacy,PharmGKB,var_drug_ann
rs3808607,CYP7A1,atorvastatin,EVITER,Efficacy,PharmGKB,var_drug_ann
rs568910,CASP1,"peginterferon alfa-2b, ribavirin",EVITER,Efficacy,PharmGKB,var_drug_ann
rs2072658,CHRNB2,nicotine,SURVEILLER,Other,PharmGKB,var_drug_ann
rs8330,UGT1A8,n-desmethyltramadol,ADAPTER_DOSE,Metabolism/PK,PharmGKB,var_drug_ann
rs2229959,CHRNA4,nicotine,SURVEILLER,Other,PharmGKB,var_drug_ann
rs17461620,TUT7,"peginterferon alfa-2b, ribavirin",EVITER,Efficacy,PharmGKB,var_drug_ann
rs3750920,TOLLIP,acetylcysteine,EVITER,Efficacy,PharmGKB,var_drug_ann
rs1045642,ABCB1,oxcarbazepine,EVITER,Efficacy,PharmGKB,var_drug_ann
rs12979860,"IFNL3, IFNL4","peginterferon alfa-2b, ribavirin, telaprevir",EVITER,Efficacy,PharmGKB,var_drug_ann
rs7439366,UGT2B7,oxcarbazepine,EVITER,Efficacy,PharmGKB,var_drug_ann
rs12404655,CDA,ara-ctp,ADAPTER_DOSE,Metabolism/PK,PharmGKB,var_drug_ann
rs8099917,IFNL3,"peginterferon alfa-2b, ribavirin, telaprevir",EVITER,Efficacy,PharmGKB,var_drug_ann
rs11030918,RRM1,ara-ctp,ADAPTER_DOSE,Metabolism/PK,PharmGKB,var_drug_ann
rs776746,CYP3A5,clopidogrel,EVITER,Efficacy,PharmGKB,var_drug_ann
rs11577910,CTPS1,ara-ctp,ADAPTER_DOSE,Metabolism/PK,PharmGKB,var_drug_ann
rs12067645,CTPS1,ara-ctp,ADAPTER_DOSE,Metabolism/PK,PharmGKB,var_drug_ann
rs4364871,CTPS1,ara-ctp,ADAPTER_DOSE,Metabolism/PK,PharmGKB,var_drug_ann
rs10929303,UGT1A8,n-desmethyltramadol,ADAPTER_DOSE,Metabolism/PK,PharmGKB,var_drug_ann
rs34650714,UGT1A8,"n-desmethyltramadol, o-desmethyltramadol",ADAPTER_DOSE,Metabolism/PK,PharmGKB,var_drug_ann
rs11853372,SLC28A1,ara-ctp,ADAPTER_DOSE,Metabolism/PK,PharmGKB,var_drug_ann
rs4742,DCTD,ara-ctp,ADAPTER_DOSE,Metabolism/PK,PharmGKB,var_drug_ann
rs622342,SLC22A1,"amantadine, anticholinergics, levodopa, selegiline",SURVEILLER,"Dosage, Efficacy",PharmGKB,var_drug_ann
rs4643786,DCK,ara-ctp,ADAPTER_DOSE,Metabolism/PK,PharmGKB,var_drug_ann
rs12980275,IFNL3,"peginterferon alfa-2a, ribavirin",EVITER,Efficacy,PharmGKB,var_drug_ann
rs4793665,ABCC3,"morphine-3-glucuronide, morphine-6-glucuronide",ADAPTER_DOSE,Metabolism/PK,PharmGKB,var_drug_ann
rs4148412,ABCC3,morphine-3-glucuronide,ADAPTER_DOSE,Metabolism/PK,PharmGKB,var_drug_ann
rs8450,CRTC2,glucose,EVITER,Toxicity,PharmGKB,var_drug_ann
rs5441,GNB3,sertraline,EVITER,Efficacy,PharmGKB,var_drug_ann
rs1323040,OPRM1,sufentanil,ADAPTER_DOSE,Dosage,PharmGKB,var_drug_ann
rs1128503,ABCB1,sufentanil,ADAPTER_DOSE,Dosage,PharmGKB,var_drug_ann
rs1045642,ABCB1,cyclosporine,EVITER,Efficacy,PharmGKB,var_drug_ann
rs2032582,ABCB1,sufentanil,ADAPTER_DOSE,Dosage,PharmGKB,var_drug_ann
rs8450,CRTC2,hdl cholesterol,EVITER,Toxicity,PharmGKB,var_drug_ann
rs1867351,SLC22A1,"n-desmethyltramadol, o-desmethyltramadol",ADAPTER_DOSE,Metabolism/PK,PharmGKB,var_drug_ann
rs12782374,CYP2C9,phenytoin,SURVEILLER,"Dosage, Metabolism/PK",PharmGKB,var_drug_ann
rs8077268,ABCC3,fentanyl,ADAPTER_DOSE,Metabolism/PK,PharmGKB,var_drug_ann
rs776746,CYP3A5,sirolimus,SURVEILLER,"Dosage, Metabolism/PK",PharmGKB,var_drug_ann
rs3212986,ERCC1,platinum compounds,EVITER,Efficacy,PharmGKB,var_drug_ann
rs7662029,UGT2B7,mycophenolic acid,ADAPTER_DOSE,Metabolism/PK,PharmGKB,var_drug_ann
rs2070762,TH,methylphenidate,EVITER,Efficacy,PharmGKB,var_drug_ann
rs5744247,IL18,tacrolimus,ADAPTER_DOSE,Metabolism/PK,PharmGKB,var_drug_ann
rs2740574,CYP3A4,sirolimus,SURVEILLER,"Dosage, Metabolism/PK",PharmGKB,var_drug_ann
rs1801274,FCGR2A,cetuximab,EVITER,Efficacy,PharmGKB,var_drug_ann
rs2242480,CYP3A4,carbamazepine,ADAPTER_DOSE,Metabolism/PK,PharmGKB,var_drug_ann
rs518147,HTR2C,risperidone,EVITER,Efficacy,PharmGKB,var_drug_ann
rs776746,CYP3A5,carbamazepine,ADAPTER_DOSE,Metabolism/PK,PharmGKB,var_drug_ann
rs6923761,GLP1R,"sitagliptin, vildagliptin",EVITER,Efficacy,PharmGKB,var_drug_ann
rs7910936,CYP2C8,"desethylchloroquine, hydroxychloroquine",ADAPTER_DOSE,Metabolism/PK,PharmGKB,var_drug_ann
rs1045642,ABCB1,carbamazepine,ADAPTER_DOSE,Metabolism/PK,PharmGKB,var_drug_ann
rs3738046,EPHX1,carbamazepine,ADAPTER_DOSE,Metabolism/PK,PharmGKB,var_drug_ann
rs1799853,CYP2C9,phenytoin,ADAPTER_DOSE,Metabolism/PK,PharmGKB,var_drug_ann
rs4244285,CYP2C19,phenytoin,SURVEILLER,"Other, Metabolism/PK",PharmGKB,var_drug_ann
rs6318,HTR2C,clozapine,EVITER,Efficacy,PharmGKB,var_drug_ann
rs2234922,EPHX1,carbamazepine,ADAPTER_DOSE,Metabolism/PK,PharmGKB,var_drug_ann
rs12255372,TCF7L2,"sulfonamides, urea derivatives",EVITER,Efficacy,PharmGKB,var_drug_ann
rs25487,XRCC1,"carboplatin, cisplatin, fluorouracil",EVITER,Efficacy,PharmGKB,var_drug_ann
rs2032582,ABCB1,tramadol,ADAPTER_DOSE,Metabolism/PK,PharmGKB,var_drug_ann
rs1045642,ABCB1,tramadol,ADAPTER_DOSE,Metabolism/PK,PharmGKB,var_drug_ann
rs12659,SLC19A1,"carboplatin, cisplatin, fluorouracil",EVITER,Efficacy,PharmGKB,var_drug_ann
rs1128503,ABCB1,tramadol,ADAPTER_DOSE,Metabolism/PK,PharmGKB,var_drug_ann
rs16851030,ADORA1,caffeine,EVITER,Efficacy,PharmGKB,var_drug_ann
rs4329505,IL6R,tocilizumab,EVITER,Efficacy,PharmGKB,var_drug_ann
rs1023574,HTR2C,risperidone,EVITER,Efficacy,PharmGKB,var_drug_ann
rs9698290,HTR2C,risperidone,EVITER,Efficacy,PharmGKB,var_drug_ann
rs16960228,PRKCA,"""diuretics"", ""hydrochlorothiazide"", ""thiazides, plain""",EVITER,Efficacy,PharmGKB,var_drug_ann
rs672170,RGS17,antidepressants,EVITER,Efficacy,PharmGKB,var_drug_ann
rs4149117,SLCO1B3,voriconazole,ADAPTER_DOSE,Metabolism/PK,PharmGKB,var_drug_ann
rs1042522,TP53,oxaliplatin,EVITER,Efficacy,PharmGKB,var_drug_ann
rs9315310,NBEA,antidepressants,EVITER,Efficacy,PharmGKB,var_drug_ann
rs4737771,CRH,antidepressants,EVITER,Efficacy,PharmGKB,var_drug_ann
rs49411,FHIT,antidepressants,EVITER,Efficacy,PharmGKB,var_drug_ann
rs2532560,PARP11,antidepressants,EVITER,Efficacy,PharmGKB,var_drug_ann
rs5443,GNB3,sildenafil,EVITER,Efficacy,PharmGKB,var_drug_ann
rs766127,MTRF1L,antidepressants,EVITER,Efficacy,PharmGKB,var_drug_ann
rs1057868,POR,atorvastatin,EVITER,Efficacy,PharmGKB,var_drug_ann
rs846908,HSD11B1,tacrolimus,ADAPTER_DOSE,Metabolism/PK,PharmGKB,var_drug_ann
rs4845625,IL6R,sarilumab,EVITER,Efficacy,PharmGKB,var_drug_ann
rs1799983,NOS3,salvianolic acid b,EVITER,Efficacy,PharmGKB,var_drug_ann
rs165599,COMT,bupropion,EVITER,Efficacy,PharmGKB,var_drug_ann
rs737865,COMT,bupropion,EVITER,Efficacy,PharmGKB,var_drug_ann
rs2267715,CRHR2,salbutamol,EVITER,Efficacy,PharmGKB,var_drug_ann
rs10882521,CYP2C8,"desethylchloroquine, hydroxychloroquine",ADAPTER_DOSE,Metabolism/PK,PharmGKB,var_drug_ann
rs4889606,STX1B,warfarin,ADAPTER_DOSE,Dosage,PharmGKB,var_drug_ann
rs2071303,HFE,adalimumab,EVITER,Efficacy,PharmGKB,var_drug_ann
rs10192566,LPIN1,rosiglitazone,EVITER,Efficacy,PharmGKB,var_drug_ann
rs4844880,HSD11B1,tacrolimus,ADAPTER_DOSE,Metabolism/PK,PharmGKB,var_drug_ann
rs1065852,CYP2D6,"desethylchloroquine, hydroxychloroquine",ADAPTER_DOSE,Metabolism/PK,PharmGKB,var_drug_ann
rs846910,HSD11B1,tacrolimus,ADAPTER_DOSE,Metabolism/PK,PharmGKB,var_drug_ann
rs3735814,GATA4,acenocoumarol,ADAPTER_DOSE,Dosage,PharmGKB,var_drug_ann
rs4149601,NEDD4L,"""beta blocking agents, selective"", ""diuretics""",EVITER,Efficacy,PharmGKB,var_drug_ann
rs10997242,CTNNA3,antidepressants,EVITER,Efficacy,PharmGKB,var_drug_ann
rs4149601,NEDD4L,"aldosterone antagonists, amiloride",EVITER,Efficacy,PharmGKB,var_drug_ann
rs7997012,HTR2A,antidepressants,EVITER,Efficacy,PharmGKB,var_drug_ann
rs255100,CRHR2,salbutamol,EVITER,Efficacy,PharmGKB,var_drug_ann
rs6313,HTR2A,antidepressants,EVITER,Efficacy,PharmGKB,var_drug_ann
rs2112460,CACNA1A,antidepressants,EVITER,Efficacy,PharmGKB,var_drug_ann
rs2284220,CRHR2,salbutamol,EVITER,Efficacy,PharmGKB,var_drug_ann
rs17650,ORM1,warfarin,ADAPTER_DOSE,Dosage,PharmGKB,var_drug_ann
rs16873129,RAPGEF5,antidepressants,EVITER,Efficacy,PharmGKB,var_drug_ann
rs1128503,ABCB1,valproic acid,EVITER,Efficacy,PharmGKB,var_drug_ann
rs2299267,PON2,antidepressants,EVITER,Efficacy,PharmGKB,var_drug_ann
rs7937567,GALNT18,cisplatin,EVITER,Efficacy,PharmGKB,var_drug_ann
rs12535512,ABCB1,risperidone,EVITER,Efficacy,PharmGKB,var_drug_ann
rs680055,CYP3A43,"antipsychotics, aripiprazole, clozapine, haloperidol, olanzapine, quetiapine, risperidone",EVITER,Efficacy,PharmGKB,var_drug_ann
rs1741981,HDAC1,corticosteroids,EVITER,Efficacy,PharmGKB,var_drug_ann
rs8192552,MTNR1B,vincristine,ADAPTER_DOSE,Metabolism/PK,PharmGKB,var_drug_ann
rs3804100,TLR2,morphine,SURVEILLER,"Dosage, Efficacy",PharmGKB,var_drug_ann
rs4148947,CHST3,"docetaxel, thalidomide",EVITER,Efficacy,PharmGKB,var_drug_ann
rs1143634,IL1B,morphine,SURVEILLER,"Dosage, Efficacy",PharmGKB,var_drug_ann
rs10964552,MLLT3,cisplatin,EVITER,Efficacy,PharmGKB,var_drug_ann
rs4148950,CHST3,"docetaxel, thalidomide",EVITER,Efficacy,PharmGKB,var_drug_ann
rs1800591,MTTP,atorvastatin,EVITER,Efficacy,PharmGKB,var_drug_ann
rs671,ALDH2,nitroglycerin,EVITER,Efficacy,PharmGKB,var_drug_ann
rs4910008,GALNT18,tocilizumab,EVITER,Efficacy,PharmGKB,var_drug_ann
rs244898,RARS1,cisplatin,EVITER,Efficacy,PharmGKB,var_drug_ann
rs2235048,ABCB1,risperidone,EVITER,Efficacy,PharmGKB,var_drug_ann
rs11052877,CD69,tocilizumab,EVITER,Efficacy,PharmGKB,var_drug_ann
rs12248560,CYP2C19,phenazepam,EVITER,Efficacy,PharmGKB,var_drug_ann
rs6519270,SNU13,vincristine,ADAPTER_DOSE,Metabolism/PK,PharmGKB,var_drug_ann
rs7606603,XIRP2,atenolol,EVITER,Efficacy,PharmGKB,var_drug_ann
rs10211,CYP3A7,cyclosporine,ADAPTER_DOSE,Metabolism/PK,PharmGKB,var_drug_ann
rs2257401,CYP3A7,cyclosporine,ADAPTER_DOSE,Metabolism/PK,PharmGKB,var_drug_ann
rs12343867,JAK2,tumor necrosis factor alpha (tnf-alpha) inhibitors,EVITER,Efficacy,PharmGKB,var_drug_ann
rs1695,GSTP1,nilotinib,EVITER,Efficacy,PharmGKB,var_drug_ann
rs3212217,IL12B,tumor necrosis factor alpha (tnf-alpha) inhibitors,EVITER,Efficacy,PharmGKB,var_drug_ann
rs1801252,ADRB1,carvedilol,EVITER,Efficacy,PharmGKB,var_drug_ann
rs2032582,ABCB1,paroxetine,EVITER,Efficacy,PharmGKB,var_drug_ann
rs1048943,CYP1A1,nilotinib,EVITER,Efficacy,PharmGKB,var_drug_ann
rs10754558,NLRP3,tumor necrosis factor alpha (tnf-alpha) inhibitors,EVITER,Efficacy,PharmGKB,var_drug_ann
rs1946518,IL18,tumor necrosis factor alpha (tnf-alpha) inhibitors,EVITER,Efficacy,PharmGKB,var_drug_ann
rs3803300,AKT1,risperidone,EVITER,Efficacy,PharmGKB,var_drug_ann
rs2494732,AKT1,risperidone,EVITER,Efficacy,PharmGKB,var_drug_ann
rs2234711,IFNGR1,tumor necrosis factor alpha (tnf-alpha) inhibitors,EVITER,Efficacy,PharmGKB,var_drug_ann
rs3745274,CYP2B6,imatinib,EVITER,Efficacy,PharmGKB,var_drug_ann
rs4986893,CYP2C19,warfarin,ADAPTER_DOSE,Dosage,PharmGKB,var_drug_ann
rs12539,AOC1,cannabidiol,EVITER,Efficacy,PharmGKB,var_drug_ann
rs3211371,CYP2B6,efavirenz,ADAPTER_DOSE,Metabolism/PK,PharmGKB,var_drug_ann
rs17250932,TBX21,tumor necrosis factor alpha (tnf-alpha) inhibitors,EVITER,Efficacy,PharmGKB,var_drug_ann
rs4548,RAB7A,vincristine,ADAPTER_DOSE,Metabolism/PK,PharmGKB,var_drug_ann
rs730720,CHST3,"docetaxel, thalidomide",EVITER,Efficacy,PharmGKB,var_drug_ann
rs8126756,IFNGR2,tumor necrosis factor alpha (tnf-alpha) inhibitors,EVITER,Efficacy,PharmGKB,var_drug_ann
rs1339067,SLC15A1,cannabidiol,EVITER,Efficacy,PharmGKB,var_drug_ann
rs4149056,SLCO1B1,rosiglitazone,EVITER,Efficacy,PharmGKB,var_drug_ann
rs1741981,HDAC1,corticosteroids for systemic use,EVITER,Efficacy,PharmGKB,var_drug_ann
rs165599,COMT,risperidone,EVITER,Efficacy,PharmGKB,var_drug_ann
rs724226,GRM3,risperidone,EVITER,Efficacy,PharmGKB,var_drug_ann
rs5744174,TLR5,tumor necrosis factor alpha (tnf-alpha) inhibitors,EVITER,Efficacy,PharmGKB,var_drug_ann
rs6517442,KCNJ6,morphine,EVITER,Efficacy,PharmGKB,var_drug_ann
rs2231142,ABCG2,methotrexate,ADAPTER_DOSE,Metabolism/PK,PharmGKB,var_drug_ann
rs6517442,KCNJ6,"morphine, remifentanil",EVITER,Efficacy,PharmGKB,var_drug_ann
rs3888190,SH2B1,low density lipoprotein,SURVEILLER,Other,PharmGKB,var_drug_ann
rs699947,VEGFA,enalapril,EVITER,Efficacy,PharmGKB,var_drug_ann
rs8099917,IFNL3,"peginterferon alfa-2a, peginterferon alfa-2b, ribavirin, telaprevir",EVITER,Efficacy,PharmGKB,var_drug_ann
rs2284018,CACNG2,lithium,EVITER,Efficacy,PharmGKB,var_drug_ann
rs2250242,ORM2,docetaxel,ADAPTER_DOSE,Metabolism/PK,PharmGKB,var_drug_ann
rs2043211,CARD8,"etanercept, infliximab",EVITER,Efficacy,PharmGKB,var_drug_ann
rs12979860,"IFNL3, IFNL4","peginterferon alfa-2a, peginterferon alfa-2b, ribavirin, telaprevir",EVITER,Efficacy,PharmGKB,var_drug_ann
rs4612666,NLRP3,"etanercept, infliximab",EVITER,Efficacy,PharmGKB,var_drug_ann
rs2449598,DLG2,anastrozole,EVITER,Efficacy,PharmGKB,var_drug_ann
rs3077,HLA-DPA1,peginterferon alfa-2b,EVITER,Efficacy,PharmGKB,var_drug_ann
rs1803274,BCHE,rivastigmine,EVITER,Efficacy,PharmGKB,var_drug_ann
rs1800629,TNF,"adalimumab, etanercept, infliximab, tumor necrosis factor alpha (tnf-alpha) inhibitors",EVITER,Efficacy,PharmGKB,var_drug_ann
rs3749442,ABCC5,cannabidiol,EVITER,Efficacy,PharmGKB,var_drug_ann
rs4803217,IFNL3,"peginterferon alfa-2b, ribavirin",EVITER,Efficacy,PharmGKB,var_drug_ann
rs3181842,CYP2B6,efavirenz,ADAPTER_DOSE,Metabolism/PK,PharmGKB,var_drug_ann
rs707265,CYP2B6,efavirenz,ADAPTER_DOSE,Metabolism/PK,PharmGKB,var_drug_ann
rs7246465,CYP2B6,efavirenz,ADAPTER_DOSE,Metabolism/PK,PharmGKB,var_drug_ann
rs696,NFKBIA,sufentanil,ADAPTER_DOSE,Dosage,PharmGKB,var_drug_ann
rs1042389,CYP2B6,efavirenz,ADAPTER_DOSE,Metabolism/PK,PharmGKB,var_drug_ann
rs11881222,IFNL3,"peginterferon alfa-2b, ribavirin",EVITER,Efficacy,PharmGKB,var_drug_ann
rs1000940,RABEP1,glucose,SURVEILLER,Other,PharmGKB,var_drug_ann
rs6265,BDNF,paroxetine,EVITER,Efficacy,PharmGKB,var_drug_ann
rs4680,COMT,remifentanil,EVITER,Efficacy,PharmGKB,var_drug_ann
rs4680,COMT,"morphine, remifentanil",EVITER,Efficacy,PharmGKB,var_drug_ann
rs3804099,TLR2,"adalimumab, infliximab",EVITER,Efficacy,PharmGKB,var_drug_ann
rs12979860,"IFNL3, IFNL4","interferon alfa-n1, peginterferon alfa-2b, ribavirin",EVITER,Efficacy,PharmGKB,var_drug_ann
rs8099917,IFNL3,"interferon alfa-n1, peginterferon alfa-2b, ribavirin",EVITER,Efficacy,PharmGKB,var_drug_ann
rs8103142,IFNL3,"peginterferon alfa-2b, ribavirin",EVITER,Efficacy,PharmGKB,var_drug_ann
rs28416813,IFNL3,"peginterferon alfa-2b, ribavirin",EVITER,Efficacy,PharmGKB,var_drug_ann
rs2075748,CHRM1,clozapine,ADAPTER_DOSE,Dosage,PharmGKB,var_drug_ann
rs1056836,CYP1B1,"cyclophosphamide, epirubicin, fluorouracil",EVITER,Efficacy,PharmGKB,var_drug_ann
rs28416813,IFNL3,"peginterferon alfa-2a, peginterferon alfa-2b, ribavirin",EVITER,Efficacy,PharmGKB,var_drug_ann
rs10901080,ASS1,hydroxyurea,EVITER,Efficacy,PharmGKB,var_drug_ann
rs6981827,CSMD1,anastrozole,EVITER,Efficacy,PharmGKB,var_drug_ann
rs10793902,ASS1,hydroxyurea,EVITER,Efficacy,PharmGKB,var_drug_ann
rs2032582,ABCB1,doxorubicin,ADAPTER_DOSE,Metabolism/PK,PharmGKB,var_drug_ann
rs1800566,NQO1,epirubicin,SURVEILLER,"Efficacy, Toxicity",PharmGKB,var_drug_ann
rs1563828,MDM4,"docetaxel, epirubicin",EVITER,Efficacy,PharmGKB,var_drug_ann
rs75982813,NEDD4L,hydrochlorothiazide,EVITER,Efficacy,PharmGKB,var_drug_ann
rs5219,KCNJ11,gliclazide,EVITER,Efficacy,PharmGKB,var_drug_ann
rs1045642,ABCB1,doxorubicin,ADAPTER_DOSE,Metabolism/PK,PharmGKB,var_drug_ann
rs6277,DRD2,aripiprazole,EVITER,Efficacy,PharmGKB,var_drug_ann
rs11942466,AREG,"capecitabine, radiotherapy",EVITER,Efficacy,PharmGKB,var_drug_ann
rs3745274,CYP2B6,s-methadone,ADAPTER_DOSE,Metabolism/PK,PharmGKB,var_drug_ann
rs11615,ERCC1,"capecitabine, radiotherapy",EVITER,Efficacy,PharmGKB,var_drug_ann
rs2010963,VEGFA,"capecitabine, oxaliplatin",EVITER,Efficacy,PharmGKB,var_drug_ann
rs1800497,ANKK1,aripiprazole,EVITER,Efficacy,PharmGKB,var_drug_ann
rs4633,COMT,morphine,SURVEILLER,"Dosage, Efficacy",PharmGKB,var_drug_ann
rs224534,TRPV1,acetaminophen,EVITER,Efficacy,PharmGKB,var_drug_ann
rs1150226,HTR3A,clozapine,EVITER,Efficacy,PharmGKB,var_drug_ann
rs2069062,GRM7,risperidone,EVITER,Efficacy,PharmGKB,var_drug_ann
rs2276302,HTR3A,clozapine,EVITER,Efficacy,PharmGKB,var_drug_ann
rs4680,COMT,glucose,EVITER,Toxicity,PharmGKB,var_drug_ann
rs1062613,HTR3A,clozapine,EVITER,Efficacy,PharmGKB,var_drug_ann
rs10919563,PTPRC,"adalimumab, etanercept, infliximab",EVITER,Efficacy,PharmGKB,var_drug_ann
rs1875705,GRID2,risperidone,EVITER,Efficacy,PharmGKB,var_drug_ann
rs699947,VEGFA,"capecitabine, oxaliplatin",EVITER,Efficacy,PharmGKB,var_drug_ann
rs17886199,"PRSS53, VKORC1",warfarin,ADAPTER_DOSE,Dosage,PharmGKB,var_drug_ann
rs12422149,SLCO2B1,"4-hydroxyatorvastatin, 4-hydroxyatorvastatin lactone",ADAPTER_DOSE,Metabolism/PK,PharmGKB,var_drug_ann
rs887829,UGT1A1,"2-hydroxyatorvastatin lactone, 4-hydroxyatorvastatin lactone, atorvastatin lactone",ADAPTER_DOSE,Metabolism/PK,PharmGKB,var_drug_ann
rs1056515,RGS5,"bevacizumab, fluorouracil, irinotecan, leucovorin",EVITER,Efficacy,PharmGKB,var_drug_ann
rs8105790,IFNL3,"peginterferon alfa-2b, ribavirin",EVITER,Efficacy,PharmGKB,var_drug_ann
rs12980275,IFNL3,"peginterferon alfa-2b, ribavirin",EVITER,Efficacy,PharmGKB,var_drug_ann
rs10068980,GABRA1,valproic acid,EVITER,Efficacy,PharmGKB,var_drug_ann
rs1942499,CHRM1,clozapine,ADAPTER_DOSE,Dosage,PharmGKB,var_drug_ann
rs12487736,SCAP,rosuvastatin,EVITER,Efficacy,PharmGKB,var_drug_ann
rs4803219,IFNL3,"peginterferon alfa-2b, ribavirin",EVITER,Efficacy,PharmGKB,var_drug_ann
rs329007,RALBP1,"bevacizumab, fluorouracil, irinotecan, leucovorin",EVITER,Efficacy,PharmGKB,var_drug_ann
rs1128503,ABCB1,rocuronium,EVITER,Efficacy,PharmGKB,var_drug_ann
rs6714486,UGT1A9,mycophenolic acid,ADAPTER_DOSE,Metabolism/PK,PharmGKB,var_drug_ann
rs2306283,SLCO1B1,rocuronium,EVITER,Efficacy,PharmGKB,var_drug_ann
rs776746,"CYP3A5, ZSCAN25",perampanel,ADAPTER_DOSE,Metabolism/PK,PharmGKB,var_drug_ann
rs7438135,UGT2B7,morphine,ADAPTER_DOSE,Metabolism/PK,PharmGKB,var_drug_ann
rs7248668,IFNL3,"peginterferon alfa-2b, ribavirin",EVITER,Efficacy,PharmGKB,var_drug_ann
rs5370,EDN1,"atenolol, irbesartan",EVITER,Efficacy,PharmGKB,var_drug_ann
rs6311,HTR2A,paroxetine,EVITER,Efficacy,PharmGKB,var_drug_ann
rs4086116,CYP2C9,phenprocoumon,ADAPTER_DOSE,Dosage,PharmGKB,var_drug_ann
rs7412,APOE,"atorvastatin, pravastatin, simvastatin",EVITER,Efficacy,PharmGKB,var_drug_ann
rs776746,CYP3A5,apixaban,ADAPTER_DOSE,Metabolism/PK,PharmGKB,var_drug_ann
rs2454727,HCAR2,niacin,EVITER,Efficacy,PharmGKB,var_drug_ann
rs12003906,ABCA1,"atorvastatin, pravastatin, simvastatin",EVITER,Efficacy,PharmGKB,var_drug_ann
rs13120400,ABCG2,ceftriaxone,ADAPTER_DOSE,Metabolism/PK,PharmGKB,var_drug_ann
rs1127354,ITPA,ribavirin,ADAPTER_DOSE,Dosage,PharmGKB,var_drug_ann
rs616147,MOBP,creatine,EVITER,Efficacy,PharmGKB,var_drug_ann
rs1047840,EXO1,pemetrexed,EVITER,Efficacy,PharmGKB,var_drug_ann
rs10871454,STX4,phenprocoumon,ADAPTER_DOSE,Dosage,PharmGKB,var_drug_ann
rs3745274,CYP2B6,propofol,ADAPTER_DOSE,Dosage,PharmGKB,var_drug_ann
rs352139,TLR9,"adalimumab, etanercept, infliximab, tumor necrosis factor alpha (tnf-alpha) inhibitors",EVITER,Efficacy,PharmGKB,var_drug_ann
rs2231142,ABCG2,apixaban,ADAPTER_DOSE,Metabolism/PK,PharmGKB,var_drug_ann
rs2242446,SLC6A2,"3,4-methylenedioxymethamphetamine",SURVEILLER,Other,PharmGKB,var_drug_ann
rs699,AGT,atenolol,EVITER,Efficacy,PharmGKB,var_drug_ann
rs1057910,CYP2C9,irbesartan,ADAPTER_DOSE,Metabolism/PK,PharmGKB,var_drug_ann
rs1861647,SLC6A2,"3,4-methylenedioxymethamphetamine",SURVEILLER,Other,PharmGKB,var_drug_ann
rs36029,SLC6A2,"3,4-methylenedioxymethamphetamine",SURVEILLER,Other,PharmGKB,var_drug_ann
rs5051,AGT,atenolol,EVITER,Efficacy,PharmGKB,var_drug_ann
rs72558187,CYP2C9,irbesartan,ADAPTER_DOSE,Metabolism/PK,PharmGKB,var_drug_ann
rs1264457,HLA-E,"adalimumab, certolizumab pegol, etanercept, glucocorticoids, infliximab, methotrexate",EVITER,Efficacy,PharmGKB,var_drug_ann
rs13266634,SLC30A8,repaglinide,EVITER,Efficacy,PharmGKB,var_drug_ann
rs1048101,ADRA1A,disulfiram,EVITER,Efficacy,PharmGKB,var_drug_ann
rs1059150,ATP5F1E,"adalimumab, certolizumab pegol, etanercept, glucocorticoids, infliximab, methotrexate",EVITER,Efficacy,PharmGKB,var_drug_ann
rs2231142,ABCG2,felodipine,ADAPTER_DOSE,Metabolism/PK,PharmGKB,var_drug_ann
rs28399433,CYP2A6,dexmedetomidine,ADAPTER_DOSE,Metabolism/PK,PharmGKB,var_drug_ann
rs1799853,CYP2C9,irbesartan,EVITER,Efficacy,PharmGKB,var_drug_ann
rs145837941,CALCA,fentanyl,ADAPTER_DOSE,Dosage,PharmGKB,var_drug_ann
rs1319501,NAMPT,nitric oxide,EVITER,Efficacy,PharmGKB,var_drug_ann
rs529520,OPRD1,buprenorphine,EVITER,Efficacy,PharmGKB,var_drug_ann
rs2592551,GGCX,warfarin,ADAPTER_DOSE,Dosage,PharmGKB,var_drug_ann
rs11191439,AS3MT,arsenic compounds,SURVEILLER,"Toxicity, Metabolism/PK",PharmGKB,var_drug_ann
rs7905446,HTR7,selective serotonin reuptake inhibitors,EVITER,Efficacy,PharmGKB,var_drug_ann
rs7905446,HTR7,escitalopram,EVITER,Efficacy,PharmGKB,var_drug_ann
rs7905446,HTR7,"atomoxetine, desvenlafaxine, duloxetine, selective serotonin reuptake inhibitors, venlafaxine",EVITER,Efficacy,PharmGKB,var_drug_ann
rs2069840,IL6,tocilizumab,EVITER,Efficacy,PharmGKB,var_drug_ann
rs7905446,HTR7,antidepressants,EVITER,Efficacy,PharmGKB,var_drug_ann
rs1801131,MTHFR,benazepril,EVITER,Efficacy,PharmGKB,var_drug_ann
rs7905446,HTR7,"fluoxetine, paroxetine",EVITER,Efficacy,PharmGKB,var_drug_ann
rs3745274,CYP2B6,tramadol,ADAPTER_DOSE,Metabolism/PK,PharmGKB,var_drug_ann
rs7905446,HTR7,paroxetine,EVITER,Efficacy,PharmGKB,var_drug_ann
rs1653586,CAMKK2,pemetrexed,EVITER,Efficacy,PharmGKB,var_drug_ann
rs523349,SRD5A2,abiraterone,EVITER,Efficacy,PharmGKB,var_drug_ann
rs581111,OPRD1,buprenorphine,EVITER,Efficacy,PharmGKB,var_drug_ann
rs11623866,FNTB,"carboplatin, lonafarnib, paclitaxel",EVITER,Efficacy,PharmGKB,var_drug_ann
rs12505410,ABCG2,methotrexate,ADAPTER_DOSE,Metabolism/PK,PharmGKB,var_drug_ann
rs41271330,BMP5,escitalopram,EVITER,Efficacy,PharmGKB,var_drug_ann
rs71647871,CES1,enalapril,ADAPTER_DOSE,Metabolism/PK,PharmGKB,var_drug_ann
rs13137622,ABCG2,methotrexate,ADAPTER_DOSE,Metabolism/PK,PharmGKB,var_drug_ann
rs2740574,CYP3A4,amlodipine,EVITER,Efficacy,PharmGKB,var_drug_ann
rs1946518,IL18,tacrolimus,ADAPTER_DOSE,Metabolism/PK,PharmGKB,var_drug_ann
rs689466,PTGS2,celecoxib,EVITER,Efficacy,PharmGKB,var_drug_ann
rs594709,SLC22A1,metformin,EVITER,Efficacy,PharmGKB,var_drug_ann
rs2401863,TDP1,irinotecan,EVITER,Efficacy,PharmGKB,var_drug_ann
rs16947,CYP2D6,dexmedetomidine,ADAPTER_DOSE,Dosage,PharmGKB,var_drug_ann
rs762551,CYP1A2,carbamazepine,ADAPTER_DOSE,Metabolism/PK,PharmGKB,var_drug_ann
rs2242480,CYP3A4,rivaroxaban,ADAPTER_DOSE,Metabolism/PK,PharmGKB,var_drug_ann
rs776746,CYP3A5,"cyclosporine, tacrolimus",SURVEILLER,"Dosage, Metabolism/PK",PharmGKB,var_drug_ann
rs4148324,"UGT1A1, UGT1A10, UGT1A3, UGT1A4, UGT1A5, UGT1A6, UGT1A7, UGT1A8, UGT1A9",methotrexate,ADAPTER_DOSE,Metabolism/PK,PharmGKB,var_drug_ann
rs5758550,WBP2NL,dexmedetomidine,EVITER,Toxicity,PharmGKB,var_drug_ann
rs1803274,BCHE,"memantine, rivastigmine",EVITER,Efficacy,PharmGKB,var_drug_ann
rs3397,TNFRSF1B,tumor necrosis factor alpha (tnf-alpha) inhibitors,EVITER,Efficacy,PharmGKB,var_drug_ann
rs1045642,ABCB1,amlodipine,ADAPTER_DOSE,Metabolism/PK,PharmGKB,var_drug_ann
rs3766355,PTGFR,latanoprost,EVITER,Efficacy,PharmGKB,var_drug_ann
rs1061631,TNFRSF1B,tumor necrosis factor alpha (tnf-alpha) inhibitors,EVITER,Efficacy,PharmGKB,var_drug_ann
rs2032582,ABCB1,amlodipine,ADAPTER_DOSE,Metabolism/PK,PharmGKB,var_drug_ann
rs11265549,NECTIN4,methadone,ADAPTER_DOSE,Metabolism/PK,PharmGKB,var_drug_ann
rs1799971,OPRM1,"opioid anesthetics, other general anesthetics, volatile anesthetics",EVITER,Efficacy,PharmGKB,var_drug_ann
rs2231142,ABCG2,"opioid anesthetics, other general anesthetics, volatile anesthetics",EVITER,Efficacy,PharmGKB,var_drug_ann
rs16934182,KCNMA1,dexmedetomidine,ADAPTER_DOSE,Dosage,PharmGKB,var_drug_ann
rs11887534,ABCG8,atorvastatin,EVITER,Efficacy,PharmGKB,var_drug_ann
rs1800544,ADRA2A,dexmedetomidine,ADAPTER_DOSE,Dosage,PharmGKB,var_drug_ann
rs2011425,UGT1A4,tamoxifen-n-glucuronide,ADAPTER_DOSE,Metabolism/PK,PharmGKB,var_drug_ann
rs9332098,CYP2C9,warfarin,ADAPTER_DOSE,Dosage,PharmGKB,var_drug_ann
rs1042713,ADRB2,dexmedetomidine,EVITER,Efficacy,PharmGKB,var_drug_ann
rs9332092,CYP2C9,warfarin,ADAPTER_DOSE,Dosage,PharmGKB,var_drug_ann
rs3784921,TXNDC11,hydrochlorothiazide,EVITER,Efficacy,PharmGKB,var_drug_ann
rs762551,CYP1A2,paroxetine,ADAPTER_DOSE,Metabolism/PK,PharmGKB,var_drug_ann
rs4148157,ABCG2,topotecan,ADAPTER_DOSE,Metabolism/PK,PharmGKB,var_drug_ann
rs2246709,CYP3A4,rivaroxaban,ADAPTER_DOSE,Metabolism/PK,PharmGKB,var_drug_ann
rs117986340,KMT2E,duloxetine,EVITER,Efficacy,PharmGKB,var_drug_ann
rs2571598,ACHE,rivastigmine,EVITER,Efficacy,PharmGKB,var_drug_ann
rs2303377,NCAM1,duloxetine,EVITER,Efficacy,PharmGKB,var_drug_ann
rs4261893,ZNF385D,duloxetine,EVITER,Efficacy,PharmGKB,var_drug_ann
rs3735451,CYP3A4,rivaroxaban,ADAPTER_DOSE,Metabolism/PK,PharmGKB,var_drug_ann
rs3784943,CDH13,amphetamine,EVITER,Efficacy,PharmGKB,var_drug_ann
rs35599367,CYP3A4,everolimus,ADAPTER_DOSE,Metabolism/PK,PharmGKB,var_drug_ann
rs11739136,KCNMB1,dexmedetomidine,EVITER,Efficacy,PharmGKB,var_drug_ann
rs7668282,UGT2B7,morphine,ADAPTER_DOSE,Metabolism/PK,PharmGKB,var_drug_ann
rs3745274,"CYP2A7P1, CYP2B6",efavirenz,ADAPTER_DOSE,Metabolism/PK,PharmGKB,var_drug_ann
rs1801133,"CLCN6, MTHFR",methotrexate,EVITER,Efficacy,PharmGKB,var_drug_ann
rs1801131,"C1orf167, CLCN6, MTHFR",methotrexate,EVITER,Efficacy,PharmGKB,var_drug_ann
rs4073,CXCL8,ranibizumab,EVITER,Efficacy,PharmGKB,var_drug_ann
rs10485057,OPRM1,ethanol,ADAPTER_DOSE,Dosage,PharmGKB,var_drug_ann
rs9904341,BIRC5,methotrexate,EVITER,Efficacy,PharmGKB,var_drug_ann
rs3828743,TSPYL1,"abiraterone, prednisolone",EVITER,Efficacy,PharmGKB,var_drug_ann
rs6878291,RICTOR,platinum,EVITER,Efficacy,PharmGKB,var_drug_ann
rs2514218,DRD2,clozapine,EVITER,Efficacy,PharmGKB,var_drug_ann
rs1801394,"FASTKD3, MTRR",methotrexate,EVITER,Efficacy,PharmGKB,var_drug_ann
rs2071559,KDR,ranibizumab,EVITER,Efficacy,PharmGKB,var_drug_ann
rs12995526,ATIC,methotrexate,EVITER,Efficacy,PharmGKB,var_drug_ann
rs7563206,ATIC,methotrexate,EVITER,Efficacy,PharmGKB,var_drug_ann
rs2372536,ATIC,methotrexate,EVITER,Efficacy,PharmGKB,var_drug_ann
rs1275988,KCNK3,candesartan,EVITER,Efficacy,PharmGKB,var_drug_ann
rs1523130,NR1I2,risperidone,ADAPTER_DOSE,Metabolism/PK,PharmGKB,var_drug_ann
rs1045642,ABCB1,sufentanil,ADAPTER_DOSE,Dosage,PharmGKB,var_drug_ann
rs763780,IL17F,adalimumab,EVITER,Efficacy,PharmGKB,var_drug_ann
rs113420705,"CASP3, PRIMPOL",immunoglobulins,EVITER,Efficacy,PharmGKB,var_drug_ann
rs28493229,"COQ8B, ITPKC",immunoglobulins,EVITER,Efficacy,PharmGKB,var_drug_ann
rs763780,IL17F,ustekinumab,EVITER,Efficacy,PharmGKB,var_drug_ann
rs763780,IL17F,infliximab,EVITER,Efficacy,PharmGKB,var_drug_ann
rs1378942,CSK,hydrochlorothiazide,EVITER,Efficacy,PharmGKB,var_drug_ann
rs6280,DRD3,antipsychotics,EVITER,Efficacy,PharmGKB,var_drug_ann
rs12579720,PDE3A,hydrochlorothiazide,EVITER,Efficacy,PharmGKB,var_drug_ann
rs6722745,SULT1C3,candesartan,EVITER,Efficacy,PharmGKB,var_drug_ann
rs4387287,STN1,atenolol,EVITER,Efficacy,PharmGKB,var_drug_ann
rs1143623,IL1B,metformin,EVITER,Efficacy,PharmGKB,var_drug_ann
rs1042522,TP53,"cisplatin, paclitaxel",EVITER,Efficacy,PharmGKB,var_drug_ann
rs1045642,ABCB1,rifapentine,ADAPTER_DOSE,Metabolism/PK,PharmGKB,var_drug_ann
rs2010963,VEGFA,"bevacizumab, pegaptanib, ranibizumab",EVITER,Efficacy,PharmGKB,var_drug_ann
rs1800566,NQO1,"epirubicin, fluorouracil, oxaliplatin",EVITER,Efficacy,PharmGKB,var_drug_ann
rs662,PON1,"epirubicin, fluorouracil, oxaliplatin",EVITER,Efficacy,PharmGKB,var_drug_ann
rs2276707,NR1I2,risperidone,ADAPTER_DOSE,Metabolism/PK,PharmGKB,var_drug_ann
rs16969968,"CHRNA3, CHRNA5",nicotine,EVITER,Efficacy,PharmGKB,var_drug_ann
rs5443,GNB3,telmisartan,EVITER,Efficacy,PharmGKB,var_drug_ann
rs8192719,CYP2B6,efavirenz,ADAPTER_DOSE,Metabolism/PK,PharmGKB,var_drug_ann
rs7121,GNAS,"cisplatin, fluorouracil",EVITER,Efficacy,PharmGKB,var_drug_ann
rs1367094,ZMAT4,"atenolol, metoprolol",EVITER,Efficacy,PharmGKB,var_drug_ann
rs11313667,LRRC15,"atenolol, hydrochlorothiazide, metoprolol",EVITER,Efficacy,PharmGKB,var_drug_ann
rs776746,CYP3A5,ondansetron,ADAPTER_DOSE,Metabolism/PK,PharmGKB,var_drug_ann
rs1800497,DRD2,"lithium, olanzapine",EVITER,Efficacy,PharmGKB,var_drug_ann
rs7301582,KLRC1,"adalimumab, certolizumab pegol, etanercept, glucocorticoids, infliximab, methotrexate",EVITER,Efficacy,PharmGKB,var_drug_ann
rs10224002,PRKAG2,hydrochlorothiazide,EVITER,Efficacy,PharmGKB,var_drug_ann
rs1045642,ABCB1,"agomelatine, melatonin receptor agonists, selective serotonin reuptake inhibitors, venlafaxine",EVITER,Efficacy,PharmGKB,var_drug_ann
rs2302489,KLRD1,"adalimumab, certolizumab pegol, etanercept, glucocorticoids, infliximab, methotrexate",EVITER,Efficacy,PharmGKB,var_drug_ann
rs932764,PLCE1,hydrochlorothiazide,EVITER,Efficacy,PharmGKB,var_drug_ann
rs8099917,IFNL3,"peginterferon alfa-2a, peginterferon alfa-2b, ribavirin, simeprevir",EVITER,Efficacy,PharmGKB,var_drug_ann
rs9306160,RRP1B,atenolol,EVITER,Efficacy,PharmGKB,var_drug_ann
rs8068318,TBX2,atenolol,EVITER,Efficacy,PharmGKB,var_drug_ann
rs1079597,DRD2,amisulpride,EVITER,Efficacy,PharmGKB,var_drug_ann
rs2145623,NFKBIA,ustekinumab,EVITER,Efficacy,PharmGKB,var_drug_ann
rs10995311,ADO,hydrochlorothiazide,EVITER,Efficacy,PharmGKB,var_drug_ann
rs2269577,XBP1,platinum compounds,EVITER,Efficacy,PharmGKB,var_drug_ann
rs740406,"DOT1L, PLEKHJ1",candesartan,EVITER,Efficacy,PharmGKB,var_drug_ann
rs2787094,ADAM33,ustekinumab,EVITER,Efficacy,PharmGKB,var_drug_ann
rs757081,NUCB2,hydrochlorothiazide,EVITER,Efficacy,PharmGKB,var_drug_ann
rs163184,KCNQ1,exenatide,EVITER,Efficacy,PharmGKB,var_drug_ann
rs191190,AGBL4,ustekinumab,EVITER,Efficacy,PharmGKB,var_drug_ann
rs17060812,SLC39A14,nortriptyline,EVITER,Efficacy,PharmGKB,var_drug_ann
rs11591741,CHUK,ustekinumab,EVITER,Efficacy,PharmGKB,var_drug_ann
rs6311,HTR2A,ustekinumab,EVITER,Efficacy,PharmGKB,var_drug_ann
rs12521868,C5orf56,hydrochlorothiazide,EVITER,Efficacy,PharmGKB,var_drug_ann
rs3184504,SH2B3,candesartan,EVITER,Efficacy,PharmGKB,var_drug_ann
rs4149056,SLCO1B1,"2-hydroxyatorvastatin, 2-hydroxyatorvastatin lactone, 4-hydroxyatorvastatin, 4-hydroxyatorvastatin lactone, atorvastatin, atorvastatin lactone",ADAPTER_DOSE,Metabolism/PK,PharmGKB,var_drug_ann
rs15524,CYP3A5,carbamazepine,ADAPTER_DOSE,Metabolism/PK,PharmGKB,var_drug_ann
rs4680,COMT,paroxetine,EVITER,Efficacy,PharmGKB,var_drug_ann
rs1042522,TP53,"capecitabine, paclitaxel",EVITER,Efficacy,PharmGKB,var_drug_ann
rs749292,CYP19A1,triglycerides,SURVEILLER,Other,PharmGKB,var_drug_ann
rs1062033,CYP19A1,hdl cholesterol,SURVEILLER,Other,PharmGKB,var_drug_ann
rs2273623,PPM1A,nortriptyline,EVITER,Efficacy,PharmGKB,var_drug_ann
rs1126742,CYP4A11,"amiloride, spironolactone",EVITER,Efficacy,PharmGKB,var_drug_ann
rs776746,CYP3A5,lopinavir,ADAPTER_DOSE,Metabolism/PK,PharmGKB,var_drug_ann
rs2279343,CYP2B6,propofol,ADAPTER_DOSE,Metabolism/PK,PharmGKB,var_drug_ann
rs3890011,CYP4A11,spironolactone,EVITER,Efficacy,PharmGKB,var_drug_ann
rs1934968,CYP2C9,"apatinib, apatinib metabolite m1-1",ADAPTER_DOSE,Metabolism/PK,PharmGKB,var_drug_ann
rs11075995,FTO,pd-1/pdl-1 (programmed cell death protein 1/death ligand 1) inhibitors,EVITER,Efficacy,PharmGKB,var_drug_ann
rs4149056,SLCO1B1,amprenavir,ADAPTER_DOSE,Metabolism/PK,PharmGKB,var_drug_ann
rs776746,CYP3A5,everolimus,ADAPTER_DOSE,Metabolism/PK,PharmGKB,var_drug_ann
rs1128503,ABCB1,ritonavir,ADAPTER_DOSE,Metabolism/PK,PharmGKB,var_drug_ann
rs429358,APOE,fluvastatin,EVITER,Efficacy,PharmGKB,var_drug_ann
rs1045642,ABCB1,ritonavir,ADAPTER_DOSE,Metabolism/PK,PharmGKB,var_drug_ann
rs762551,CYP1A2,dehydroaripiprazole,ADAPTER_DOSE,Metabolism/PK,PharmGKB,var_drug_ann
rs3824662,GATA3,prednisolone,EVITER,Efficacy,PharmGKB,var_drug_ann
rs7483,GSTM3,tacrolimus,ADAPTER_DOSE,Metabolism/PK,PharmGKB,var_drug_ann
rs1799724,TNF,adalimumab,EVITER,Efficacy,PharmGKB,var_drug_ann
rs130058,HTR1B,fluoxetine,EVITER,Efficacy,PharmGKB,var_drug_ann
rs361525,TNF,adalimumab,EVITER,Efficacy,PharmGKB,var_drug_ann
rs1042173,SLC6A4,morphine,ADAPTER_DOSE,Dosage,PharmGKB,var_drug_ann
rs4570625,TPH2,fluoxetine,EVITER,Efficacy,PharmGKB,var_drug_ann
rs17004921,ADORA2A-AS1,methotrexate,EVITER,Efficacy,PharmGKB,var_drug_ann
rs2032582,ABCB1,antiepileptics,EVITER,Efficacy,PharmGKB,var_drug_ann
rs1045642,ABCB1,antiepileptics,EVITER,Efficacy,PharmGKB,var_drug_ann
rs261316,ALDH1A2,"atenolol, hydrochlorothiazide",EVITER,Efficacy,PharmGKB,var_drug_ann
rs462779,REV3L,cisplatin,EVITER,Efficacy,PharmGKB,var_drug_ann
rs3087403,REV1,cisplatin,EVITER,Efficacy,PharmGKB,var_drug_ann
rs2032582,ABCB1,azithromycin,ADAPTER_DOSE,Metabolism/PK,PharmGKB,var_drug_ann
rs1045642,ABCB1,azithromycin,ADAPTER_DOSE,Metabolism/PK,PharmGKB,var_drug_ann
rs4149056,SLCO1B1,lopinavir,ADAPTER_DOSE,Metabolism/PK,PharmGKB,var_drug_ann
rs9384179,OPRM1,fentanyl,SURVEILLER,"Dosage, Efficacy",PharmGKB,var_drug_ann
rs2835859,KCNJ6,fentanyl,SURVEILLER,"Dosage, Efficacy",PharmGKB,var_drug_ann
rs1047303,HSD3B1,abiraterone,ADAPTER_DOSE,Metabolism/PK,PharmGKB,var_drug_ann
rs3957356,GSTA1,cyclophosphamide,SURVEILLER,"Efficacy, Toxicity, Metabolism/PK",PharmGKB,var_drug_ann
rs4880,SOD2,bilirubin,EVITER,Toxicity,PharmGKB,var_drug_ann
rs7604115,UGT1A3,montelukast,ADAPTER_DOSE,Metabolism/PK,PharmGKB,var_drug_ann
rs704212,ABCC9,montelukast,ADAPTER_DOSE,Metabolism/PK,PharmGKB,var_drug_ann
rs77010898,CFTR,ivacaftor,EVITER,Efficacy,PharmGKB,var_drug_ann
rs1937840,AKR1C3,"docetaxel, doxorubicin",EVITER,Efficacy,PharmGKB,var_drug_ann
rs4244285,CYP2C19,"cyclophosphamide, doxorubicin",EVITER,Efficacy,PharmGKB,var_drug_ann
rs2075572,OPRM1,buprenorphine,ADAPTER_DOSE,Metabolism/PK,PharmGKB,var_drug_ann
rs2651899,PRDM16,selective serotonin (5ht1) agonists,EVITER,Efficacy,PharmGKB,var_drug_ann
rs6785049,NR1I2,afatinib,ADAPTER_DOSE,Metabolism/PK,PharmGKB,var_drug_ann
rs1128503,ABCB1,atazanavir,ADAPTER_DOSE,Metabolism/PK,PharmGKB,var_drug_ann
rs1128503,ABCB1,antidepressants,EVITER,Efficacy,PharmGKB,var_drug_ann
rs933271,COMT,methadone,EVITER,Efficacy,PharmGKB,var_drug_ann
rs2070959,"UGT1A10, UGT1A6, UGT1A7, UGT1A8, UGT1A9",valproic acid,SURVEILLER,"Dosage, Metabolism/PK",PharmGKB,var_drug_ann
rs2032582,ABCB1,atazanavir,ADAPTER_DOSE,Metabolism/PK,PharmGKB,var_drug_ann
rs1019385,GRIN2B,valproic acid,SURVEILLER,"Dosage, Metabolism/PK",PharmGKB,var_drug_ann
rs2298771,SCN1A,"carbamazepine, clobazam, ethosuximide, lamotrigine, levetiracetam, oxcarbazepine, valproic acid",EVITER,Efficacy,PharmGKB,var_drug_ann
rs8636,SNAP25,amisulpride,EVITER,Efficacy,PharmGKB,var_drug_ann
rs2487032,ABCA1,clopidogrel,ADAPTER_DOSE,Metabolism/PK,PharmGKB,var_drug_ann
rs2231142,ABCG2,tenofovir,ADAPTER_DOSE,Metabolism/PK,PharmGKB,var_drug_ann
rs2032582,ABCB1,sirolimus,ADAPTER_DOSE,Metabolism/PK,PharmGKB,var_drug_ann
rs12467557,NRXN1,antipsychotics,EVITER,Efficacy,PharmGKB,var_drug_ann
rs10490162,NRXN1,antipsychotics,EVITER,Efficacy,PharmGKB,var_drug_ann
rs1800629,TNF,"adalimumab, certolizumab pegol, golimumab, infliximab",EVITER,Efficacy,PharmGKB,var_drug_ann
rs3918290,DPYD,"cisplatin, fluorouracil",EVITER,Efficacy,PharmGKB,var_drug_ann
rs861539,XRCC3,"cisplatin, docetaxel, irinotecan",EVITER,Efficacy,PharmGKB,var_drug_ann
rs6759892,"UGT1A10, UGT1A6, UGT1A7, UGT1A8, UGT1A9",valproic acid,SURVEILLER,"Dosage, Metabolism/PK",PharmGKB,var_drug_ann
rs2396185,INSR,10-monohydroxy oxcarbazepine,ADAPTER_DOSE,Metabolism/PK,PharmGKB,var_drug_ann
rs3845446,CACNA1E,fentanyl,ADAPTER_DOSE,Dosage,PharmGKB,var_drug_ann
rs2076222,LAMB3,fentanyl,SURVEILLER,"Dosage, Efficacy",PharmGKB,var_drug_ann
rs833061,VEGFA,cetuximab,EVITER,Efficacy,PharmGKB,var_drug_ann
rs1570360,VEGFA,cetuximab,EVITER,Efficacy,PharmGKB,var_drug_ann
rs1734791,MECP2,"cisplatin, fluorouracil, mitoxantrone",EVITER,Efficacy,PharmGKB,var_drug_ann
rs1734787,MECP2,"cisplatin, fluorouracil, mitoxantrone",EVITER,Efficacy,PharmGKB,var_drug_ann
rs17435,MECP2,"cisplatin, fluorouracil, mitoxantrone",EVITER,Efficacy,PharmGKB,var_drug_ann
rs2242480,CYP3A4,voriconazole,ADAPTER_DOSE,Metabolism/PK,PharmGKB,var_drug_ann
rs1800497,"ANKK1, DRD2",prochlorperazine,EVITER,Efficacy,PharmGKB,var_drug_ann
rs1079597,DRD2,prochlorperazine,EVITER,Efficacy,PharmGKB,var_drug_ann
rs11212617,ATM,metformin,EVITER,Efficacy,PharmGKB,var_drug_ann
rs1051660,OPRK1,morphine,SURVEILLER,"Dosage, Efficacy",PharmGKB,var_drug_ann
rs12613732,GALNT14,"cisplatin, fluorouracil, mitoxantrone",EVITER,Efficacy,PharmGKB,var_drug_ann
rs5009910,GALNT14,"cisplatin, fluorouracil, mitoxantrone",EVITER,Efficacy,PharmGKB,var_drug_ann
rs17671591,HMGCR,atorvastatin,EVITER,Efficacy,PharmGKB,var_drug_ann
rs1800532,TPH1,escitalopram,EVITER,Efficacy,PharmGKB,var_drug_ann
rs6752303,GALNT14,"cisplatin, fluorouracil, mitoxantrone",EVITER,Efficacy,PharmGKB,var_drug_ann
rs35599367,CYP3A4,tenofovir alafenamide,ADAPTER_DOSE,Metabolism/PK,PharmGKB,var_drug_ann
rs10209881,GALNT14,"cisplatin, fluorouracil, mitoxantrone",EVITER,Efficacy,PharmGKB,var_drug_ann
rs12999804,GALNT14,"cisplatin, fluorouracil, mitoxantrone",EVITER,Efficacy,PharmGKB,var_drug_ann
rs34532201,CYP2C9,"apatinib, apatinib metabolite m1-1",ADAPTER_DOSE,Metabolism/PK,PharmGKB,var_drug_ann
rs7608731,GALNT14,"cisplatin, fluorouracil, mitoxantrone",EVITER,Efficacy,PharmGKB,var_drug_ann
rs3731722,AOX1,"allopurinol, febuxostat",ADAPTER_DOSE,Dosage,PharmGKB,var_drug_ann
rs35599367,CYP3A4,pazopanib,ADAPTER_DOSE,Metabolism/PK,PharmGKB,var_drug_ann
rs6822844,IL2,rituximab,EVITER,Efficacy,PharmGKB,var_drug_ann
rs11678615,AOX1,"allopurinol, febuxostat",ADAPTER_DOSE,Dosage,PharmGKB,var_drug_ann
rs1128503,ABCB1,diazepam,ADAPTER_DOSE,Metabolism/PK,PharmGKB,var_drug_ann
rs34650714,"UGT1A1, UGT1A10, UGT1A3, UGT1A4, UGT1A5, UGT1A6, UGT1A7, UGT1A8, UGT1A9","allopurinol, febuxostat",ADAPTER_DOSE,Dosage,PharmGKB,var_drug_ann
rs1884725,XDH,"allopurinol, febuxostat",ADAPTER_DOSE,Dosage,PharmGKB,var_drug_ann
rs75995567,AOX1,"allopurinol, febuxostat",ADAPTER_DOSE,Dosage,PharmGKB,var_drug_ann
rs1128503,ABCB1,"propofol, remifentanil",EVITER,Efficacy,PharmGKB,var_drug_ann
rs4148416,ABCC3,methotrexate,ADAPTER_DOSE,Metabolism/PK,PharmGKB,var_drug_ann
rs17004785,SLC19A1,methotrexate,ADAPTER_DOSE,Metabolism/PK,PharmGKB,var_drug_ann
rs1803274,BCHE,donepezil,EVITER,Efficacy,PharmGKB,var_drug_ann
rs2236225,MTHFD1,"cisplatin, doxorubicin, methotrexate",EVITER,Efficacy,PharmGKB,var_drug_ann
rs2973049,GDNF,paroxetine,EVITER,Efficacy,PharmGKB,var_drug_ann
rs2216711,GDNF,paroxetine,EVITER,Efficacy,PharmGKB,var_drug_ann
rs4819554,IL17RA,tumor necrosis factor alpha (tnf-alpha) inhibitors,EVITER,Efficacy,PharmGKB,var_drug_ann
rs3785143,SLC6A2,atomoxetine,EVITER,Efficacy,PharmGKB,var_drug_ann
rs5882,CETP,rosuvastatin,EVITER,Efficacy,PharmGKB,var_drug_ann
rs28371703,CYP2D6,fluoxetine,ADAPTER_DOSE,Metabolism/PK,PharmGKB,var_drug_ann
rs1135840,CYP2D6,fluoxetine,ADAPTER_DOSE,Metabolism/PK,PharmGKB,var_drug_ann
rs1611115,DBH,disulfiram,EVITER,Efficacy,PharmGKB,var_drug_ann
rs1065852,CYP2D6,fluoxetine,ADAPTER_DOSE,Metabolism/PK,PharmGKB,var_drug_ann
rs9606186,COMT,risperidone,EVITER,Efficacy,PharmGKB,var_drug_ann
rs1045642,ABCB1,rivaroxaban,ADAPTER_DOSE,Metabolism/PK,PharmGKB,var_drug_ann
rs10052999,C6,tacrolimus,ADAPTER_DOSE,Metabolism/PK,PharmGKB,var_drug_ann
rs9200,C6,tacrolimus,ADAPTER_DOSE,Metabolism/PK,PharmGKB,var_drug_ann
rs717620,ABCC2,"cisplatin, doxorubicin, methotrexate",EVITER,Efficacy,PharmGKB,var_drug_ann
rs2661319,RGS4,risperidone,EVITER,Efficacy,PharmGKB,var_drug_ann
rs628031,SLC22A1,lamotrigine,ADAPTER_DOSE,Metabolism/PK,PharmGKB,var_drug_ann
rs1800497,ANKK1,risperidone,EVITER,Efficacy,PharmGKB,var_drug_ann
rs1695,GSTP1,"cisplatin, doxorubicin, methotrexate",EVITER,Efficacy,PharmGKB,var_drug_ann
rs1057910,CYP2C9,phenytoin,SURVEILLER,"Dosage, Metabolism/PK",PharmGKB,var_drug_ann
rs3812718,SCN1A,phenytoin,ADAPTER_DOSE,Dosage,PharmGKB,var_drug_ann
rs28371738,CYP2D6,alpha-hydroxymetoprolol,ADAPTER_DOSE,Metabolism/PK,PharmGKB,var_drug_ann
rs6295,HTR1A,"fluvoxamine, milnacipran, paroxetine",EVITER,Efficacy,PharmGKB,var_drug_ann
rs1045642,ABCB1,lansoprazole,SURVEILLER,"Other, Metabolism/PK",PharmGKB,var_drug_ann
rs10042486,HTR1A,"fluvoxamine, milnacipran, paroxetine",EVITER,Efficacy,PharmGKB,var_drug_ann
rs1934969,CYP2C9,phenytoin,ADAPTER_DOSE,Metabolism/PK,PharmGKB,var_drug_ann
rs4420638,APOC1,hmg-coa reductase inhibitors,EVITER,Efficacy,PharmGKB,var_drug_ann
rs5985,F13A1,photodynamic therapy,EVITER,Efficacy,PharmGKB,var_drug_ann
rs1800532,TPH1,citalopram,EVITER,Efficacy,PharmGKB,var_drug_ann
rs2072183,NPC1L1,hmg-coa reductase inhibitors,EVITER,Efficacy,PharmGKB,var_drug_ann
rs629301,SORT1,hmg-coa reductase inhibitors,EVITER,Efficacy,PharmGKB,var_drug_ann
rs3832043,UGT1A9,mycophenolic acid,ADAPTER_DOSE,Metabolism/PK,PharmGKB,var_drug_ann
rs2514036,ACY3,bisoprolol,EVITER,Efficacy,PharmGKB,var_drug_ann
rs2306283,SLCO1B1,mycophenolic acid,ADAPTER_DOSE,Metabolism/PK,PharmGKB,var_drug_ann
rs724710,BCL2L11,imatinib,EVITER,Efficacy,PharmGKB,var_drug_ann
rs2266782,FMO3,itopride,ADAPTER_DOSE,Metabolism/PK,PharmGKB,var_drug_ann
rs56234624,SEPTIN3,metoprolol,ADAPTER_DOSE,Metabolism/PK,PharmGKB,var_drug_ann
rs2266780,FMO3,itopride,ADAPTER_DOSE,Metabolism/PK,PharmGKB,var_drug_ann
rs1801157,CXCL12,"alemtuzumab, chlorambucil, cyclophosphamide, fludarabine, prednisone, rituximab, vincristine",EVITER,Efficacy,PharmGKB,var_drug_ann
rs3740066,ABCC2,mycophenolic acid,ADAPTER_DOSE,Metabolism/PK,PharmGKB,var_drug_ann
rs9937,RRM1,gemcitabine,EVITER,Efficacy,PharmGKB,var_drug_ann
rs4073,CXCL8,bevacizumab,EVITER,Efficacy,PharmGKB,var_drug_ann
rs183484,RRM1,gemcitabine,SURVEILLER,"Efficacy, Toxicity",PharmGKB,var_drug_ann
rs12471326,UGT1A9,cotinine glucuronide,ADAPTER_DOSE,Metabolism/PK,PharmGKB,var_drug_ann
rs145014075,CYP2A6,nicotine,ADAPTER_DOSE,Metabolism/PK,PharmGKB,var_drug_ann
rs3025000,VEGFA,"bevacizumab, ranibizumab",EVITER,Efficacy,PharmGKB,var_drug_ann
rs1045642,ABCB1,granisetron,EVITER,Efficacy,PharmGKB,var_drug_ann
rs6427528,CD84,etanercept,EVITER,Efficacy,PharmGKB,var_drug_ann
rs2298771,SCN1A,carbamazepine,EVITER,Efficacy,PharmGKB,var_drug_ann
rs10485058,OPRM1,methadone,EVITER,Efficacy,PharmGKB,var_drug_ann
rs2290732,GABRA1,carbamazepine,EVITER,Efficacy,PharmGKB,var_drug_ann
rs3213094,IL12B,ustekinumab,EVITER,Efficacy,PharmGKB,var_drug_ann
rs11265618,IL6R,tocilizumab,EVITER,Efficacy,PharmGKB,var_drug_ann
rs2032582,ABCB1,efavirenz,ADAPTER_DOSE,Metabolism/PK,PharmGKB,var_drug_ann
rs1799971,OPRM1,alfentanil,ADAPTER_DOSE,Dosage,PharmGKB,var_drug_ann
rs1884613,HNF4A,efavirenz,ADAPTER_DOSE,Metabolism/PK,PharmGKB,var_drug_ann
rs2760118,ALDH5A1,methadone,EVITER,Efficacy,PharmGKB,var_drug_ann
rs1880676,CHAT,olanzapine,SURVEILLER,"Dosage, Efficacy",PharmGKB,var_drug_ann
rs113646094,ABCC2,pravastatin,ADAPTER_DOSE,Metabolism/PK,PharmGKB,var_drug_ann
rs4359,ACE,ramipril,EVITER,Efficacy,PharmGKB,var_drug_ann
rs4344,ACE,ramipril,EVITER,Efficacy,PharmGKB,var_drug_ann
rs581111,OPRD1,oxycodone,EVITER,Efficacy,PharmGKB,var_drug_ann
rs1049174,KLRK1,"peginterferon alfa-2b, ribavirin",EVITER,Efficacy,PharmGKB,var_drug_ann
rs2270007,CRHR2,citalopram,EVITER,Efficacy,PharmGKB,var_drug_ann
rs3732357,NR1I2,rifampin,ADAPTER_DOSE,Metabolism/PK,PharmGKB,var_drug_ann
rs9535826,ATP7B,platinum compounds,EVITER,Efficacy,PharmGKB,var_drug_ann
rs6198,NR3C1,dexamethasone,EVITER,Efficacy,PharmGKB,var_drug_ann
rs9535828,ATP7B,platinum compounds,EVITER,Efficacy,PharmGKB,var_drug_ann
rs33388,NR3C1,dexamethasone,EVITER,Efficacy,PharmGKB,var_drug_ann
rs4795893,CCL2,risperidone,EVITER,Efficacy,PharmGKB,var_drug_ann
rs4586,CCL2,risperidone,EVITER,Efficacy,PharmGKB,var_drug_ann
rs33389,NR3C1,dexamethasone,EVITER,Efficacy,PharmGKB,var_drug_ann
rs769705621,ABCA1,"atorvastatin, rosuvastatin, simvastatin",EVITER,Efficacy,PharmGKB,var_drug_ann
rs1042713,ADRB2,"corticosteroids, selective beta-2-adrenoreceptor agonists",EVITER,Efficacy,PharmGKB,var_drug_ann
rs2857657,CCL2,risperidone,EVITER,Efficacy,PharmGKB,var_drug_ann
rs1127354,ITPA,mercaptopurine,ADAPTER_DOSE,Metabolism/PK,PharmGKB,var_drug_ann
rs34059508,SLC22A1,olanzapine,ADAPTER_DOSE,Metabolism/PK,PharmGKB,var_drug_ann
rs4950,CHRNB3,nicotine,SURVEILLER,"Efficacy, Other",PharmGKB,var_drug_ann
rs1412125,HMGB1,platinum compounds,EVITER,Efficacy,PharmGKB,var_drug_ann
rs13280604,CHRNB3,nicotine,SURVEILLER,"Efficacy, Other",PharmGKB,var_drug_ann
rs749671,VKORC1,warfarin,ADAPTER_DOSE,Dosage,PharmGKB,var_drug_ann
rs35599367,CYP3A4,dexamethasone,EVITER,Efficacy,PharmGKB,var_drug_ann
rs3842,ABCB1,olanzapine,ADAPTER_DOSE,Metabolism/PK,PharmGKB,var_drug_ann
rs2249825,HMGB1,platinum compounds,EVITER,Efficacy,PharmGKB,var_drug_ann
rs25487,XRCC1,"cisplatin, radiotherapy",EVITER,Efficacy,PharmGKB,var_drug_ann
rs4291,ACE,losartan,EVITER,Efficacy,PharmGKB,var_drug_ann
rs699947,VEGFA,vegf/vegfr (vascular endothelial growth factor) inhibitors,EVITER,Efficacy,PharmGKB,var_drug_ann
rs4680,COMT,oxycodone,EVITER,Efficacy,PharmGKB,var_drug_ann
rs2546890,IL12B,"adalimumab, infliximab",EVITER,Efficacy,PharmGKB,var_drug_ann
rs6661932,IVL,"adalimumab, infliximab",EVITER,Efficacy,PharmGKB,var_drug_ann
rs8177374,TIRAP,ustekinumab,EVITER,Efficacy,PharmGKB,var_drug_ann
rs5744174,TLR5,ustekinumab,EVITER,Efficacy,PharmGKB,var_drug_ann
rs11465996,LY96,tumor necrosis factor alpha (tnf-alpha) inhibitors,EVITER,Efficacy,PharmGKB,var_drug_ann
rs467387,BRD3,rivaroxaban,SURVEILLER,PD,PharmGKB,var_drug_ann
rs1143623,IL1B,"tumor necrosis factor alpha (tnf-alpha) inhibitors, ustekinumab",EVITER,Efficacy,PharmGKB,var_drug_ann
rs1045642,ABCB1,warfarin,ADAPTER_DOSE,Dosage,PharmGKB,var_drug_ann
rs429358,APOE,warfarin,ADAPTER_DOSE,Dosage,PharmGKB,var_drug_ann
rs1143627,IL1B,"tumor necrosis factor alpha (tnf-alpha) inhibitors, ustekinumab",EVITER,Efficacy,PharmGKB,var_drug_ann
rs2276706,NR1I2,repaglinide,ADAPTER_DOSE,Metabolism/PK,PharmGKB,var_drug_ann
rs510769,OPRM1,cotinine,ADAPTER_DOSE,Metabolism/PK,PharmGKB,var_drug_ann
rs3814058,NR1I2,repaglinide,ADAPTER_DOSE,Metabolism/PK,PharmGKB,var_drug_ann
rs16906115,IL7,"atezolizumab, bevacizumab",EVITER,Efficacy,PharmGKB,var_drug_ann
rs12209447,OPRM1,cotinine,ADAPTER_DOSE,Metabolism/PK,PharmGKB,var_drug_ann
rs2020917,COMT,risperidone,EVITER,Efficacy,PharmGKB,var_drug_ann
rs3798676,OPRM1,cotinine,ADAPTER_DOSE,Metabolism/PK,PharmGKB,var_drug_ann
rs933271,COMT,risperidone,EVITER,Efficacy,PharmGKB,var_drug_ann
rs553202,OPRM1,cotinine,ADAPTER_DOSE,Metabolism/PK,PharmGKB,var_drug_ann
rs1074287,OPRM1,cotinine,ADAPTER_DOSE,Metabolism/PK,PharmGKB,var_drug_ann
rs529520,OPRD1,methadone,ADAPTER_DOSE,Dosage,PharmGKB,var_drug_ann
rs1799971,OPRM1,cotinine,ADAPTER_DOSE,Metabolism/PK,PharmGKB,var_drug_ann
rs6912029,OPRM1,cotinine,ADAPTER_DOSE,Metabolism/PK,PharmGKB,var_drug_ann
rs5333,EDNRA,prednisone,EVITER,Efficacy,PharmGKB,var_drug_ann
rs1927907,TLR4,tacrolimus,ADAPTER_DOSE,Metabolism/PK,PharmGKB,var_drug_ann
rs3814055,NR1I2,pazopanib,EVITER,Efficacy,PharmGKB,var_drug_ann
rs9304742,ZNF816,"adalimumab, infliximab",EVITER,Efficacy,PharmGKB,var_drug_ann
rs1043550,CALU,acenocoumarol,ADAPTER_DOSE,Dosage,PharmGKB,var_drug_ann
rs2145623,NFKBIA,"adalimumab, infliximab",EVITER,Efficacy,PharmGKB,var_drug_ann
rs1061624,TNFRSF1B,"adalimumab, infliximab",EVITER,Efficacy,PharmGKB,var_drug_ann
rs645544,SLC9A8,"adalimumab, infliximab",EVITER,Efficacy,PharmGKB,var_drug_ann
rs10040363,XRCC4,"fluorouracil, platinum compounds, radiotherapy",EVITER,Efficacy,PharmGKB,var_drug_ann
rs2075685,XRCC4,"fluorouracil, platinum compounds, radiotherapy",EVITER,Efficacy,PharmGKB,var_drug_ann
rs4149056,SLCO1B1,mycophenolic acid,ADAPTER_DOSE,Metabolism/PK,PharmGKB,var_drug_ann
rs2298881,ERCC1,"fluorouracil, platinum compounds, radiotherapy",EVITER,Efficacy,PharmGKB,var_drug_ann
rs563649,OPRM1,cotinine,ADAPTER_DOSE,Metabolism/PK,PharmGKB,var_drug_ann
rs2075572,OPRM1,cotinine,ADAPTER_DOSE,Metabolism/PK,PharmGKB,var_drug_ann
rs7748401,OPRM1,cotinine,ADAPTER_DOSE,Metabolism/PK,PharmGKB,var_drug_ann
rs495491,OPRM1,cotinine,ADAPTER_DOSE,Metabolism/PK,PharmGKB,var_drug_ann
rs10457090,OPRM1,cotinine,ADAPTER_DOSE,Metabolism/PK,PharmGKB,var_drug_ann
rs3778152,OPRM1,cotinine,ADAPTER_DOSE,Metabolism/PK,PharmGKB,var_drug_ann
rs589046,OPRM1,cotinine,ADAPTER_DOSE,Metabolism/PK,PharmGKB,var_drug_ann
rs3814055,NR1I2,methotrexate,ADAPTER_DOSE,Metabolism/PK,PharmGKB,var_drug_ann
rs4793665,ABCC3,methotrexate,ADAPTER_DOSE,Metabolism/PK,PharmGKB,var_drug_ann
rs7643038,NR1I2,methotrexate,ADAPTER_DOSE,Metabolism/PK,PharmGKB,var_drug_ann
rs9282564,ABCB1,methotrexate,ADAPTER_DOSE,Metabolism/PK,PharmGKB,var_drug_ann
rs1902023,UGT2B15,dabigatran glucuronide,ADAPTER_DOSE,Metabolism/PK,PharmGKB,var_drug_ann
rs10465180,NTRK2,clozapine,EVITER,Efficacy,PharmGKB,var_drug_ann
rs9332238,CYP2C9,warfarin,ADAPTER_DOSE,Dosage,PharmGKB,var_drug_ann
rs1800544,ADRA2A,selective serotonin reuptake inhibitors,EVITER,Efficacy,PharmGKB,var_drug_ann
rs1045642,ABCB1,erlotinib,SURVEILLER,"Toxicity, Metabolism/PK",PharmGKB,var_drug_ann
rs1128503,ABCB1,erlotinib,SURVEILLER,"Toxicity, Metabolism/PK",PharmGKB,var_drug_ann
rs28364006,ABCC1,methotrexate,EVITER,Efficacy,PharmGKB,var_drug_ann
rs2472677,NR1I2,dolutegravir,ADAPTER_DOSE,Metabolism/PK,PharmGKB,var_drug_ann
rs2032582,ABCB1,erlotinib,SURVEILLER,"Toxicity, Metabolism/PK",PharmGKB,var_drug_ann
rs2305948,KDR,clopidogrel,EVITER,Efficacy,PharmGKB,var_drug_ann
rs143276236,ARFGEF3,metformin,EVITER,Efficacy,PharmGKB,var_drug_ann
rs1136201,ERBB2,trastuzumab,EVITER,Toxicity,PharmGKB,var_drug_ann
rs9024,CBR1,doxorubicin,ADAPTER_DOSE,Metabolism/PK,PharmGKB,var_drug_ann
rs7541245,PRKAB2,metformin,EVITER,Efficacy,PharmGKB,var_drug_ann
rs6280,DRD3,pramipexole,EVITER,Efficacy,PharmGKB,var_drug_ann
rs948854,GAL,"antidepressants, benzodiazepine derivatives, mirtazapine, selective serotonin reuptake inhibitors",EVITER,Efficacy,PharmGKB,var_drug_ann
rs10264272,CYP3A5,tacrolimus,SURVEILLER,"Dosage, Metabolism/PK",PharmGKB,var_drug_ann
rs2359612,"PRSS53, VKORC1",warfarin,ADAPTER_DOSE,Dosage,PharmGKB,var_drug_ann
rs4661012,PEAR1,ticagrelor,EVITER,Efficacy,PharmGKB,var_drug_ann
rs12566888,PEAR1,ticagrelor,EVITER,Efficacy,PharmGKB,var_drug_ann
rs12041331,PEAR1,ticagrelor,EVITER,Efficacy,PharmGKB,var_drug_ann
rs2069885,IL9,tumor necrosis factor alpha (tnf-alpha) inhibitors,EVITER,Efficacy,PharmGKB,var_drug_ann
rs1883832,CD40,prednisolone,EVITER,Efficacy,PharmGKB,var_drug_ann
rs6710852,CALCRL,erenumab,EVITER,Efficacy,PharmGKB,var_drug_ann
rs118192161,RYR1,halothane,SURVEILLER,Other,PharmGKB,var_drug_ann
rs35599367,CYP3A4,2-hydroxyatorvastatin,ADAPTER_DOSE,Metabolism/PK,PharmGKB,var_drug_ann
rs2069812,IL5,tumor necrosis factor alpha (tnf-alpha) inhibitors,EVITER,Efficacy,PharmGKB,var_drug_ann
rs28404156,BST1,"beta blocking agents, selective",EVITER,Efficacy,PharmGKB,var_drug_ann
rs2297480,FDPS,bisphosphonates,EVITER,Efficacy,PharmGKB,var_drug_ann
rs5882,CETP,simvastatin,EVITER,Efficacy,PharmGKB,var_drug_ann
rs405509,APOE,selective serotonin reuptake inhibitors,EVITER,Efficacy,PharmGKB,var_drug_ann
rs17731538,ABCG2,methotrexate,EVITER,Efficacy,PharmGKB,var_drug_ann
rs12917707,UMOD,cyclosporine,EVITER,Efficacy,PharmGKB,var_drug_ann
rs2032582,ABCB1,modafinil,EVITER,Efficacy,PharmGKB,var_drug_ann
rs1045642,ABCB1,modafinil,EVITER,Efficacy,PharmGKB,var_drug_ann
rs4645962,MYC,warfarin,ADAPTER_DOSE,Dosage,PharmGKB,var_drug_ann
rs4645943,MYC,warfarin,ADAPTER_DOSE,Dosage,PharmGKB,var_drug_ann
rs1128503,ABCB1,modafinil,EVITER,Efficacy,PharmGKB,var_drug_ann
rs11264359,FDPS,bisphosphonates,EVITER,Efficacy,PharmGKB,var_drug_ann
rs4645974,MYC,warfarin,ADAPTER_DOSE,Dosage,PharmGKB,var_drug_ann
rs717620,ABCC2,"atorvastatin, simvastatin",EVITER,Efficacy,PharmGKB,var_drug_ann
rs3213422,DHODH,leflunomide,EVITER,Efficacy,PharmGKB,var_drug_ann
rs6313,HTR2A,risperidone,EVITER,Efficacy,PharmGKB,var_drug_ann
rs7997012,HTR2A,antipsychotics,EVITER,Efficacy,PharmGKB,var_drug_ann
rs6313,HTR2A,olanzapine,EVITER,Efficacy,PharmGKB,var_drug_ann
rs7270101,ITPA,"azathioprine, mercaptopurine",SURVEILLER,"Toxicity, Metabolism/PK",PharmGKB,var_drug_ann
rs3778150,OPRM1,ethanol,SURVEILLER,nan,PharmGKB,var_drug_ann
rs737865,COMT,raloxifene,EVITER,Efficacy,PharmGKB,var_drug_ann
rs717620,ABCC2,paclitaxel,EVITER,Toxicity,PharmGKB,var_drug_ann
rs7627954,TNIK,risperidone,EVITER,Efficacy,PharmGKB,var_drug_ann
rs4818,COMT,raloxifene,EVITER,Efficacy,PharmGKB,var_drug_ann
rs35599367,CYP3A4,methadone,ADAPTER_DOSE,Metabolism/PK,PharmGKB,var_drug_ann
rs1128503,ABCB1,sunitinib,SURVEILLER,"Dosage, Toxicity",PharmGKB,var_drug_ann
rs1057868,POR,methadone,ADAPTER_DOSE,Metabolism/PK,PharmGKB,var_drug_ann
rs4986791,TLR4,prednisolone,EVITER,Efficacy,PharmGKB,var_drug_ann
rs4986908,CYP3A4,perampanel,EVITER,Efficacy,PharmGKB,var_drug_ann
rs3826160,TK2,telbivudine,ADAPTER_DOSE,Metabolism/PK,PharmGKB,var_drug_ann
rs1877724,EPHX1,warfarin,ADAPTER_DOSE,Dosage,PharmGKB,var_drug_ann
rs1695,GSTP1,olanzapine,ADAPTER_DOSE,Metabolism/PK,PharmGKB,var_drug_ann
rs11568482,SLC22A8,cefotaxime,ADAPTER_DOSE,Metabolism/PK,PharmGKB,var_drug_ann
rs11188059,CYP2C18,escitalopram,ADAPTER_DOSE,Metabolism/PK,PharmGKB,var_drug_ann
rs6720975,PRKCE,"donepezil, galantamine, rivastigmine",EVITER,Efficacy,PharmGKB,var_drug_ann
rs2860840,CYP2C18,escitalopram,ADAPTER_DOSE,Metabolism/PK,PharmGKB,var_drug_ann
rs2242480,CYP3A4,perampanel,EVITER,Efficacy,PharmGKB,var_drug_ann
rs4986790,TLR4,prednisolone,EVITER,Efficacy,PharmGKB,var_drug_ann
rs12720066,ABCB1,sn-38,ADAPTER_DOSE,Metabolism/PK,PharmGKB,var_drug_ann
rs4627835,GABRB1,antipsychotics,ADAPTER_DOSE,Dosage,PharmGKB,var_drug_ann
rs16860087,GABRB1,antipsychotics,ADAPTER_DOSE,Dosage,PharmGKB,var_drug_ann
rs35621,ABCC1,sn-38,ADAPTER_DOSE,Metabolism/PK,PharmGKB,var_drug_ann
rs11869731,ASIC2,lithium,EVITER,Efficacy,PharmGKB,var_drug_ann
rs6498588,ABCC1,sn-38,ADAPTER_DOSE,Metabolism/PK,PharmGKB,var_drug_ann
rs9380142,HLA-G,"capecitabine, fluorouracil",EVITER,Efficacy,PharmGKB,var_drug_ann
rs8136867,MAPK1,antidepressants,EVITER,Efficacy,PharmGKB,var_drug_ann
rs17179108,HLA-G,"capecitabine, fluorouracil",EVITER,Efficacy,PharmGKB,var_drug_ann
rs3793790,CHAT,"donepezil, galantamine, rivastigmine",EVITER,Efficacy,PharmGKB,var_drug_ann
rs4680,COMT,fluvoxamine,EVITER,Efficacy,PharmGKB,var_drug_ann
rs4253728,PPARA,2-hydroxyatorvastatin,ADAPTER_DOSE,Metabolism/PK,PharmGKB,var_drug_ann
rs16909440,OR52E2,lithium,EVITER,Efficacy,PharmGKB,var_drug_ann
rs2499984,OR52J3,lithium,EVITER,Efficacy,PharmGKB,var_drug_ann
rs889895,CREB1,antidepressants,EVITER,Efficacy,PharmGKB,var_drug_ann
rs2177370,CHAT,"donepezil, galantamine, rivastigmine",EVITER,Efficacy,PharmGKB,var_drug_ann
rs28365062,UGT2B7,zidovudine,ADAPTER_DOSE,Metabolism/PK,PharmGKB,var_drug_ann
rs429358,APOE,cholesterol,EVITER,Toxicity,PharmGKB,var_drug_ann
rs1801253,ADRB1,"atenolol, carvedilol, diltiazem, metoprolol, verapamil",EVITER,Efficacy,PharmGKB,var_drug_ann
rs1799978,DRD2,methadone,SURVEILLER,"Dosage, Metabolism/PK",PharmGKB,var_drug_ann
rs2032582,ABCB1,carbamazepine,EVITER,Efficacy,PharmGKB,var_drug_ann
rs717620,ABCC2,erythromycin,SURVEILLER,"Other, Metabolism/PK",PharmGKB,var_drug_ann
rs1047303,HSD3B1,"abiraterone, dutasteride",EVITER,Efficacy,PharmGKB,var_drug_ann
rs2413739,PACSIN2,azathioprine,EVITER,Efficacy,PharmGKB,var_drug_ann
rs12422149,SLCO2B1,rosuvastatin,EVITER,Efficacy,PharmGKB,var_drug_ann
rs776746,CYP3A5,gefitinib,ADAPTER_DOSE,Metabolism/PK,PharmGKB,var_drug_ann
rs2070744,NOS3,sildenafil,EVITER,Efficacy,PharmGKB,var_drug_ann
rs1057910,CYP2C9,gefitinib,ADAPTER_DOSE,Metabolism/PK,PharmGKB,var_drug_ann
rs10046,CYP19A1,triglycerides,SURVEILLER,Other,PharmGKB,var_drug_ann
rs3759811,CYP19A1,triglycerides,SURVEILLER,Other,PharmGKB,var_drug_ann
rs1008805,CYP19A1,hdl cholesterol,SURVEILLER,Other,PharmGKB,var_drug_ann
rs2289105,CYP19A1,triglycerides,SURVEILLER,Other,PharmGKB,var_drug_ann
rs1051296,SLC19A1,methotrexate,ADAPTER_DOSE,Metabolism/PK,PharmGKB,var_drug_ann
rs10046,CYP19A1,hdl cholesterol,SURVEILLER,Other,PharmGKB,var_drug_ann
rs2289105,CYP19A1,hdl cholesterol,SURVEILLER,Other,PharmGKB,var_drug_ann
rs2234693,ESR1,leflunomide,EVITER,Efficacy,PharmGKB,var_drug_ann
rs9340799,ESR1,leflunomide,EVITER,Efficacy,PharmGKB,var_drug_ann
rs1975991,LPP,"2-hydroxyatorvastatin, 4-hydroxyatorvastatin, atorvastatin, atorvastatin lactone",ADAPTER_DOSE,Metabolism/PK,PharmGKB,var_drug_ann
rs774359,C9orf72,ustekinumab,EVITER,Efficacy,PharmGKB,var_drug_ann
rs4646,CYP19A1,hdl cholesterol,SURVEILLER,Other,PharmGKB,var_drug_ann
rs848,IL13,ustekinumab,EVITER,Efficacy,PharmGKB,var_drug_ann
rs700518,CYP19A1,triglycerides,SURVEILLER,Other,PharmGKB,var_drug_ann
rs9304742,ZNF816,ustekinumab,EVITER,Efficacy,PharmGKB,var_drug_ann
rs4775936,CYP19A1,triglycerides,SURVEILLER,Other,PharmGKB,var_drug_ann
rs7574865,STAT4,ustekinumab,EVITER,Efficacy,PharmGKB,var_drug_ann
rs1050152,SLC22A4,ustekinumab,EVITER,Efficacy,PharmGKB,var_drug_ann
rs72800847,STX1B,warfarin,ADAPTER_DOSE,Dosage,PharmGKB,var_drug_ann
rs3826041,CYP1A1,warfarin,ADAPTER_DOSE,Dosage,PharmGKB,var_drug_ann
rs16969968,CHRNA5,varenicline,EVITER,Efficacy,PharmGKB,var_drug_ann
rs2304429,DNMT3A,warfarin,ADAPTER_DOSE,Dosage,PharmGKB,var_drug_ann
rs2234693,ESR1,raloxifene,EVITER,Efficacy,PharmGKB,var_drug_ann
rs966775,DRD1,fentanyl,EVITER,Efficacy,PharmGKB,var_drug_ann
rs8191992,CHRM2,fluticasone / salmeterol,EVITER,Efficacy,PharmGKB,var_drug_ann
rs2514218,DRD2,"aripiprazole, risperidone",EVITER,Efficacy,PharmGKB,var_drug_ann
rs2231142,ABCG2,voriconazole,ADAPTER_DOSE,Metabolism/PK,PharmGKB,var_drug_ann
rs887829,UGT1A1,warfarin,ADAPTER_DOSE,Dosage,PharmGKB,var_drug_ann
rs1127354,ITPA,"azathioprine, mercaptopurine",ADAPTER_DOSE,Metabolism/PK,PharmGKB,var_drug_ann
rs1979277,SHMT1,"bevacizumab, fluorouracil, irinotecan, leucovorin",EVITER,Efficacy,PharmGKB,var_drug_ann
rs1800795,IL6,tumor necrosis factor alpha (tnf-alpha) inhibitors,EVITER,Efficacy,PharmGKB,var_drug_ann
rs77760615,CYP2C9,fluvastatin,ADAPTER_DOSE,Metabolism/PK,PharmGKB,var_drug_ann
rs316009,SLC22A2,metformin,EVITER,Efficacy,PharmGKB,var_drug_ann
rs58310495,SLCO1B1,fluvastatin,ADAPTER_DOSE,Metabolism/PK,PharmGKB,var_drug_ann
rs619586,MALAT1,platinum compounds,EVITER,Efficacy,PharmGKB,var_drug_ann
rs7958904,HOTAIR,platinum compounds,EVITER,Efficacy,PharmGKB,var_drug_ann
rs2839698,H19,platinum compounds,EVITER,Efficacy,PharmGKB,var_drug_ann
rs6962027,CHRM2,fluticasone / salmeterol,EVITER,Efficacy,PharmGKB,var_drug_ann
rs1801253,ADRB1,beta blocking agents,EVITER,Efficacy,PharmGKB,var_drug_ann
rs1042713,ADRB2,beta blocking agents,EVITER,Efficacy,PharmGKB,var_drug_ann
rs1876831,CRHR1,fluticasone propionate,EVITER,Efficacy,PharmGKB,var_drug_ann
rs2088885,TNIK,risperidone,EVITER,Efficacy,PharmGKB,var_drug_ann
rs1876828,CRHR1,fluticasone propionate,EVITER,Efficacy,PharmGKB,var_drug_ann
rs2617102,CSMD1,metformin,EVITER,Efficacy,PharmGKB,var_drug_ann
rs1876829,CRHR1,fluticasone propionate,EVITER,Efficacy,PharmGKB,var_drug_ann
rs739645,CRHR1,fluticasone propionate,EVITER,Efficacy,PharmGKB,var_drug_ann
rs1057868,POR,nicotine,ADAPTER_DOSE,Metabolism/PK,PharmGKB,var_drug_ann
rs2860840,CYP2C18,voriconazole,ADAPTER_DOSE,Metabolism/PK,PharmGKB,var_drug_ann
rs11188059,CYP2C18,voriconazole,ADAPTER_DOSE,Metabolism/PK,PharmGKB,var_drug_ann
rs1045642,ABCB1,remifentanil,ADAPTER_DOSE,Dosage,PharmGKB,var_drug_ann
rs71647871,CES1,clopidogrel,ADAPTER_DOSE,Metabolism/PK,PharmGKB,var_drug_ann
rs55713253,NUDT15,mercaptopurine,ADAPTER_DOSE,Dosage,PharmGKB,var_drug_ann
rs145008610,ABCC2,"cyclophosphamide, doxorubicin, paclitaxel",EVITER,Efficacy,PharmGKB,var_drug_ann
rs1142345,TPMT,"deoxy-thioguanosine triphosphate, thioguanosine triphosphate",ADAPTER_DOSE,Metabolism/PK,PharmGKB,var_drug_ann
rs1045642,ABCB1,clopidogrel carboxylic acid,ADAPTER_DOSE,Metabolism/PK,PharmGKB,var_drug_ann
"CYP2D6*1, CYP2D6*3, CYP2D6*4, CYP2D6*5, CYP2D6*6",CYP2D6,thioridazine,ADAPTER_DOSE,Metabolism/PK,PharmGKB,var_drug_ann
"CYP2D6*1, CYP2D6*2, CYP2D6*4, CYP2D6*5, CYP2D6*9, CYP2D6*17, CYP2D6*29, CYP2D6*34, CYP2D6*39, CYP2D6*41",CYP2D6,primaquine,EVITER,Efficacy,PharmGKB,var_drug_ann
rs2032582,ABCB1,n-desmethylclozapine,ADAPTER_DOSE,Metabolism/PK,PharmGKB,var_drug_ann
rs6923761,GLP1R,"dulaglutide, liraglutide, semaglutide",EVITER,Efficacy,PharmGKB,var_drug_ann
rs4149056,SLCO1B1,n-desmethylclozapine,ADAPTER_DOSE,Metabolism/PK,PharmGKB,var_drug_ann
"CYP2C19*1, CYP2C19*2, CYP2C19*3, CYP2C19*17",CYP2C19,norclobazam,ADAPTER_DOSE,Metabolism/PK,PharmGKB,var_drug_ann
rs3745274,CYP2B6,"artemether, lumefantrine",EVITER,Efficacy,PharmGKB,var_drug_ann
rs2228502,CPT1A,4-ene valproic acid,ADAPTER_DOSE,Metabolism/PK,PharmGKB,var_drug_ann
rs4673991,ATIC,methotrexate,EVITER,Efficacy,PharmGKB,var_drug_ann
rs2241766,ADIPOQ,"hydralazine, methyldopa, nifedipine",EVITER,Efficacy,PharmGKB,var_drug_ann
rs2057638,ADA,methotrexate,EVITER,Efficacy,PharmGKB,var_drug_ann
rs6017375,ADA,methotrexate,EVITER,Efficacy,PharmGKB,var_drug_ann
rs371927,ADA,methotrexate,EVITER,Efficacy,PharmGKB,var_drug_ann
CYP2D6 poor metabolizer,CYP2D6,"codeine, hydrocodone, oxycodone, tramadol",EVITER,Efficacy,PharmGKB,var_drug_ann
CYP2D6 normal metabolizer,CYP2D6,zuclopenthixol,ADAPTER_DOSE,Metabolism/PK,PharmGKB,var_drug_ann
rs1042717,ADRB2,salbutamol,EVITER,Efficacy,PharmGKB,var_drug_ann
rs1042714,ADRB2,salbutamol,EVITER,Efficacy,PharmGKB,var_drug_ann
CYP2D6 intermediate metabolizer,CYP2D6,zuclopenthixol,ADAPTER_DOSE,Metabolism/PK,PharmGKB,var_drug_ann
CYP2D6 intermediate metabolizer,CYP2D6,perphenazine,ADAPTER_DOSE,Metabolism/PK,PharmGKB,var_drug_ann
rs7754840,CDKAL1,dipeptidyl peptidase 4 (dpp-4) inhibitors,EVITER,Efficacy,PharmGKB,var_drug_ann
rs7756992,CDKAL1,dipeptidyl peptidase 4 (dpp-4) inhibitors,EVITER,Efficacy,PharmGKB,var_drug_ann
rs7943316,CAT,hydroxyurea,EVITER,Efficacy,PharmGKB,var_drug_ann
"CYP2D6*1, CYP2D6*1xN, CYP2D6*2, CYP2D6*4, CYP2D6*5, CYP2D6*10, CYP2D6*41",CYP2D6,nortriptyline,ADAPTER_DOSE,Metabolism/PK,PharmGKB,var_drug_ann
CYP2C19*17,CYP2C19,"antidepressants, antipsychotics",EVITER,Efficacy,PharmGKB,var_drug_ann
CYP2D6*3,CYP2D6,"antidepressants, antipsychotics",EVITER,Efficacy,PharmGKB,var_drug_ann
CYP1A2*30,CYP1A2,"antidepressants, antipsychotics",EVITER,Efficacy,PharmGKB,var_drug_ann
rs3785143,SLC6A2,apixaban,ADAPTER_DOSE,Metabolism/PK,PharmGKB,var_drug_ann
rs2292334,SLC22A3,antidepressants,ADAPTER_DOSE,Dosage,PharmGKB,var_drug_ann
rs2298720,SLC14A1,hydroxyurea,EVITER,Efficacy,PharmGKB,var_drug_ann
rs11549465,HIF1A,"cisplatin, gemcitabine, pemetrexed",EVITER,Efficacy,PharmGKB,var_drug_ann
rs4410790,AHR,"""1,7-dimethylxanthine"", ""caffeine""",ADAPTER_DOSE,Metabolism/PK,PharmGKB,var_drug_ann
rs35599367,CYP3A4,silodosin,ADAPTER_DOSE,Metabolism/PK,PharmGKB,var_drug_ann
rs7439366,UGT2B7,silodosin,ADAPTER_DOSE,Metabolism/PK,PharmGKB,var_drug_ann
rs60561071,GNAQ,mercaptopurine,ADAPTER_DOSE,Dosage,PharmGKB,var_drug_ann
rs6827692,UGT2B7,"clozapine, n-desmethylclozapine",ADAPTER_DOSE,Metabolism/PK,PharmGKB,var_drug_ann
rs3892097,CYP2D6,hydroxyurea,EVITER,Efficacy,PharmGKB,var_drug_ann
rs1001179,CAT,hydroxyurea,EVITER,Efficacy,PharmGKB,var_drug_ann
rs3732218,"UGT1A10, UGT1A4, UGT1A5, UGT1A6, UGT1A7, UGT1A8, UGT1A9",n-desmethylclozapine,ADAPTER_DOSE,Metabolism/PK,PharmGKB,var_drug_ann
rs2472297,CYP1A1,"""1,7-dimethylxanthine"", ""caffeine""",ADAPTER_DOSE,Metabolism/PK,PharmGKB,var_drug_ann
rs56113850,CYP2A6,"""1,7-dimethylxanthine"", ""caffeine""",ADAPTER_DOSE,Metabolism/PK,PharmGKB,var_drug_ann
rs1860561,ATP2A2,empagliflozin,EVITER,Efficacy,PharmGKB,var_drug_ann
"CYP2D6*1, CYP2D6*10",CYP2D6,hydroxychloroquine,ADAPTER_DOSE,Metabolism/PK,PharmGKB,var_drug_ann
"CYP2A6*1, CYP2A6*4, CYP2A6*9",CYP2A6,letrozole,EVITER,Efficacy,PharmGKB,var_drug_ann
rs2032582,ABCB1,levomethadone,ADAPTER_DOSE,Metabolism/PK,PharmGKB,var_drug_ann
rs3745274,CYP2B6,levomethadone,ADAPTER_DOSE,Metabolism/PK,PharmGKB,var_drug_ann
rs2472297,CYP1A1,"clozapine, n-desmethylclozapine",ADAPTER_DOSE,Metabolism/PK,PharmGKB,var_drug_ann
rs1042713,ADRB2,mepolizumab,EVITER,Efficacy,PharmGKB,var_drug_ann
"GSTT1 non-null, GSTT1 null",GSTT1,immunosuppressants,EVITER,Efficacy,PharmGKB,var_drug_ann
rs11572080,CYP2C8,"corticosteroids, montelukast",EVITER,Efficacy,PharmGKB,var_drug_ann
"CYP2D6*1, CYP2D6*10, CYP2D6*41",CYP2D6,loratadine,ADAPTER_DOSE,Metabolism/PK,PharmGKB,var_drug_ann
rs6265,BDNF,empagliflozin,EVITER,Efficacy,PharmGKB,var_drug_ann
"CYP2D6*1, CYP2D6*3, CYP2D6*4, CYP2D6*5, CYP2D6*6",CYP2D6,"levomethadone, s-methadone",ADAPTER_DOSE,Metabolism/PK,PharmGKB,var_drug_ann
"CYP2D6*1, CYP2D6*1xN, CYP2D6*3, CYP2D6*4, CYP2D6*5, CYP2D6*6",CYP2D6,"levomethadone, s-methadone",ADAPTER_DOSE,Metabolism/PK,PharmGKB,var_drug_ann
rs2307424,NR1I3,levomethadone,ADAPTER_DOSE,Metabolism/PK,PharmGKB,var_drug_ann
rs3003596,NR1I3,levomethadone,ADAPTER_DOSE,Metabolism/PK,PharmGKB,var_drug_ann
rs776744,CYP3A7,tacrolimus,ADAPTER_DOSE,Metabolism/PK,PharmGKB,var_drug_ann
rs4148738,ABCB1,dabigatran,ADAPTER_DOSE,Metabolism/PK,PharmGKB,var_drug_ann
"CYP2D6*1, CYP2D6*2, CYP2D6*5, CYP2D6*10",CYP2D6,metoclopramide,ADAPTER_DOSE,Metabolism/PK,PharmGKB,var_drug_ann
rs61750900,UGT2B10,"clozapine, n-desmethylclozapine",ADAPTER_DOSE,Metabolism/PK,PharmGKB,var_drug_ann
rs835309,UGT2B10,"clozapine, n-desmethylclozapine",ADAPTER_DOSE,Metabolism/PK,PharmGKB,var_drug_ann
rs793391,SUMF1,"budesonide, corticosteroids",EVITER,Efficacy,PharmGKB,var_drug_ann
rs2273697,ABCC2,apixaban,ADAPTER_DOSE,Metabolism/PK,PharmGKB,var_drug_ann
rs2740574,CYP3A4,apixaban,ADAPTER_DOSE,Metabolism/PK,PharmGKB,var_drug_ann
CYP3A5 poor metabolizer,CYP3A5,apixaban,ADAPTER_DOSE,Metabolism/PK,PharmGKB,var_drug_ann
rs72552763,SLC22A1,apixaban,ADAPTER_DOSE,Metabolism/PK,PharmGKB,var_drug_ann
rs3093200,CYP4F2,apixaban,ADAPTER_DOSE,Metabolism/PK,PharmGKB,var_drug_ann
"TPMT*1, TPMT*3C",TPMT,azathioprine,ADAPTER_DOSE,Dosage,PharmGKB,var_drug_ann
"CYP2B6*2, CYP2B6*6",CYP2B6,methadone,ADAPTER_DOSE,Metabolism/PK,PharmGKB,var_drug_ann
rs1800497,"ANKK1, DRD2","bupropion, naltrexone",EVITER,Efficacy,PharmGKB,var_drug_ann
CYP2C19 intermediate metabolizer,CYP2C19,"7-carboxycannabidiol, 7-hydroxycannabidiol",ADAPTER_DOSE,Metabolism/PK,PharmGKB,var_drug_ann
rs1799724,TNF,sunitinib,ADAPTER_DOSE,Metabolism/PK,PharmGKB,var_drug_ann
rs6710015,XDH,methylmercaptopurine,ADAPTER_DOSE,Metabolism/PK,PharmGKB,var_drug_ann
"CYP2C9*1, CYP2C9*2, CYP2C9*3",CYP2C9,dimolegin,ADAPTER_DOSE,Metabolism/PK,PharmGKB,var_drug_ann
rs1045642,ABCB1,dimolegin,ADAPTER_DOSE,Metabolism/PK,PharmGKB,var_drug_ann
rs2032582,ABCB1,dimolegin,ADAPTER_DOSE,Metabolism/PK,PharmGKB,var_drug_ann
rs2231142,ABCG2,ibrutinib,ADAPTER_DOSE,Metabolism/PK,PharmGKB,var_drug_ann
rs1065852,CYP2D6,ibrutinib,ADAPTER_DOSE,Metabolism/PK,PharmGKB,var_drug_ann
rs1059491,SULT1A2,n-desethyl sunitinib,ADAPTER_DOSE,Metabolism/PK,PharmGKB,var_drug_ann
"UGT1A1*1, UGT1A1*28, UGT1A1*37",UGT1A1,dolutegravir,ADAPTER_DOSE,Metabolism/PK,PharmGKB,var_drug_ann
rs4244285,CYP2C19,"cyclophosphamide, docetaxel, doxorubicin",EVITER,Efficacy,PharmGKB,var_drug_ann
rs1801246,ATP7B,sunitinib,ADAPTER_DOSE,Metabolism/PK,PharmGKB,var_drug_ann
rs4148254,UGT8,sunitinib,ADAPTER_DOSE,Metabolism/PK,PharmGKB,var_drug_ann
rs4294451,DPYD,fluorouracil,ADAPTER_DOSE,Metabolism/PK,PharmGKB,var_drug_ann
rs3780130,GGH,methotrexate,ADAPTER_DOSE,Metabolism/PK,PharmGKB,var_drug_ann
rs495794,SRP19,"citalopram, fluoxetine, paroxetine, sertraline",EVITER,Efficacy,PharmGKB,var_drug_ann
CYP2C19 intermediate metabolizer,CYP2C19,cannabidiol,ADAPTER_DOSE,Metabolism/PK,PharmGKB,var_drug_ann
"CYP3A5*1, CYP3A5*3, CYP3A5*6, CYP3A5*7",CYP3A5,7-carboxycannabidiol,ADAPTER_DOSE,Metabolism/PK,PharmGKB,var_drug_ann
CYP2C19 poor metabolizer,CYP2C19,alpha-hydroxy sertraline ketone,ADAPTER_DOSE,Metabolism/PK,PharmGKB,var_drug_ann
CYP2C19 rapid metabolizer,CYP2C19,alpha-hydroxy sertraline ketone,ADAPTER_DOSE,Metabolism/PK,PharmGKB,var_drug_ann
"CYP2B6*1, CYP2B6*4, CYP2B6*6, CYP2B6*9",CYP2B6,desmethylsertraline,ADAPTER_DOSE,Metabolism/PK,PharmGKB,var_drug_ann
rs3814055,NR1I2,asciminib,ADAPTER_DOSE,Metabolism/PK,PharmGKB,var_drug_ann
"CYP2C19*1, CYP2C19*2, CYP2C19*3",CYP2C19,r-methylphenobarbital,ADAPTER_DOSE,Metabolism/PK,PharmGKB,var_drug_ann
"SLCO1B1*1, SLCO1B1*15, SLCO1B1*20, SLCO1B1*37",SLCO1B1,simvastatin acid,ADAPTER_DOSE,Metabolism/PK,PharmGKB,var_drug_ann
rs12248560,CYP2C19,thalidomide,EVITER,Efficacy,PharmGKB,var_drug_ann
CYP2D6 poor metabolizer,CYP2D6,"fluoxetine, r-norfluoxetine, s-norfluoxetine",ADAPTER_DOSE,Metabolism/PK,PharmGKB,var_drug_ann
"NUDT15*1, NUDT15*3, NUDT15*5",NUDT15,mercaptopurine,EVITER,Toxicity,PharmGKB,var_drug_ann
"NUDT15*1, NUDT15*3, NUDT15*5, NUDT15*6",NUDT15,mercaptopurine,ADAPTER_DOSE,Dosage,PharmGKB,var_drug_ann
"NUDT15*1, NUDT15*3, NUDT15*4, NUDT15*5",NUDT15,mercaptopurine,ADAPTER_DOSE,Dosage,PharmGKB,var_drug_ann
"NUDT15*1, NUDT15*3, NUDT15*4, NUDT15*6",NUDT15,mercaptopurine,ADAPTER_DOSE,Dosage,PharmGKB,var_drug_ann
"NUDT15*1, NUDT15*3, NUDT15*5",NUDT15,acyclovir,EVITER,Efficacy,PharmGKB,var_drug_ann
"NUDT15*1, NUDT15*3, NUDT15*4",NUDT15,mercaptopurine,ADAPTER_DOSE,Dosage,PharmGKB,var_drug_ann
"NUDT15*1, NUDT15*3",NUDT15,mercaptopurine,EVITER,Toxicity,PharmGKB,var_drug_ann
CYP3A5*3,CYP3A5,desethylchloroquine,ADAPTER_DOSE,Metabolism/PK,PharmGKB,var_drug_ann
CYP2C19 intermediate metabolizer,CYP2C19,"desvenlafaxine, venlafaxine",ADAPTER_DOSE,Metabolism/PK,PharmGKB,var_drug_ann
CYP2C19 poor metabolizer,CYP2C19,"4-hydroxybupropion, erythro-4-hydroxyhydrobupropion, threo-4-hydroxyhydrobupropion",ADAPTER_DOSE,Metabolism/PK,PharmGKB,var_drug_ann
rs762551,CYP1A2,pentoxifylline,ADAPTER_DOSE,Metabolism/PK,PharmGKB,var_drug_ann
rs2069514,CYP1A2,pentoxifylline m5,ADAPTER_DOSE,Metabolism/PK,PharmGKB,var_drug_ann
