ABCG2,ACE,ADRB2,CACNA1S,CFTR,CYP2B6,CYP2C19,CYP2C9,CYP2D6,CYP3A4,CYP3A5,CYP4F2,DPYD,EGFR,G6PD,HLA-A,HLA-B,IFNL3,MT-RNR1,MTHFR,NAT2,NUDT15,RYR1,SLC19A1,SLCO1B1,TPMT,UGT1A1,VKORC1,drug,action,gene,phenotype,CYP2A6,CYP1A2
1.0,1.0,1.0,1.0,1.0,1.0,1.0,1.0,1.0,1.0,1.0,1.0,1.0,1.0,1.0,1.0,1.0,1.0,1.0,1.0,1.0,1.0,1.0,1.0,1.0,1.0,1.0,1.0,lornoxicam,ADAPTER_DOSE,CYP2C9,,,
1.0,1.0,1.0,1.0,1.0,1.0,1.0,1.0,1.0,1.0,1.0,1.0,1.0,1.0,1.0,1.0,1.0,1.0,1.0,1.0,1.0,1.0,1.0,1.0,1.0,1.0,1.0,1.0,capecitabine,EVITER,DPYD,Neoplasms,,
1.0,1.0,1.0,1.0,1.0,1.0,1.0,1.0,1.0,1.0,1.0,1.0,1.0,1.0,1.0,1.0,1.0,1.0,1.0,1.0,1.0,1.0,1.0,1.0,1.0,1.0,1.0,1.0,dexlansoprazole,ADAPTER_DOSE,CYP2C19,,,
1.0,1.0,1.0,1.0,1.0,1.0,1.0,1.0,1.0,1.0,1.0,1.0,1.0,1.0,1.0,1.0,1.0,1.0,1.0,1.0,1.0,1.0,1.0,1.0,1.0,1.0,1.0,1.0,warfarin,EVITER,CYP2C9,over-anticoagulation,,
1.0,1.0,1.0,1.0,1.0,1.0,1.0,1.0,1.0,1.0,1.0,1.0,1.0,1.0,1.0,1.0,1.0,1.0,1.0,1.0,1.0,1.0,1.0,1.0,1.0,1.0,1.0,1.0,atazanavir,EVITER,UGT1A1,"HIV infectious disease,Hyperbilirubinemia",,
1.0,1.0,1.0,1.0,1.0,1.0,1.0,1.0,1.0,1.0,1.0,1.0,1.0,1.0,1.0,1.0,1.0,1.0,1.0,1.0,1.0,1.0,1.0,1.0,1.0,1.0,1.0,1.0,atazanavir / ritonavir,EVITER,UGT1A1,"HIV infectious disease,Hyperbilirubinemia",,
1.0,1.0,1.0,1.0,1.0,1.0,1.0,1.0,1.0,1.0,1.0,1.0,1.0,1.0,1.0,1.0,1.0,1.0,1.0,1.0,1.0,1.0,1.0,1.0,1.0,1.0,1.0,1.0,azathioprine,ADAPTER_DOSE,TPMT,Dose reduction,,
1.0,1.0,1.0,1.0,1.0,1.0,1.0,1.0,1.0,1.0,1.0,1.0,1.0,1.0,1.0,1.0,1.0,1.0,1.0,1.0,1.0,1.0,1.0,1.0,1.0,1.0,1.0,1.0,fluorouracil,EVITER,DPYD,Neoplasms,,
1.0,1.0,1.0,1.0,1.0,1.0,1.0,1.0,1.0,1.0,1.0,1.0,1.0,1.0,1.0,1.0,1.0,1.0,1.0,1.0,1.0,1.0,1.0,1.0,1.0,1.0,1.0,1.0,warfarin,ADAPTER_DOSE,CYP4F2,,,
1.0,1.0,1.0,1.0,1.0,1.0,1.0,1.0,1.0,1.0,1.0,1.0,1.0,1.0,1.0,1.0,1.0,1.0,1.0,1.0,1.0,1.0,1.0,1.0,1.0,1.0,1.0,1.0,gefitinib,EVITER,EGFR,Non-Small Cell Lung Carcinoma,,
1.0,1.0,1.0,1.0,1.0,1.0,1.0,1.0,1.0,1.0,1.0,1.0,1.0,1.0,1.0,1.0,1.0,1.0,1.0,1.0,1.0,1.0,1.0,1.0,1.0,1.0,1.0,1.0,phenprocoumon,ADAPTER_DOSE,VKORC1,,,
1.0,1.0,1.0,1.0,1.0,1.0,1.0,1.0,1.0,1.0,1.0,1.0,1.0,1.0,1.0,1.0,1.0,1.0,1.0,1.0,1.0,1.0,1.0,1.0,1.0,1.0,1.0,1.0,mercaptopurine,ADAPTER_DOSE,NUDT15,,,
1.0,1.0,1.0,1.0,1.0,1.0,1.0,1.0,1.0,1.0,1.0,1.0,1.0,1.0,1.0,1.0,1.0,1.0,1.0,1.0,1.0,1.0,1.0,1.0,1.0,1.0,1.0,1.0,hydrocodone,ADAPTER_DOSE,CYP2D6,,,
1.0,1.0,1.0,1.0,1.0,1.0,1.0,1.0,1.0,1.0,1.0,1.0,1.0,1.0,1.0,1.0,1.0,1.0,1.0,1.0,1.0,1.0,1.0,1.0,1.0,1.0,1.0,1.0,tropisetron,EVITER,CYP2D6,Vomiting,,
1.0,1.0,1.0,1.0,1.0,1.0,1.0,1.0,1.0,1.0,1.0,1.0,1.0,1.0,1.0,1.0,1.0,1.0,1.0,1.0,1.0,1.0,1.0,1.0,1.0,1.0,1.0,1.0,ibuprofen,ADAPTER_DOSE,CYP2C9,,,
1.0,1.0,1.0,1.0,1.0,1.0,1.0,1.0,1.0,1.0,1.0,1.0,1.0,1.0,1.0,1.0,1.0,1.0,1.0,1.0,1.0,1.0,1.0,1.0,1.0,1.0,1.0,1.0,desipramine,ADAPTER_DOSE,CYP2D6,"Major Depressive Disorder,Mental Disorders",,
1.0,1.0,1.0,1.0,1.0,1.0,1.0,1.0,1.0,1.0,1.0,1.0,1.0,1.0,1.0,1.0,1.0,1.0,1.0,1.0,1.0,1.0,1.0,1.0,1.0,1.0,1.0,1.0,rasburicase,EVITER,G6PD,"Hemolysis,Methemoglobinemia",,
1.0,1.0,1.0,1.0,1.0,1.0,1.0,1.0,1.0,1.0,1.0,1.0,1.0,1.0,1.0,1.0,1.0,1.0,1.0,1.0,1.0,1.0,1.0,1.0,1.0,1.0,1.0,1.0,flurbiprofen,ADAPTER_DOSE,CYP2C9,,,
1.0,1.0,1.0,1.0,1.0,1.0,1.0,1.0,1.0,1.0,1.0,1.0,1.0,1.0,1.0,1.0,1.0,1.0,1.0,1.0,1.0,1.0,1.0,1.0,1.0,1.0,1.0,1.0,trimipramine,ADAPTER_DOSE,CYP2D6,Mental Disorders,,
1.0,1.0,1.0,1.0,1.0,1.0,1.0,1.0,1.0,1.0,1.0,1.0,1.0,1.0,1.0,1.0,1.0,1.0,1.0,1.0,1.0,1.0,1.0,1.0,1.0,1.0,1.0,1.0,tenoxicam,ADAPTER_DOSE,CYP2C9,,,
1.0,1.0,1.0,1.0,1.0,1.0,1.0,1.0,1.0,1.0,1.0,1.0,1.0,1.0,1.0,1.0,1.0,1.0,1.0,1.0,1.0,1.0,1.0,1.0,1.0,1.0,1.0,1.0,tropisetron,ADAPTER_DOSE,CYP2D6,,,
1.0,1.0,1.0,1.0,1.0,1.0,1.0,1.0,1.0,1.0,1.0,1.0,1.0,1.0,1.0,1.0,1.0,1.0,1.0,1.0,1.0,1.0,1.0,1.0,1.0,1.0,1.0,1.0,fluorouracil,SURVEILLER,DPYD,,,
1.0,1.0,1.0,1.0,1.0,1.0,1.0,1.0,1.0,1.0,1.0,1.0,1.0,1.0,1.0,1.0,1.0,1.0,1.0,1.0,1.0,1.0,1.0,1.0,1.0,1.0,1.0,1.0,celecoxib,ADAPTER_DOSE,CYP2C9,,,
1.0,1.0,1.0,1.0,1.0,1.0,1.0,1.0,1.0,1.0,1.0,1.0,1.0,1.0,1.0,1.0,1.0,1.0,1.0,1.0,1.0,1.0,1.0,1.0,1.0,1.0,1.0,1.0,piroxicam,ADAPTER_DOSE,CYP2C9,,,
1.0,1.0,1.0,1.0,1.0,1.0,1.0,1.0,1.0,1.0,1.0,1.0,1.0,1.0,1.0,1.0,1.0,1.0,1.0,1.0,1.0,1.0,1.0,1.0,1.0,1.0,1.0,1.0,ivacaftor / lumacaftor,EVITER,CFTR,Cystic Fibrosis,,
1.0,1.0,1.0,1.0,1.0,1.0,1.0,1.0,1.0,1.0,1.0,1.0,1.0,1.0,1.0,1.0,1.0,1.0,1.0,1.0,1.0,1.0,1.0,1.0,1.0,1.0,1.0,1.0,ivacaftor / tezacaftor,EVITER,CFTR,Cystic Fibrosis,,
1.0,1.0,1.0,1.0,1.0,1.0,1.0,1.0,1.0,1.0,1.0,1.0,1.0,1.0,1.0,1.0,1.0,1.0,1.0,1.0,1.0,1.0,1.0,1.0,1.0,1.0,1.0,1.0,flucloxacillin,EVITER,HLA-B,Drug-induced liver injury,,
1.0,1.0,1.0,1.0,1.0,1.0,1.0,1.0,1.0,1.0,1.0,1.0,1.0,1.0,1.0,1.0,1.0,1.0,1.0,1.0,1.0,1.0,1.0,1.0,1.0,1.0,1.0,1.0,phenytoin,EVITER,CYP2C9,Epilepsy,,
1.0,1.0,1.0,1.0,1.0,1.0,1.0,1.0,1.0,1.0,1.0,1.0,1.0,1.0,1.0,1.0,1.0,1.0,1.0,1.0,1.0,1.0,1.0,1.0,1.0,1.0,1.0,1.0,irinotecan,ADAPTER_DOSE,UGT1A1,,,
1.0,1.0,1.0,1.0,1.0,1.0,1.0,1.0,1.0,1.0,1.0,1.0,1.0,1.0,1.0,1.0,1.0,1.0,1.0,1.0,1.0,1.0,1.0,1.0,1.0,1.0,1.0,1.0,desipramine,EVITER,CYP2D6,"Depressive Disorder,Major Depressive Disorder",,
1.0,1.0,1.0,1.0,1.0,1.0,1.0,1.0,1.0,1.0,1.0,1.0,1.0,1.0,1.0,1.0,1.0,1.0,1.0,1.0,1.0,1.0,1.0,1.0,1.0,1.0,1.0,1.0,efavirenz,EVITER,CYP2B6,HIV infectious disease,,
1.0,1.0,1.0,1.0,1.0,1.0,1.0,1.0,1.0,1.0,1.0,1.0,1.0,1.0,1.0,1.0,1.0,1.0,1.0,1.0,1.0,1.0,1.0,1.0,1.0,1.0,1.0,1.0,abacavir,EVITER,HLA-B,"Drug Hypersensitivity,HIV infectious disease",,
1.0,1.0,1.0,1.0,1.0,1.0,1.0,1.0,1.0,1.0,1.0,1.0,1.0,1.0,1.0,1.0,1.0,1.0,1.0,1.0,1.0,1.0,1.0,1.0,1.0,1.0,1.0,1.0,acenocoumarol,ADAPTER_DOSE,VKORC1,,,
1.0,1.0,1.0,1.0,1.0,1.0,1.0,1.0,1.0,1.0,1.0,1.0,1.0,1.0,1.0,1.0,1.0,1.0,1.0,1.0,1.0,1.0,1.0,1.0,1.0,1.0,1.0,1.0,efavirenz,ADAPTER_DOSE,CYP2B6,HIV infectious disease,,
1.0,1.0,1.0,1.0,1.0,1.0,1.0,1.0,1.0,1.0,1.0,1.0,1.0,1.0,1.0,1.0,1.0,1.0,1.0,1.0,1.0,1.0,1.0,1.0,1.0,1.0,1.0,1.0,folfiri,EVITER,UGT1A1,Neutropenia,,
1.0,1.0,1.0,1.0,1.0,1.0,1.0,1.0,1.0,1.0,1.0,1.0,1.0,1.0,1.0,1.0,1.0,1.0,1.0,1.0,1.0,1.0,1.0,1.0,1.0,1.0,1.0,1.0,irinotecan,EVITER,UGT1A1,Neutropenia,,
1.0,1.0,1.0,1.0,1.0,1.0,1.0,1.0,1.0,1.0,1.0,1.0,1.0,1.0,1.0,1.0,1.0,1.0,1.0,1.0,1.0,1.0,1.0,1.0,1.0,1.0,1.0,1.0,amitriptyline,EVITER,CYP2D6,Depressive Disorder,,
1.0,1.0,1.0,1.0,1.0,1.0,1.0,1.0,1.0,1.0,1.0,1.0,1.0,1.0,1.0,1.0,1.0,1.0,1.0,1.0,1.0,1.0,1.0,1.0,1.0,1.0,1.0,1.0,amitriptyline,ADAPTER_DOSE,CYP2D6,"Depressive Disorder,Mental Disorders",,
1.0,1.0,1.0,1.0,1.0,1.0,1.0,1.0,1.0,1.0,1.0,1.0,1.0,1.0,1.0,1.0,1.0,1.0,1.0,1.0,1.0,1.0,1.0,1.0,1.0,1.0,1.0,1.0,clomipramine,EVITER,CYP2D6,Major Depressive Disorder,,
1.0,1.0,1.0,1.0,1.0,1.0,1.0,1.0,1.0,1.0,1.0,1.0,1.0,1.0,1.0,1.0,1.0,1.0,1.0,1.0,1.0,1.0,1.0,1.0,1.0,1.0,1.0,1.0,clomipramine,ADAPTER_DOSE,CYP2D6,"Major Depressive Disorder,Mental Disorders",,
1.0,1.0,1.0,1.0,1.0,1.0,1.0,1.0,1.0,1.0,1.0,1.0,1.0,1.0,1.0,1.0,1.0,1.0,1.0,1.0,1.0,1.0,1.0,1.0,1.0,1.0,1.0,1.0,imipramine,EVITER,CYP2D6,Depressive Disorder,,
1.0,1.0,1.0,1.0,1.0,1.0,1.0,1.0,1.0,1.0,1.0,1.0,1.0,1.0,1.0,1.0,1.0,1.0,1.0,1.0,1.0,1.0,1.0,1.0,1.0,1.0,1.0,1.0,imipramine,ADAPTER_DOSE,CYP2D6,Depressive Disorder,,
1.0,1.0,1.0,1.0,1.0,1.0,1.0,1.0,1.0,1.0,1.0,1.0,1.0,1.0,1.0,1.0,1.0,1.0,1.0,1.0,1.0,1.0,1.0,1.0,1.0,1.0,1.0,1.0,codeine,EVITER,CYP2D6,Pain,,
1.0,1.0,1.0,1.0,1.0,1.0,1.0,1.0,1.0,1.0,1.0,1.0,1.0,1.0,1.0,1.0,1.0,1.0,1.0,1.0,1.0,1.0,1.0,1.0,1.0,1.0,1.0,1.0,doxepin,ADAPTER_DOSE,CYP2D6,,,
1.0,1.0,1.0,1.0,1.0,1.0,1.0,1.0,1.0,1.0,1.0,1.0,1.0,1.0,1.0,1.0,1.0,1.0,1.0,1.0,1.0,1.0,1.0,1.0,1.0,1.0,1.0,1.0,nortriptyline,EVITER,CYP2D6,Depressive Disorder,,
1.0,1.0,1.0,1.0,1.0,1.0,1.0,1.0,1.0,1.0,1.0,1.0,1.0,1.0,1.0,1.0,1.0,1.0,1.0,1.0,1.0,1.0,1.0,1.0,1.0,1.0,1.0,1.0,nortriptyline,ADAPTER_DOSE,CYP2D6,Major Depressive Disorder,,
1.0,1.0,1.0,1.0,1.0,1.0,1.0,1.0,1.0,1.0,1.0,1.0,1.0,1.0,1.0,1.0,1.0,1.0,1.0,1.0,1.0,1.0,1.0,1.0,1.0,1.0,1.0,1.0,voriconazole,ADAPTER_DOSE,CYP2C19,,,
1.0,1.0,1.0,1.0,1.0,1.0,1.0,1.0,1.0,1.0,1.0,1.0,1.0,1.0,1.0,1.0,1.0,1.0,1.0,1.0,1.0,1.0,1.0,1.0,1.0,1.0,1.0,1.0,lansoprazole,ADAPTER_DOSE,CYP2C19,Gastroesophageal Reflux,,
1.0,1.0,1.0,1.0,1.0,1.0,1.0,1.0,1.0,1.0,1.0,1.0,1.0,1.0,1.0,1.0,1.0,1.0,1.0,1.0,1.0,1.0,1.0,1.0,1.0,1.0,1.0,1.0,clopidogrel,EVITER,CYP2C19,Cardiovascular Disease,,
1.0,1.0,1.0,1.0,1.0,1.0,1.0,1.0,1.0,1.0,1.0,1.0,1.0,1.0,1.0,1.0,1.0,1.0,1.0,1.0,1.0,1.0,1.0,1.0,1.0,1.0,1.0,1.0,pantoprazole,ADAPTER_DOSE,CYP2C19,,,
1.0,1.0,1.0,1.0,1.0,1.0,1.0,1.0,1.0,1.0,1.0,1.0,1.0,1.0,1.0,1.0,1.0,1.0,1.0,1.0,1.0,1.0,1.0,1.0,1.0,1.0,1.0,1.0,atomoxetine,ADAPTER_DOSE,CYP2D6,Attention Deficit Disorder with Hyperactivity,,
1.0,1.0,1.0,1.0,1.0,1.0,1.0,1.0,1.0,1.0,1.0,1.0,1.0,1.0,1.0,1.0,1.0,1.0,1.0,1.0,1.0,1.0,1.0,1.0,1.0,1.0,1.0,1.0,flecainide,ADAPTER_DOSE,CYP2D6,Cardiac rhythm disease,,
1.0,1.0,1.0,1.0,1.0,1.0,1.0,1.0,1.0,1.0,1.0,1.0,1.0,1.0,1.0,1.0,1.0,1.0,1.0,1.0,1.0,1.0,1.0,1.0,1.0,1.0,1.0,1.0,paroxetine,ADAPTER_DOSE,CYP2D6,,,
1.0,1.0,1.0,1.0,1.0,1.0,1.0,1.0,1.0,1.0,1.0,1.0,1.0,1.0,1.0,1.0,1.0,1.0,1.0,1.0,1.0,1.0,1.0,1.0,1.0,1.0,1.0,1.0,tamoxifen,EVITER,CYP2D6,Breast Neoplasms,,
1.0,1.0,1.0,1.0,1.0,1.0,1.0,1.0,1.0,1.0,1.0,1.0,1.0,1.0,1.0,1.0,1.0,1.0,1.0,1.0,1.0,1.0,1.0,1.0,1.0,1.0,1.0,1.0,metoprolol,ADAPTER_DOSE,CYP2D6,Heart Failure,,
1.0,1.0,1.0,1.0,1.0,1.0,1.0,1.0,1.0,1.0,1.0,1.0,1.0,1.0,1.0,1.0,1.0,1.0,1.0,1.0,1.0,1.0,1.0,1.0,1.0,1.0,1.0,1.0,haloperidol,ADAPTER_DOSE,CYP2D6,Schizophrenia,,
1.0,1.0,1.0,1.0,1.0,1.0,1.0,1.0,1.0,1.0,1.0,1.0,1.0,1.0,1.0,1.0,1.0,1.0,1.0,1.0,1.0,1.0,1.0,1.0,1.0,1.0,1.0,1.0,propafenone,ADAPTER_DOSE,CYP2D6,"Cardiac rhythm disease,Tachycardia",,
1.0,1.0,1.0,1.0,1.0,1.0,1.0,1.0,1.0,1.0,1.0,1.0,1.0,1.0,1.0,1.0,1.0,1.0,1.0,1.0,1.0,1.0,1.0,1.0,1.0,1.0,1.0,1.0,risperidone,ADAPTER_DOSE,CYP2D6,"Psychotic Disorder,Schizophrenia",,
1.0,1.0,1.0,1.0,1.0,1.0,1.0,1.0,1.0,1.0,1.0,1.0,1.0,1.0,1.0,1.0,1.0,1.0,1.0,1.0,1.0,1.0,1.0,1.0,1.0,1.0,1.0,1.0,escitalopram,ADAPTER_DOSE,CYP2C19,"Major Depressive Disorder,Mental Disorders",,
1.0,1.0,1.0,1.0,1.0,1.0,1.0,1.0,1.0,1.0,1.0,1.0,1.0,1.0,1.0,1.0,1.0,1.0,1.0,1.0,1.0,1.0,1.0,1.0,1.0,1.0,1.0,1.0,omeprazole,EVITER,CYP2C19,"Esophagitis,Gastroesophageal Reflux,Helicobacter Infections,Peptic Ulcer Disease",,
1.0,1.0,1.0,1.0,1.0,1.0,1.0,1.0,1.0,1.0,1.0,1.0,1.0,1.0,1.0,1.0,1.0,1.0,1.0,1.0,1.0,1.0,1.0,1.0,1.0,1.0,1.0,1.0,omeprazole,ADAPTER_DOSE,CYP2C19,Gastroesophageal Reflux,,
1.0,1.0,1.0,1.0,1.0,1.0,1.0,1.0,1.0,1.0,1.0,1.0,1.0,1.0,1.0,1.0,1.0,1.0,1.0,1.0,1.0,1.0,1.0,1.0,1.0,1.0,1.0,1.0,lansoprazole,EVITER,CYP2C19,"Gastroesophageal Reflux,Helicobacter Infections",,
1.0,1.0,1.0,1.0,1.0,1.0,1.0,1.0,1.0,1.0,1.0,1.0,1.0,1.0,1.0,1.0,1.0,1.0,1.0,1.0,1.0,1.0,1.0,1.0,1.0,1.0,1.0,1.0,pantoprazole,EVITER,CYP2C19,"Helicobacter Infections,Ulcer",,
1.0,1.0,1.0,1.0,1.0,1.0,1.0,1.0,1.0,1.0,1.0,1.0,1.0,1.0,1.0,1.0,1.0,1.0,1.0,1.0,1.0,1.0,1.0,1.0,1.0,1.0,1.0,1.0,zuclopenthixol,ADAPTER_DOSE,CYP2D6,Schizophrenia,,
1.0,1.0,1.0,1.0,1.0,1.0,1.0,1.0,1.0,1.0,1.0,1.0,1.0,1.0,1.0,1.0,1.0,1.0,1.0,1.0,1.0,1.0,1.0,1.0,1.0,1.0,1.0,1.0,clopidogrel,ADAPTER_DOSE,CYP2C19,,,
1.0,1.0,1.0,1.0,1.0,1.0,1.0,1.0,1.0,1.0,1.0,1.0,1.0,1.0,1.0,1.0,1.0,1.0,1.0,1.0,1.0,1.0,1.0,1.0,1.0,1.0,1.0,1.0,tegafur,EVITER,DPYD,Neoplasms,,
1.0,1.0,1.0,1.0,1.0,1.0,1.0,1.0,1.0,1.0,1.0,1.0,1.0,1.0,1.0,1.0,1.0,1.0,1.0,1.0,1.0,1.0,1.0,1.0,1.0,1.0,1.0,1.0,tobramycin,EVITER,MT-RNR1,Ototoxicity,,
1.0,1.0,1.0,1.0,1.0,1.0,1.0,1.0,1.0,1.0,1.0,1.0,1.0,1.0,1.0,1.0,1.0,1.0,1.0,1.0,1.0,1.0,1.0,1.0,1.0,1.0,1.0,1.0,amikacin,EVITER,MT-RNR1,Ototoxicity,,
1.0,1.0,1.0,1.0,1.0,1.0,1.0,1.0,1.0,1.0,1.0,1.0,1.0,1.0,1.0,1.0,1.0,1.0,1.0,1.0,1.0,1.0,1.0,1.0,1.0,1.0,1.0,1.0,aminoglycoside antibacterials,EVITER,MT-RNR1,Ototoxicity,,
1.0,1.0,1.0,1.0,1.0,1.0,1.0,1.0,1.0,1.0,1.0,1.0,1.0,1.0,1.0,1.0,1.0,1.0,1.0,1.0,1.0,1.0,1.0,1.0,1.0,1.0,1.0,1.0,streptomycin,EVITER,MT-RNR1,Ototoxicity,,
1.0,1.0,1.0,1.0,1.0,1.0,1.0,1.0,1.0,1.0,1.0,1.0,1.0,1.0,1.0,1.0,1.0,1.0,1.0,1.0,1.0,1.0,1.0,1.0,1.0,1.0,1.0,1.0,kanamycin,EVITER,MT-RNR1,Ototoxicity,,
1.0,1.0,1.0,1.0,1.0,1.0,1.0,1.0,1.0,1.0,1.0,1.0,1.0,1.0,1.0,1.0,1.0,1.0,1.0,1.0,1.0,1.0,1.0,1.0,1.0,1.0,1.0,1.0,gentamicin,EVITER,MT-RNR1,Ototoxicity,,
1.0,1.0,1.0,1.0,1.0,1.0,1.0,1.0,1.0,1.0,1.0,1.0,1.0,1.0,1.0,1.0,1.0,1.0,1.0,1.0,1.0,1.0,1.0,1.0,1.0,1.0,1.0,1.0,ondansetron,EVITER,CYP2D6,Vomiting,,
1.0,1.0,1.0,1.0,1.0,1.0,1.0,1.0,1.0,1.0,1.0,1.0,1.0,1.0,1.0,1.0,1.0,1.0,1.0,1.0,1.0,1.0,1.0,1.0,1.0,1.0,1.0,1.0,phenytoin,ADAPTER_DOSE,CYP2C9,Epilepsy,,
1.0,1.0,1.0,1.0,1.0,1.0,1.0,1.0,1.0,1.0,1.0,1.0,1.0,1.0,1.0,1.0,1.0,1.0,1.0,1.0,1.0,1.0,1.0,1.0,1.0,1.0,1.0,1.0,aripiprazole,ADAPTER_DOSE,CYP2D6,"Psychotic Disorder,Schizoaffective disorder,Schizophrenia",,
1.0,1.0,1.0,1.0,1.0,1.0,1.0,1.0,1.0,1.0,1.0,1.0,1.0,1.0,1.0,1.0,1.0,1.0,1.0,1.0,1.0,1.0,1.0,1.0,1.0,1.0,1.0,1.0,tramadol,ADAPTER_DOSE,CYP2D6,,,
1.0,1.0,1.0,1.0,1.0,1.0,1.0,1.0,1.0,1.0,1.0,1.0,1.0,1.0,1.0,1.0,1.0,1.0,1.0,1.0,1.0,1.0,1.0,1.0,1.0,1.0,1.0,1.0,hydrocodone,EVITER,CYP2D6,Pain,,
1.0,1.0,1.0,1.0,1.0,1.0,1.0,1.0,1.0,1.0,1.0,1.0,1.0,1.0,1.0,1.0,1.0,1.0,1.0,1.0,1.0,1.0,1.0,1.0,1.0,1.0,1.0,1.0,tramadol,EVITER,CYP2D6,"Pain,Pain, Postoperative",,
1.0,1.0,1.0,1.0,1.0,1.0,1.0,1.0,1.0,1.0,1.0,1.0,1.0,1.0,1.0,1.0,1.0,1.0,1.0,1.0,1.0,1.0,1.0,1.0,1.0,1.0,1.0,1.0,fluvastatin,ADAPTER_DOSE,CYP2C9,,,
1.0,1.0,1.0,1.0,1.0,1.0,1.0,1.0,1.0,1.0,1.0,1.0,1.0,1.0,1.0,1.0,1.0,1.0,1.0,1.0,1.0,1.0,1.0,1.0,1.0,1.0,1.0,1.0,simvastatin,ADAPTER_DOSE,SLCO1B1,,,
1.0,1.0,1.0,1.0,1.0,1.0,1.0,1.0,1.0,1.0,1.0,1.0,1.0,1.0,1.0,1.0,1.0,1.0,1.0,1.0,1.0,1.0,1.0,1.0,1.0,1.0,1.0,1.0,simvastatin acid,ADAPTER_DOSE,SLCO1B1,,,
1.0,1.0,1.0,1.0,1.0,1.0,1.0,1.0,1.0,1.0,1.0,1.0,1.0,1.0,1.0,1.0,1.0,1.0,1.0,1.0,1.0,1.0,1.0,1.0,1.0,1.0,1.0,1.0,lovastatin,EVITER,SLCO1B1,statin-related myopathy,,
1.0,1.0,1.0,1.0,1.0,1.0,1.0,1.0,1.0,1.0,1.0,1.0,1.0,1.0,1.0,1.0,1.0,1.0,1.0,1.0,1.0,1.0,1.0,1.0,1.0,1.0,1.0,1.0,simvastatin,EVITER,SLCO1B1,statin-related myopathy,,
1.0,1.0,1.0,1.0,1.0,1.0,1.0,1.0,1.0,1.0,1.0,1.0,1.0,1.0,1.0,1.0,1.0,1.0,1.0,1.0,1.0,1.0,1.0,1.0,1.0,1.0,1.0,1.0,atorvastatin,EVITER,SLCO1B1,statin-related myopathy,,
1.0,1.0,1.0,1.0,1.0,1.0,1.0,1.0,1.0,1.0,1.0,1.0,1.0,1.0,1.0,1.0,1.0,1.0,1.0,1.0,1.0,1.0,1.0,1.0,1.0,1.0,1.0,1.0,lovastatin,ADAPTER_DOSE,SLCO1B1,,,
1.0,1.0,1.0,1.0,1.0,1.0,1.0,1.0,1.0,1.0,1.0,1.0,1.0,1.0,1.0,1.0,1.0,1.0,1.0,1.0,1.0,1.0,1.0,1.0,1.0,1.0,1.0,1.0,lovastatin acid,ADAPTER_DOSE,SLCO1B1,,,
1.0,1.0,1.0,1.0,1.0,1.0,1.0,1.0,1.0,1.0,1.0,1.0,1.0,1.0,1.0,1.0,1.0,1.0,1.0,1.0,1.0,1.0,1.0,1.0,1.0,1.0,1.0,1.0,rosuvastatin,ADAPTER_DOSE,SLCO1B1,Hypercholesterolemia,,
1.0,1.0,1.0,1.0,1.0,1.0,1.0,1.0,1.0,1.0,1.0,1.0,1.0,1.0,1.0,1.0,1.0,1.0,1.0,1.0,1.0,1.0,1.0,1.0,1.0,1.0,1.0,1.0,pitavastatin,ADAPTER_DOSE,SLCO1B1,,,
1.0,1.0,1.0,1.0,1.0,1.0,1.0,1.0,1.0,1.0,1.0,1.0,1.0,1.0,1.0,1.0,1.0,1.0,1.0,1.0,1.0,1.0,1.0,1.0,1.0,1.0,1.0,1.0,rosuvastatin,EVITER,SLCO1B1,statin-related myopathy,,
1.0,1.0,1.0,1.0,1.0,1.0,1.0,1.0,1.0,1.0,1.0,1.0,1.0,1.0,1.0,1.0,1.0,1.0,1.0,1.0,1.0,1.0,1.0,1.0,1.0,1.0,1.0,1.0,pravastatin,ADAPTER_DOSE,SLCO1B1,,,
1.0,1.0,1.0,1.0,1.0,1.0,1.0,1.0,1.0,1.0,1.0,1.0,1.0,1.0,1.0,1.0,1.0,1.0,1.0,1.0,1.0,1.0,1.0,1.0,1.0,1.0,1.0,1.0,pravastatin,EVITER,SLCO1B1,statin-related myopathy,,
1.0,1.0,1.0,1.0,1.0,1.0,1.0,1.0,1.0,1.0,1.0,1.0,1.0,1.0,1.0,1.0,1.0,1.0,1.0,1.0,1.0,1.0,1.0,1.0,1.0,1.0,1.0,1.0,fluvastatin,EVITER,CYP2C9,,,
1.0,1.0,1.0,1.0,1.0,1.0,1.0,1.0,1.0,1.0,1.0,1.0,1.0,1.0,1.0,1.0,1.0,1.0,1.0,1.0,1.0,1.0,1.0,1.0,1.0,1.0,1.0,1.0,atorvastatin,ADAPTER_DOSE,SLCO1B1,,,
1.0,1.0,1.0,1.0,1.0,1.0,1.0,1.0,1.0,1.0,1.0,1.0,1.0,1.0,1.0,1.0,1.0,1.0,1.0,1.0,1.0,1.0,1.0,1.0,1.0,1.0,1.0,1.0,oxcarbazepine,EVITER,HLA-B,Stevens-Johnson Syndrome,,
1.0,1.0,1.0,1.0,1.0,1.0,1.0,1.0,1.0,1.0,1.0,1.0,1.0,1.0,1.0,1.0,1.0,1.0,1.0,1.0,1.0,1.0,1.0,1.0,1.0,1.0,1.0,1.0,allopurinol,EVITER,ABCG2,Gout,,
1.0,1.0,1.0,1.0,1.0,1.0,1.0,1.0,1.0,1.0,1.0,1.0,1.0,1.0,1.0,1.0,1.0,1.0,1.0,1.0,1.0,1.0,1.0,1.0,1.0,1.0,1.0,1.0,allopurinol,ADAPTER_DOSE,ABCG2,Gout,,
1.0,1.0,1.0,1.0,1.0,1.0,1.0,1.0,1.0,1.0,1.0,1.0,1.0,1.0,1.0,1.0,1.0,1.0,1.0,1.0,1.0,1.0,1.0,1.0,1.0,1.0,1.0,1.0,citalopram,ADAPTER_DOSE,CYP2C19,"Depressive Disorder,Major Depressive Disorder",,
1.0,1.0,1.0,1.0,1.0,1.0,1.0,1.0,1.0,1.0,1.0,1.0,1.0,1.0,1.0,1.0,1.0,1.0,1.0,1.0,1.0,1.0,1.0,1.0,1.0,1.0,1.0,1.0,citalopram,EVITER,CYP2C19,Depressive Disorder,,
1.0,1.0,1.0,1.0,1.0,1.0,1.0,1.0,1.0,1.0,1.0,1.0,1.0,1.0,1.0,1.0,1.0,1.0,1.0,1.0,1.0,1.0,1.0,1.0,1.0,1.0,1.0,1.0,thioguanine,EVITER,TPMT,"Acute lymphoblastic leukemia,Neoplasms,Neutropenia,Pancytopenia,Thrombocytopenia",,
1.0,1.0,1.0,1.0,1.0,1.0,1.0,1.0,1.0,1.0,1.0,1.0,1.0,1.0,1.0,1.0,1.0,1.0,1.0,1.0,1.0,1.0,1.0,1.0,1.0,1.0,1.0,1.0,thioguanine,ADAPTER_DOSE,TPMT,Acute lymphoblastic leukemia,,
1.0,1.0,1.0,1.0,1.0,1.0,1.0,1.0,1.0,1.0,1.0,1.0,1.0,1.0,1.0,1.0,1.0,1.0,1.0,1.0,1.0,1.0,1.0,1.0,1.0,1.0,1.0,1.0,carbamazepine,EVITER,HLA-B,"Drug Reaction with Eosinophilia and Systemic Symptoms,Maculopapular Exanthema,Severe Cutaneous Adverse Reactions,Stevens-Johnson Syndrome,Toxic Epidermal Necrolysis",,
1.0,1.0,1.0,1.0,1.0,1.0,1.0,1.0,1.0,1.0,1.0,1.0,1.0,1.0,1.0,1.0,1.0,1.0,1.0,1.0,1.0,1.0,1.0,1.0,1.0,1.0,1.0,1.0,lamotrigine,EVITER,HLA-B,"Epilepsy,Severe Cutaneous Adverse Reactions,Stevens-Johnson Syndrome,Toxic Epidermal Necrolysis",,
1.0,1.0,1.0,1.0,1.0,1.0,1.0,1.0,1.0,1.0,1.0,1.0,1.0,1.0,1.0,1.0,1.0,1.0,1.0,1.0,1.0,1.0,1.0,1.0,1.0,1.0,1.0,1.0,vortioxetine,ADAPTER_DOSE,CYP2D6,,,
1.0,1.0,1.0,1.0,1.0,1.0,1.0,1.0,1.0,1.0,1.0,1.0,1.0,1.0,1.0,1.0,1.0,1.0,1.0,1.0,1.0,1.0,1.0,1.0,1.0,1.0,1.0,1.0,sertraline,ADAPTER_DOSE,CYP2C19,Mental Disorders,,
1.0,1.0,1.0,1.0,1.0,1.0,1.0,1.0,1.0,1.0,1.0,1.0,1.0,1.0,1.0,1.0,1.0,1.0,1.0,1.0,1.0,1.0,1.0,1.0,1.0,1.0,1.0,1.0,venlafaxine,ADAPTER_DOSE,CYP2D6,"Depressive Disorder,Obsessive-Compulsive Disorder",,
1.0,1.0,1.0,1.0,1.0,1.0,1.0,1.0,1.0,1.0,1.0,1.0,1.0,1.0,1.0,1.0,1.0,1.0,1.0,1.0,1.0,1.0,1.0,1.0,1.0,1.0,1.0,1.0,venlafaxine,EVITER,CYP2D6,"Agitation,Alcohol-Related Disorders,Cardiotoxicity,Depression,Depressive Disorder,Drug Toxicity,dysphoria,Edema,Major Depressive Disorder,Nausea,Obsessive-Compulsive Disorder,Tachycardia,Vomiting",,
1.0,1.0,1.0,1.0,1.0,1.0,1.0,1.0,1.0,1.0,1.0,1.0,1.0,1.0,1.0,1.0,1.0,1.0,1.0,1.0,1.0,1.0,1.0,1.0,1.0,1.0,1.0,1.0,tamoxifen,ADAPTER_DOSE,CYP2D6,Breast Neoplasms,,
1.0,1.0,1.0,1.0,1.0,1.0,1.0,1.0,1.0,1.0,1.0,1.0,1.0,1.0,1.0,1.0,1.0,1.0,1.0,1.0,1.0,1.0,1.0,1.0,1.0,1.0,1.0,1.0,desflurane,EVITER,RYR1,Malignant Hyperthermia,,
1.0,1.0,1.0,1.0,1.0,1.0,1.0,1.0,1.0,1.0,1.0,1.0,1.0,1.0,1.0,1.0,1.0,1.0,1.0,1.0,1.0,1.0,1.0,1.0,1.0,1.0,1.0,1.0,enflurane,EVITER,RYR1,Malignant Hyperthermia,,
1.0,1.0,1.0,1.0,1.0,1.0,1.0,1.0,1.0,1.0,1.0,1.0,1.0,1.0,1.0,1.0,1.0,1.0,1.0,1.0,1.0,1.0,1.0,1.0,1.0,1.0,1.0,1.0,halothane,EVITER,RYR1,Malignant Hyperthermia,,
1.0,1.0,1.0,1.0,1.0,1.0,1.0,1.0,1.0,1.0,1.0,1.0,1.0,1.0,1.0,1.0,1.0,1.0,1.0,1.0,1.0,1.0,1.0,1.0,1.0,1.0,1.0,1.0,isoflurane,EVITER,RYR1,Malignant Hyperthermia,,
1.0,1.0,1.0,1.0,1.0,1.0,1.0,1.0,1.0,1.0,1.0,1.0,1.0,1.0,1.0,1.0,1.0,1.0,1.0,1.0,1.0,1.0,1.0,1.0,1.0,1.0,1.0,1.0,methoxyflurane,EVITER,RYR1,Malignant Hyperthermia,,
1.0,1.0,1.0,1.0,1.0,1.0,1.0,1.0,1.0,1.0,1.0,1.0,1.0,1.0,1.0,1.0,1.0,1.0,1.0,1.0,1.0,1.0,1.0,1.0,1.0,1.0,1.0,1.0,sevoflurane,EVITER,RYR1,Malignant Hyperthermia,,
1.0,1.0,1.0,1.0,1.0,1.0,1.0,1.0,1.0,1.0,1.0,1.0,1.0,1.0,1.0,1.0,1.0,1.0,1.0,1.0,1.0,1.0,1.0,1.0,1.0,1.0,1.0,1.0,succinylcholine,EVITER,RYR1,Malignant Hyperthermia,,
1.0,1.0,1.0,1.0,1.0,1.0,1.0,1.0,1.0,1.0,1.0,1.0,1.0,1.0,1.0,1.0,1.0,1.0,1.0,1.0,1.0,1.0,1.0,1.0,1.0,1.0,1.0,1.0,tacrolimus,ADAPTER_DOSE,CYP3A5,"Heart transplantation,Hematopoietic stem cell transplantation,Kidney Transplantation,Lung transplantation",,
1.0,1.0,1.0,1.0,1.0,1.0,1.0,1.0,1.0,1.0,1.0,1.0,1.0,1.0,1.0,1.0,1.0,1.0,1.0,1.0,1.0,1.0,1.0,1.0,1.0,1.0,1.0,1.0,clopidogrel,SURVEILLER,CYP2C19,"Acute coronary syndrome,Cardiovascular Disease,Stroke,Transient Ischemic Attack",,
1.0,1.0,1.0,1.0,1.0,1.0,1.0,1.0,1.0,1.0,1.0,1.0,1.0,1.0,1.0,1.0,1.0,1.0,1.0,1.0,1.0,1.0,1.0,1.0,1.0,1.0,1.0,1.0,neomycin,EVITER,MT-RNR1,Ototoxicity,,
1.0,1.0,1.0,1.0,1.0,1.0,1.0,1.0,1.0,1.0,1.0,1.0,1.0,1.0,1.0,1.0,1.0,1.0,1.0,1.0,1.0,1.0,1.0,1.0,1.0,1.0,1.0,1.0,quetiapine,ADAPTER_DOSE,CYP3A4,,,
1.0,1.0,1.0,1.0,1.0,1.0,1.0,1.0,1.0,1.0,1.0,1.0,1.0,1.0,1.0,1.0,1.0,1.0,1.0,1.0,1.0,1.0,1.0,1.0,1.0,1.0,1.0,1.0,fluvoxamine,ADAPTER_DOSE,CYP2D6,Depressive Disorder,,
1.0,1.0,1.0,1.0,1.0,1.0,1.0,1.0,1.0,1.0,1.0,1.0,1.0,1.0,1.0,1.0,1.0,1.0,1.0,1.0,1.0,1.0,1.0,1.0,1.0,1.0,1.0,1.0,atomoxetine,EVITER,CYP2D6,Attention Deficit Disorder with Hyperactivity,,
1.0,1.0,1.0,1.0,1.0,1.0,1.0,1.0,1.0,1.0,1.0,1.0,1.0,1.0,1.0,1.0,1.0,1.0,1.0,1.0,1.0,1.0,1.0,1.0,1.0,1.0,1.0,1.0,mercaptopurine,EVITER,TPMT,,,
1.0,1.0,1.0,1.0,1.0,1.0,1.0,1.0,1.0,1.0,1.0,1.0,1.0,1.0,1.0,1.0,1.0,1.0,1.0,1.0,1.0,1.0,1.0,1.0,1.0,1.0,1.0,1.0,azathioprine,EVITER,TPMT,"Leukopenia,Myelosuppression",,
1.0,1.0,1.0,1.0,1.0,1.0,1.0,1.0,1.0,1.0,1.0,1.0,1.0,1.0,1.0,1.0,1.0,1.0,1.0,1.0,1.0,1.0,1.0,1.0,1.0,1.0,1.0,1.0,meloxicam,ADAPTER_DOSE,CYP2C9,,,
1.0,1.0,1.0,1.0,1.0,1.0,1.0,1.0,1.0,1.0,1.0,1.0,1.0,1.0,1.0,1.0,1.0,1.0,1.0,1.0,1.0,1.0,1.0,1.0,1.0,1.0,1.0,1.0,sacituzumab govitecan,EVITER,UGT1A1,"adverse events,Discontinuation,Neutropenia",,
1.0,1.0,1.0,1.0,1.0,1.0,1.0,1.0,1.0,1.0,1.0,1.0,1.0,1.0,1.0,1.0,1.0,1.0,1.0,1.0,1.0,1.0,1.0,1.0,1.0,1.0,1.0,1.0,elexacaftor / tezacaftor / ivacaftor,EVITER,CFTR,Cystic Fibrosis,,
1.0,1.0,1.0,1.0,1.0,1.0,1.0,1.0,1.0,1.0,1.0,1.0,1.0,1.0,1.0,1.0,1.0,1.0,1.0,1.0,1.0,1.0,1.0,1.0,1.0,1.0,1.0,1.0,ivacaftor,EVITER,CFTR,Cystic Fibrosis,,
1.0,1.0,1.0,1.0,1.0,1.0,1.0,1.0,1.0,1.0,1.0,1.0,1.0,1.0,1.0,1.0,1.0,1.0,1.0,1.0,1.0,1.0,1.0,1.0,1.0,1.0,1.0,1.0,codeine,ADAPTER_DOSE,CYP2D6,,,
1.0,1.0,1.0,1.0,1.0,1.0,1.0,1.0,1.0,1.0,1.0,1.0,1.0,1.0,1.0,1.0,1.0,1.0,1.0,1.0,1.0,1.0,1.0,1.0,1.0,1.0,1.0,1.0,siponimod,ADAPTER_DOSE,CYP2C9,,,
1.0,1.0,1.0,1.0,1.0,1.0,1.0,1.0,1.0,1.0,1.0,1.0,1.0,1.0,1.0,1.0,1.0,1.0,1.0,1.0,1.0,1.0,1.0,1.0,1.0,1.0,1.0,1.0,hydralazine,ADAPTER_DOSE,NAT2,,,
1.0,1.0,1.0,1.0,1.0,1.0,1.0,1.0,1.0,1.0,1.0,1.0,1.0,1.0,1.0,1.0,1.0,1.0,1.0,1.0,1.0,1.0,1.0,1.0,1.0,1.0,1.0,1.0,hydralazine,EVITER,NAT2,Hypertension,,
1.0,1.0,1.0,1.0,1.0,1.0,1.0,1.0,1.0,1.0,1.0,1.0,1.0,1.0,1.0,1.0,1.0,1.0,1.0,1.0,1.0,1.0,1.0,1.0,1.0,1.0,1.0,1.0,peginterferon alfa-2a,EVITER,IFNL3,"Hepatitis C virus infection,HIV infectious disease",,
1.0,1.0,1.0,1.0,1.0,1.0,1.0,1.0,1.0,1.0,1.0,1.0,1.0,1.0,1.0,1.0,1.0,1.0,1.0,1.0,1.0,1.0,1.0,1.0,1.0,1.0,1.0,1.0,peginterferon alfa-2b,EVITER,IFNL3,"Hepatitis C virus infection,HIV infectious disease",,
1.0,1.0,1.0,1.0,1.0,1.0,1.0,1.0,1.0,1.0,1.0,1.0,1.0,1.0,1.0,1.0,1.0,1.0,1.0,1.0,1.0,1.0,1.0,1.0,1.0,1.0,1.0,1.0,ribavirin,EVITER,IFNL3,"Hepatitis C virus infection,HIV infectious disease",,
1.0,1.0,1.0,1.0,1.0,1.0,1.0,1.0,1.0,1.0,1.0,1.0,1.0,1.0,1.0,1.0,1.0,1.0,1.0,1.0,1.0,1.0,1.0,1.0,1.0,1.0,1.0,1.0,telaprevir,EVITER,IFNL3,Chronic hepatitis C virus infection,,
1.0,1.0,1.0,1.0,1.0,1.0,1.0,1.0,1.0,1.0,1.0,1.0,1.0,1.0,1.0,1.0,1.0,1.0,1.0,1.0,1.0,1.0,1.0,1.0,1.0,1.0,1.0,1.0,methotrexate,EVITER,SLC19A1,Rheumatoid arthritis,,
1.0,1.0,1.0,1.0,1.0,1.0,1.0,1.0,1.0,1.0,1.0,1.0,1.0,1.0,1.0,1.0,1.0,1.0,1.0,1.0,1.0,1.0,1.0,1.0,1.0,1.0,1.0,1.0,dapsone,EVITER,HLA-B,"Drug Hypersensitivity,Drug Reaction with Eosinophilia and Systemic Symptoms,Leprosy,Maculopapular Exanthema,Severe Cutaneous Adverse Reactions,Stevens-Johnson Syndrome",,
1.0,1.0,1.0,1.0,1.0,1.0,1.0,1.0,1.0,1.0,1.0,1.0,1.0,1.0,1.0,1.0,1.0,1.0,1.0,1.0,1.0,1.0,1.0,1.0,1.0,1.0,1.0,1.0,nevirapine,ADAPTER_DOSE,CYP2B6,HIV infectious disease,,
1.0,1.0,1.0,1.0,1.0,1.0,1.0,1.0,1.0,1.0,1.0,1.0,1.0,1.0,1.0,1.0,1.0,1.0,1.0,1.0,1.0,1.0,1.0,1.0,1.0,1.0,1.0,1.0,methazolamide,EVITER,HLA-B,"Stevens-Johnson Syndrome,Toxic Epidermal Necrolysis",,
1.0,1.0,1.0,1.0,1.0,1.0,1.0,1.0,1.0,1.0,1.0,1.0,1.0,1.0,1.0,1.0,1.0,1.0,1.0,1.0,1.0,1.0,1.0,1.0,1.0,1.0,1.0,1.0,salmeterol,EVITER,ADRB2,Asthma,,
1.0,1.0,1.0,1.0,1.0,1.0,1.0,1.0,1.0,1.0,1.0,1.0,1.0,1.0,1.0,1.0,1.0,1.0,1.0,1.0,1.0,1.0,1.0,1.0,1.0,1.0,1.0,1.0,nevirapine,EVITER,CYP2B6,"Stevens-Johnson Syndrome,Toxic Epidermal Necrolysis",,
1.0,1.0,1.0,1.0,1.0,1.0,1.0,1.0,1.0,1.0,1.0,1.0,1.0,1.0,1.0,1.0,1.0,1.0,1.0,1.0,1.0,1.0,1.0,1.0,1.0,1.0,1.0,1.0,phenprocoumon,EVITER,VKORC1,"Hemorrhage,over-anticoagulation,time above therapeutic range",,
1.0,1.0,1.0,1.0,1.0,1.0,1.0,1.0,1.0,1.0,1.0,1.0,1.0,1.0,1.0,1.0,1.0,1.0,1.0,1.0,1.0,1.0,1.0,1.0,1.0,1.0,1.0,1.0,hmg-coa reductase inhibitors,EVITER,SLCO1B1,statin-related myopathy,,
1.0,1.0,1.0,1.0,1.0,1.0,1.0,1.0,1.0,1.0,1.0,1.0,1.0,1.0,1.0,1.0,1.0,1.0,1.0,1.0,1.0,1.0,1.0,1.0,1.0,1.0,1.0,1.0,captopril,EVITER,ACE,"Chronic Obstructive Pulmonary Disease,Diabetes Mellitus, Type 2,Heart Failure",,
1.0,1.0,1.0,1.0,1.0,1.0,1.0,1.0,1.0,1.0,1.0,1.0,1.0,1.0,1.0,1.0,1.0,1.0,1.0,1.0,1.0,1.0,1.0,1.0,1.0,1.0,1.0,1.0,mirtazapine,ADAPTER_DOSE,CYP2D6,,,
1.0,1.0,1.0,1.0,1.0,1.0,1.0,1.0,1.0,1.0,1.0,1.0,1.0,1.0,1.0,1.0,1.0,1.0,1.0,1.0,1.0,1.0,1.0,1.0,1.0,1.0,1.0,1.0,rabeprazole,ADAPTER_DOSE,CYP2C19,,,
1.0,1.0,1.0,1.0,1.0,1.0,1.0,1.0,1.0,1.0,1.0,1.0,1.0,1.0,1.0,1.0,1.0,1.0,1.0,1.0,1.0,1.0,1.0,1.0,1.0,1.0,1.0,1.0,methadone,ADAPTER_DOSE,CYP2B6,"Heroin Dependence,Opioid-Related Disorders",,
1.0,1.0,1.0,1.0,1.0,1.0,1.0,1.0,1.0,1.0,1.0,1.0,1.0,1.0,1.0,1.0,1.0,1.0,1.0,1.0,1.0,1.0,1.0,1.0,1.0,1.0,1.0,1.0,acenocoumarol,EVITER,CYP2C9,Hemorrhage,,
1.0,1.0,1.0,1.0,1.0,1.0,1.0,1.0,1.0,1.0,1.0,1.0,1.0,1.0,1.0,1.0,1.0,1.0,1.0,1.0,1.0,1.0,1.0,1.0,1.0,1.0,1.0,1.0,oxycodone,ADAPTER_DOSE,CYP2D6,Pain,,
1.0,1.0,1.0,1.0,1.0,1.0,1.0,1.0,1.0,1.0,1.0,1.0,1.0,1.0,1.0,1.0,1.0,1.0,1.0,1.0,1.0,1.0,1.0,1.0,1.0,1.0,1.0,1.0,sulfamethoxazole / trimethoprim,EVITER,HLA-B,"Stevens-Johnson Syndrome,Toxic Epidermal Necrolysis",,
1.0,1.0,1.0,1.0,1.0,1.0,1.0,1.0,1.0,1.0,1.0,1.0,1.0,1.0,1.0,1.0,1.0,1.0,1.0,1.0,1.0,1.0,1.0,1.0,1.0,1.0,1.0,1.0,antiepileptics,EVITER,HLA-B,"Maculopapular Exanthema,Severe Cutaneous Adverse Reactions,Stevens-Johnson Syndrome,Toxic Epidermal Necrolysis",,
1.0,1.0,1.0,1.0,1.0,1.0,1.0,1.0,1.0,1.0,1.0,1.0,1.0,1.0,1.0,1.0,1.0,1.0,1.0,1.0,1.0,1.0,1.0,1.0,1.0,1.0,1.0,1.0,fentanyl,ADAPTER_DOSE,CYP3A4,"Pain, Postoperative",,
1.0,1.0,1.0,1.0,1.0,1.0,1.0,1.0,1.0,1.0,1.0,1.0,1.0,1.0,1.0,1.0,1.0,1.0,1.0,1.0,1.0,1.0,1.0,1.0,1.0,1.0,1.0,1.0,isoniazid,ADAPTER_DOSE,NAT2,Tuberculosis,,
1.0,1.0,1.0,1.0,1.0,1.0,1.0,1.0,1.0,1.0,1.0,1.0,1.0,1.0,1.0,1.0,1.0,1.0,1.0,1.0,1.0,1.0,1.0,1.0,1.0,1.0,1.0,1.0,bupropion,ADAPTER_DOSE,CYP2B6,,,
1.0,1.0,1.0,1.0,1.0,1.0,1.0,1.0,1.0,1.0,1.0,1.0,1.0,1.0,1.0,1.0,1.0,1.0,1.0,1.0,1.0,1.0,1.0,1.0,1.0,1.0,1.0,1.0,debrisoquine,ADAPTER_DOSE,CYP2D6,,,
1.0,1.0,1.0,1.0,1.0,1.0,1.0,1.0,1.0,1.0,1.0,1.0,1.0,1.0,1.0,1.0,1.0,1.0,1.0,1.0,1.0,1.0,1.0,1.0,1.0,1.0,1.0,1.0,clobazam,ADAPTER_DOSE,CYP2C19,Epilepsy,,
1.0,1.0,1.0,1.0,1.0,1.0,1.0,1.0,1.0,1.0,1.0,1.0,1.0,1.0,1.0,1.0,1.0,1.0,1.0,1.0,1.0,1.0,1.0,1.0,1.0,1.0,1.0,1.0,norclobazam,ADAPTER_DOSE,CYP2C19,Epilepsy,,
1.0,,,,,1.0,1.0,1.0,1.0,1.0,1.0,1.0,0.5,,1.0,,1.0,,,,1.0,1.0,1.0,,1.0,1.0,1.0,1.0,fluorouracil,EVITER,DPYD,,1.0,1.0
1.0,,,,,1.0,1.0,1.0,1.0,1.0,1.0,1.0,0.5,,1.0,,1.0,,,,1.0,1.0,1.0,,1.0,1.0,1.0,1.0,capecitabine,EVITER,DPYD,,1.0,1.0
1.0,,,,,1.0,1.0,1.0,1.0,1.0,1.0,1.0,0.5,,1.0,,1.0,,,,1.0,1.0,1.0,,1.0,1.0,1.0,1.0,fluorouracil,ADAPTER_DOSE,DPYD,,1.0,1.0
1.0,,,,,1.0,1.0,1.0,1.0,1.0,1.0,1.0,0.5,,1.0,,1.0,,,,1.0,1.0,1.0,,1.0,1.0,1.0,1.0,capecitabine,ADAPTER_DOSE,DPYD,,1.0,1.0
1.0,,,,,1.0,1.0,1.0,1.0,1.0,1.0,1.0,1.0,,1.0,,1.0,,,,1.0,1.0,1.0,,1.0,1.0,1.0,0.5,warfarin,ADAPTER_DOSE,VKORC1,,1.0,1.0
1.0,,,,,1.0,1.0,1.0,1.0,1.0,0.5,1.0,1.0,,1.0,,1.0,,,,1.0,1.0,1.0,,1.0,1.0,1.0,1.0,tacrolimus,ADAPTER_DOSE,CYP3A5,,1.0,1.0
1.0,,,,,1.0,1.0,0.5,1.0,1.0,1.0,1.0,1.0,,1.0,,1.0,,,,1.0,1.0,1.0,,1.0,1.0,1.0,1.0,warfarin,ADAPTER_DOSE,CYP2C9,,1.0,1.0
1.0,,,,,1.0,1.0,0.5,1.0,1.0,1.0,1.0,1.0,,1.0,,1.0,,,,1.0,1.0,1.0,,1.0,1.0,1.0,1.0,phenytoin,ADAPTER_DOSE,CYP2C9,,1.0,1.0
1.0,,,,,1.0,1.0,1.0,1.0,1.0,1.0,1.0,1.0,,1.0,,1.0,,,,1.0,1.0,1.0,,1.0,0.5,1.0,1.0,thiopurine,EVITER,TPMT,,1.0,1.0
1.0,,,,,1.0,1.0,1.0,1.0,1.0,1.0,1.0,1.0,,1.0,,1.0,,,,1.0,1.0,0.0,,1.0,1.0,1.0,1.0,anesthesiques,EVITER,RYR1,,1.0,1.0
1.0,,,,,1.0,1.0,1.0,1.0,1.0,1.0,1.0,1.0,,1.0,,1.0,,,,1.0,1.0,0.5,,1.0,1.0,1.0,1.0,anesthesiques,EVITER,RYR1,,1.0,1.0
1.0,,,,,1.0,1.0,1.0,0.5,1.0,1.0,1.0,1.0,,1.0,,1.0,,,,1.0,1.0,1.0,,1.0,1.0,1.0,1.0,tramadol,EVITER,CYP2D6,,1.0,1.0
1.0,,,,,1.0,1.0,1.0,0.5,1.0,1.0,1.0,1.0,,1.0,,1.0,,,,1.0,1.0,1.0,,1.0,1.0,1.0,1.0,codeine,EVITER,CYP2D6,,1.0,1.0
1.0,,,,,1.0,0.5,1.0,1.0,1.0,1.0,1.0,1.0,,1.0,,1.0,,,,1.0,1.0,1.0,,1.0,1.0,1.0,1.0,phenytoin,ADAPTER_DOSE,CYP2C19,,1.0,1.0
1.0,,,,,1.0,0.5,1.0,1.0,1.0,1.0,1.0,1.0,,1.0,,1.0,,,,1.0,1.0,1.0,,1.0,1.0,1.0,1.0,clopidogrel,EVITER,CYP2C19,,1.0,1.0
1.0,,,,,1.0,1.0,1.0,1.0,1.0,1.0,1.0,1.0,,1.0,,1.0,,,,1.0,1.0,1.0,,1.0,1.0,1.0,1.0,warfarin,ADAPTER_DOSE,CYP2A6,,0.5,1.0
1.0,,,,,0.5,1.0,1.0,1.0,1.0,1.0,1.0,1.0,,1.0,,1.0,,,,1.0,1.0,1.0,,1.0,1.0,1.0,1.0,efavirenz,ADAPTER_DOSE,CYP2B6,,1.0,1.0
1.0,,,,,1.0,1.0,1.0,1.0,1.0,1.0,1.0,1.0,,1.0,,1.0,,,,1.0,1.0,1.0,,0.5,1.0,1.0,1.0,simvastatin,EVITER,SLCO1B1,,1.0,1.0
1.0,,,,,1.0,1.0,1.0,1.0,1.0,1.0,1.0,1.0,,1.0,,1.0,,,,1.0,1.0,1.0,,0.5,1.0,1.0,1.0,atorvastatin,ADAPTER_DOSE,SLCO1B1,,1.0,1.0
1.0,,,,,1.0,1.0,1.0,1.0,1.0,1.0,1.0,1.0,,1.0,,1.0,,,,1.0,1.0,1.0,,1.0,0.5,1.0,1.0,azathioprine,EVITER,TPMT,,1.0,1.0
1.0,,,,,1.0,1.0,1.0,1.0,1.0,1.0,1.0,1.0,,1.0,,1.0,,,,1.0,0.5,1.0,,1.0,1.0,1.0,1.0,thiopurine,EVITER,NUDT15,,1.0,1.0
1.0,,,,,1.0,1.0,1.0,1.0,1.0,1.0,1.0,1.0,,1.0,,1.0,,,,1.0,0.5,1.0,,1.0,1.0,1.0,1.0,azathioprine,EVITER,NUDT15,,1.0,1.0
1.0,,,,,1.0,1.0,1.0,1.0,1.0,1.0,1.0,1.0,,1.0,,1.0,,,,1.0,0.5,1.0,,1.0,1.0,1.0,1.0,mercaptopurine,EVITER,NUDT15,,1.0,1.0
1.0,,,,,1.0,0.5,1.0,1.0,1.0,1.0,1.0,1.0,,1.0,,1.0,,,,1.0,1.0,1.0,,1.0,1.0,1.0,1.0,warfarin,ADAPTER_DOSE,CYP2C19,,1.0,1.0
1.0,,,,,1.0,1.0,1.0,1.0,1.0,1.0,0.5,1.0,,1.0,,1.0,,,,1.0,1.0,1.0,,1.0,1.0,1.0,1.0,warfarin,ADAPTER_DOSE,CYP4F2,,1.0,1.0
1.0,,,,,1.0,1.0,1.0,1.0,1.0,1.0,1.0,1.0,,1.0,,1.0,,,,1.0,1.0,1.0,,1.0,1.0,0.5,1.0,irinotecan,EVITER,UGT1A1,,1.0,1.0
1.0,,,,,1.0,1.0,1.0,1.0,0.5,1.0,1.0,1.0,,1.0,,1.0,,,,1.0,1.0,1.0,,1.0,1.0,1.0,1.0,tacrolimus,ADAPTER_DOSE,CYP3A4,,1.0,1.0
1.0,,,,,1.0,1.0,1.0,1.0,0.5,1.0,1.0,1.0,,1.0,,1.0,,,,1.0,1.0,1.0,,1.0,1.0,1.0,1.0,fentanyl,ADAPTER_DOSE,CYP3A4,,1.0,1.0
1.0,,,,,1.0,1.0,1.0,0.5,1.0,1.0,1.0,1.0,,1.0,1.0,1.0,,,,1.0,1.0,1.0,,1.0,1.0,1.0,1.0,quinidine,SURVEILLER,CYP2D6,,1.0,1.0
1.0,,,,,1.0,1.0,1.0,0.5,1.0,1.0,1.0,1.0,,1.0,1.0,1.0,,,,1.0,1.0,1.0,,1.0,1.0,1.0,1.0,olanzapine,ADAPTER_DOSE,CYP2D6,,1.0,1.0
1.0,,,,,1.0,2.0,1.0,1.0,1.0,1.0,1.0,1.0,,1.0,1.0,1.0,,,,1.0,1.0,1.0,,1.0,1.0,1.0,1.0,pantoprazole,ADAPTER_DOSE,CYP2C19,,1.0,1.0
1.0,,,,,1.0,1.0,1.0,1.0,1.0,1.0,1.0,0.5,,1.0,1.0,1.0,,,,1.0,1.0,1.0,,1.0,1.0,1.0,1.0,capecitabine,EVITER,DPYD,,1.0,1.0
1.0,,,,,1.0,1.0,1.0,1.0,1.0,1.0,1.0,0.5,,1.0,1.0,1.0,,,,1.0,1.0,1.0,,1.0,1.0,1.0,1.0,fluorouracil,EVITER,DPYD,,1.0,1.0
1.0,,,,,1.0,1.0,1.0,0.5,1.0,1.0,1.0,1.0,,1.0,1.0,1.0,,,,1.0,1.0,1.0,,1.0,1.0,1.0,1.0,flupenthixol,ADAPTER_DOSE,CYP2D6,,1.0,1.0
1.0,,,,,1.0,0.5,1.0,1.0,1.0,1.0,1.0,1.0,,1.0,1.0,1.0,,,,1.0,1.0,1.0,,1.0,1.0,1.0,1.0,esomeprazole,SURVEILLER,CYP2C19,,1.0,1.0
1.0,,,,,1.0,0.5,1.0,1.0,1.0,1.0,1.0,1.0,,1.0,1.0,1.0,,,,1.0,1.0,1.0,,1.0,1.0,1.0,1.0,rabeprazole,SURVEILLER,CYP2C19,,1.0,1.0
1.0,,,,,1.0,1.0,1.0,0.0,1.0,1.0,1.0,1.0,,1.0,1.0,1.0,,,,1.0,1.0,1.0,,1.0,1.0,1.0,1.0,zuclopenthixol,EVITER,CYP2D6,,1.0,1.0
1.0,,,,,1.0,1.0,1.0,1.0,1.0,1.0,1.0,1.0,,1.0,1.0,1.0,,,,1.0,1.0,1.0,,1.0,0.0,1.0,1.0,mercaptopurine,EVITER,TPMT,,1.0,1.0
1.0,,,,,1.0,1.0,1.0,0.5,1.0,1.0,1.0,1.0,,1.0,1.0,1.0,,,,1.0,1.0,1.0,,1.0,1.0,1.0,1.0,clonidine,EVITER,CYP2D6,,1.0,1.0
1.0,,,,,1.0,1.0,1.0,1.0,1.0,1.0,1.0,0.5,,1.0,1.0,1.0,,,,1.0,1.0,1.0,,1.0,1.0,1.0,1.0,tegafur,EVITER,DPYD,,1.0,1.0
1.0,,,,,1.0,1.0,1.0,1.0,1.0,1.0,1.0,1.0,,1.0,0.0,1.0,,,,1.0,1.0,1.0,,1.0,1.0,1.0,1.0,carbamazepine,EVITER,HLA-A,,1.0,1.0
1.0,,,,,1.0,1.0,1.0,1.0,1.0,1.0,1.0,1.0,,1.0,1.0,0.0,,,,1.0,1.0,1.0,,1.0,1.0,1.0,1.0,carbamazepine,EVITER,HLA-B,,1.0,1.0
1.0,,,,,1.0,0.0,1.0,1.0,1.0,1.0,1.0,1.0,,1.0,1.0,1.0,,,,1.0,1.0,1.0,,1.0,1.0,1.0,1.0,imipramine,EVITER,CYP2C19,,1.0,1.0
1.0,,,,,1.0,1.0,1.0,0.0,1.0,1.0,1.0,1.0,,1.0,1.0,1.0,,,,1.0,1.0,1.0,,1.0,1.0,1.0,1.0,imipramine,EVITER,CYP2D6,,1.0,1.0
1.0,,,,,0.0,1.0,1.0,1.0,1.0,1.0,1.0,1.0,,1.0,1.0,1.0,,,,1.0,1.0,1.0,,1.0,1.0,1.0,1.0,methadone,ADAPTER_DOSE,CYP2B6,,1.0,1.0
1.0,,,,,1.0,1.0,1.0,1.0,1.0,1.0,1.0,1.0,,1.0,1.0,1.0,,,,1.0,1.0,1.0,,1.0,1.0,0.5,1.0,irinotecan,SURVEILLER,UGT1A1,,1.0,1.0
1.0,,,,,1.0,1.0,1.0,0.0,1.0,1.0,1.0,1.0,,1.0,1.0,1.0,,,,1.0,1.0,1.0,,1.0,1.0,1.0,1.0,atomoxetine,ADAPTER_DOSE,CYP2D6,,1.0,1.0
1.0,,,,,1.0,1.0,1.0,1.0,1.0,1.0,1.0,1.0,,1.0,1.0,1.0,,,,1.0,1.0,1.0,,1.0,0.0,1.0,1.0,thioguanine,EVITER,TPMT,,1.0,1.0
1.0,,,,,1.0,1.0,1.0,1.0,1.0,1.0,1.0,1.0,,1.0,1.0,0.5,,,,1.0,1.0,1.0,,1.0,1.0,1.0,1.0,allopurinol,EVITER,HLA-B,,1.0,1.0
1.0,,,,,1.0,1.0,1.0,0.5,1.0,1.0,1.0,1.0,,1.0,1.0,1.0,,,,1.0,1.0,1.0,,1.0,1.0,1.0,1.0,quetiapine,SURVEILLER,CYP2D6,,1.0,1.0
1.0,,,,,1.0,1.0,1.0,0.5,1.0,1.0,1.0,1.0,,1.0,1.0,1.0,,,,1.0,1.0,1.0,,1.0,1.0,1.0,1.0,gefitinib,EVITER,CYP2D6,,1.0,1.0
1.0,,,,,1.0,1.0,1.0,0.0,1.0,1.0,1.0,1.0,,1.0,1.0,1.0,,,,1.0,1.0,1.0,,1.0,1.0,1.0,1.0,clomipramine,EVITER,CYP2D6,,1.0,1.0
1.0,,,,,1.0,1.0,1.0,0.5,1.0,1.0,1.0,1.0,,1.0,1.0,1.0,,,,1.0,1.0,1.0,,1.0,1.0,1.0,1.0,methylphenidate,SURVEILLER,CYP2D6,,1.0,1.0
1.0,,,,,1.0,1.0,1.0,1.0,1.0,1.0,1.0,0.0,,1.0,1.0,1.0,,,,1.0,1.0,1.0,,1.0,1.0,1.0,1.0,capecitabine,EVITER,DPYD,,1.0,1.0
1.0,,,,,1.0,0.0,1.0,1.0,1.0,1.0,1.0,1.0,,1.0,1.0,1.0,,,,1.0,1.0,1.0,,1.0,1.0,1.0,1.0,clopidogrel,EVITER,CYP2C19,,1.0,1.0
1.0,,,,,1.0,1.0,1.0,1.0,1.0,1.0,1.0,1.0,,1.0,1.0,1.0,,,,1.0,1.0,1.0,,1.0,1.0,0.0,1.0,irinotecan,ADAPTER_DOSE,UGT1A1,,1.0,1.0
1.0,,,,,1.0,1.0,1.0,0.0,1.0,1.0,1.0,1.0,,1.0,1.0,1.0,,,,1.0,1.0,1.0,,1.0,1.0,1.0,1.0,codeine,EVITER,CYP2D6,,1.0,1.0
1.0,,,,,1.0,1.0,1.0,1.0,0.0,1.0,1.0,1.0,,1.0,1.0,1.0,,,,1.0,1.0,1.0,,1.0,1.0,1.0,1.0,tacrolimus,ADAPTER_DOSE,CYP3A4,,1.0,1.0
1.0,,,,,1.0,1.0,1.0,1.0,1.0,0.0,1.0,1.0,,1.0,1.0,1.0,,,,1.0,1.0,1.0,,1.0,1.0,1.0,1.0,tacrolimus,ADAPTER_DOSE,CYP3A5,,1.0,1.0
1.0,,,,,1.0,1.0,1.0,0.0,1.0,1.0,1.0,1.0,,1.0,1.0,1.0,,,,1.0,1.0,1.0,,1.0,1.0,1.0,1.0,tropisetron,EVITER,CYP2D6,,1.0,1.0
1.0,,,,,1.0,1.0,1.0,0.0,1.0,1.0,1.0,1.0,,1.0,1.0,1.0,,,,1.0,1.0,1.0,,1.0,1.0,1.0,1.0,atomoxetine,EVITER,CYP2D6,,1.0,1.0
1.0,,,,,1.0,1.0,0.5,1.0,1.0,1.0,1.0,1.0,,1.0,1.0,1.0,,,,1.0,1.0,1.0,,1.0,1.0,1.0,1.0,gliclazide,STANDARD,CYP2C9,,1.0,1.0
1.0,,,,,1.0,2.0,1.0,1.0,1.0,1.0,1.0,1.0,,1.0,1.0,1.0,,,,1.0,1.0,1.0,,1.0,1.0,1.0,1.0,voriconazole,EVITER,CYP2C19,,1.0,1.0
0.0,,,,,1.0,1.0,1.0,1.0,1.0,1.0,1.0,1.0,,1.0,1.0,1.0,,,,1.0,1.0,1.0,,1.0,1.0,1.0,1.0,rosuvastatin,EVITER,ABCG2,,1.0,1.0
1.0,,,,,1.0,1.0,1.0,1.0,1.0,1.0,1.0,1.0,,1.0,1.0,1.0,,,,1.0,1.0,1.0,,0.0,1.0,1.0,1.0,rosuvastatin,EVITER,SLCO1B1,,1.0,1.0
1.0,,,,,1.0,1.0,1.0,0.0,1.0,1.0,1.0,1.0,,1.0,1.0,1.0,,,,1.0,1.0,1.0,,1.0,1.0,1.0,1.0,eliglustat,EVITER,CYP2D6,,1.0,1.0
1.0,,,,,1.0,0.5,1.0,1.0,1.0,1.0,1.0,1.0,,1.0,1.0,1.0,,,,1.0,1.0,1.0,,1.0,1.0,1.0,1.0,amitriptyline,ADAPTER_DOSE,CYP2C19,,1.0,1.0
1.0,,,,,1.0,1.0,0.5,1.0,1.0,1.0,1.0,1.0,,1.0,1.0,1.0,,,,1.0,1.0,1.0,,1.0,1.0,1.0,1.0,aceclofenac,SURVEILLER,CYP2C9,,1.0,1.0
1.0,,,,,1.0,1.0,0.5,1.0,1.0,1.0,1.0,1.0,,1.0,1.0,1.0,,,,1.0,1.0,1.0,,1.0,1.0,1.0,1.0,aspirin,SURVEILLER,CYP2C9,,1.0,1.0
1.0,,,,,1.0,1.0,0.5,1.0,1.0,1.0,1.0,1.0,,1.0,1.0,1.0,,,,1.0,1.0,1.0,,1.0,1.0,1.0,1.0,diclofenac,SURVEILLER,CYP2C9,,1.0,1.0
1.0,,,,,1.0,1.0,0.5,1.0,1.0,1.0,1.0,1.0,,1.0,1.0,1.0,,,,1.0,1.0,1.0,,1.0,1.0,1.0,1.0,dipyrone,SURVEILLER,CYP2C9,,1.0,1.0
1.0,,,,,1.0,1.0,0.5,1.0,1.0,1.0,1.0,1.0,,1.0,1.0,1.0,,,,1.0,1.0,1.0,,1.0,1.0,1.0,1.0,indomethacin,SURVEILLER,CYP2C9,,1.0,1.0
1.0,,,,,1.0,1.0,0.5,1.0,1.0,1.0,1.0,1.0,,1.0,1.0,1.0,,,,1.0,1.0,1.0,,1.0,1.0,1.0,1.0,lumiracoxib,SURVEILLER,CYP2C9,,1.0,1.0
1.0,,,,,1.0,1.0,0.5,1.0,1.0,1.0,1.0,1.0,,1.0,1.0,1.0,,,,1.0,1.0,1.0,,1.0,1.0,1.0,1.0,nabumetone,SURVEILLER,CYP2C9,,1.0,1.0
1.0,,,,,1.0,1.0,0.5,1.0,1.0,1.0,1.0,1.0,,1.0,1.0,1.0,,,,1.0,1.0,1.0,,1.0,1.0,1.0,1.0,naproxen,SURVEILLER,CYP2C9,,1.0,1.0
1.0,,,,,1.0,1.0,1.0,1.0,1.0,1.0,1.0,1.0,,1.0,1.0,1.0,,,,1.0,1.0,1.0,,1.0,1.0,1.0,1.0,phenprocoumon,EVITER,VKORC1,,1.0,1.0
1.0,,,,,1.0,1.0,1.0,0.0,1.0,1.0,1.0,1.0,,1.0,1.0,1.0,,,,1.0,1.0,1.0,,1.0,1.0,1.0,1.0,acebutolol,ADAPTER_DOSE,CYP2D6,,1.0,1.0
1.0,,,,,1.0,1.0,1.0,0.0,1.0,1.0,1.0,1.0,,1.0,1.0,1.0,,,,1.0,1.0,1.0,,1.0,1.0,1.0,1.0,betaxolol,ADAPTER_DOSE,CYP2D6,,1.0,1.0
1.0,,,,,1.0,1.0,1.0,0.0,1.0,1.0,1.0,1.0,,1.0,1.0,1.0,,,,1.0,1.0,1.0,,1.0,1.0,1.0,1.0,bisoprolol,ADAPTER_DOSE,CYP2D6,,1.0,1.0
1.0,,,,,1.0,1.0,1.0,0.0,1.0,1.0,1.0,1.0,,1.0,1.0,1.0,,,,1.0,1.0,1.0,,1.0,1.0,1.0,1.0,carvedilol,ADAPTER_DOSE,CYP2D6,,1.0,1.0
1.0,,,,,1.0,1.0,1.0,0.0,1.0,1.0,1.0,1.0,,1.0,1.0,1.0,,,,1.0,1.0,1.0,,1.0,1.0,1.0,1.0,nebivolol,ADAPTER_DOSE,CYP2D6,,1.0,1.0
1.0,,,,,1.0,1.0,1.0,0.0,1.0,1.0,1.0,1.0,,1.0,1.0,1.0,,,,1.0,1.0,1.0,,1.0,1.0,1.0,1.0,propranolol,ADAPTER_DOSE,CYP2D6,,1.0,1.0
1.0,,,,,1.0,1.0,0.0,1.0,1.0,1.0,1.0,1.0,,1.0,1.0,1.0,,,,1.0,1.0,1.0,,1.0,1.0,1.0,1.0,fosphenytoin,EVITER,CYP2C9,,1.0,1.0
1.0,,,,,1.0,1.0,0.0,1.0,1.0,1.0,1.0,1.0,,1.0,1.0,1.0,,,,1.0,1.0,1.0,,1.0,1.0,1.0,1.0,phenytoin,EVITER,CYP2C9,,1.0,1.0
1.0,,,,,1.0,1.0,1.0,1.0,1.0,1.0,1.0,1.0,,1.0,1.0,0.0,,,,1.0,1.0,1.0,,1.0,1.0,1.0,1.0,fosphenytoin,EVITER,HLA-B,,1.0,1.0
1.0,,,,,1.0,1.0,1.0,1.0,1.0,1.0,1.0,1.0,,1.0,1.0,0.0,,,,1.0,1.0,1.0,,1.0,1.0,1.0,1.0,phenytoin,EVITER,HLA-B,,1.0,1.0
1.0,,,,,1.0,1.0,1.0,0.0,1.0,1.0,1.0,1.0,,1.0,1.0,1.0,,,,1.0,1.0,1.0,,1.0,1.0,1.0,1.0,metoprolol,EVITER,CYP2D6,,1.0,1.0
1.0,,,,,0.0,1.0,1.0,1.0,1.0,1.0,1.0,1.0,,1.0,1.0,1.0,,,,1.0,1.0,1.0,,1.0,1.0,1.0,1.0,efavirenz,EVITER,CYP2B6,,1.0,1.0
1.0,,,,,1.0,1.0,1.0,1.0,1.0,1.0,1.0,1.0,,1.0,1.0,0.0,,,,1.0,1.0,1.0,,1.0,1.0,1.0,1.0,allopurinol,EVITER,HLA-B,,1.0,1.0
1.0,,,,,1.0,1.0,1.0,1.0,1.0,1.0,1.0,1.0,,1.0,1.0,1.0,,,,1.0,1.0,1.0,,1.0,1.0,0.5,1.0,atazanavir,EVITER,UGT1A1,,1.0,1.0
1.0,,,,,1.0,1.0,1.0,0.5,1.0,1.0,1.0,1.0,,1.0,1.0,1.0,,,,1.0,1.0,1.0,,1.0,1.0,1.0,1.0,duloxetine,ADAPTER_DOSE,CYP2D6,,1.0,1.0
1.0,,,,,1.0,0.5,1.0,1.0,1.0,1.0,1.0,1.0,,1.0,1.0,1.0,,,,1.0,1.0,1.0,,1.0,1.0,1.0,1.0,clopidogrel,EVITER,CYP2C19,,1.0,1.0
1.0,,,,,1.0,1.0,1.0,1.0,1.0,1.0,1.0,1.0,,1.0,1.0,1.0,,,,1.0,1.0,1.0,,0.0,1.0,1.0,1.0,hmg-coa reductase inhibitors,EVITER,SLCO1B1,,1.0,1.0
1.0,,,,,1.0,1.0,1.0,1.0,1.0,1.0,1.0,1.0,,1.0,1.0,1.0,,,,1.0,1.0,1.0,,0.0,1.0,1.0,1.0,simvastatin,EVITER,SLCO1B1,,1.0,1.0
1.0,,,,,1.0,1.0,1.0,0.0,1.0,1.0,1.0,1.0,,1.0,1.0,1.0,,,,1.0,1.0,1.0,,1.0,1.0,1.0,1.0,ondansetron,EVITER,CYP2D6,,1.0,1.0
1.0,,,,,1.0,1.0,1.0,1.0,1.0,1.0,1.0,1.0,,1.0,1.0,1.0,,,,1.0,1.0,1.0,,1.0,1.0,1.0,1.0,primaquine,EVITER,G6PD,,1.0,1.0
1.0,,,,,1.0,0.0,1.0,1.0,1.0,1.0,1.0,1.0,,1.0,1.0,1.0,,,,1.0,1.0,1.0,,1.0,1.0,1.0,1.0,mavacamten,EVITER,CYP2C19,,1.0,1.0
1.0,,,,,1.0,1.0,0.0,1.0,1.0,1.0,1.0,1.0,,1.0,1.0,1.0,,,,1.0,1.0,1.0,,1.0,1.0,1.0,1.0,warfarin,ADAPTER_DOSE,CYP2C9,,1.0,1.0
1.0,,,,,1.0,1.0,1.0,1.0,1.0,1.0,1.0,1.0,,1.0,1.0,1.0,,,,1.0,1.0,1.0,,1.0,1.0,1.0,1.0,clozapine,ADAPTER_DOSE,CYP1A2,,1.0,0.5
1.0,,,,,1.0,1.0,1.0,0.0,1.0,1.0,1.0,1.0,,1.0,1.0,1.0,,,,1.0,1.0,1.0,,1.0,1.0,1.0,1.0,paroxetine,EVITER,CYP2D6,,1.0,1.0
1.0,,,,,1.0,0.5,1.0,1.0,1.0,1.0,1.0,1.0,,1.0,1.0,1.0,,,,1.0,1.0,1.0,,1.0,1.0,1.0,1.0,doxepin,ADAPTER_DOSE,CYP2C19,,1.0,1.0
1.0,,,,,1.0,1.0,1.0,1.0,1.0,1.0,1.0,1.0,,1.0,1.0,1.0,,,,1.0,1.0,1.0,,0.5,1.0,1.0,1.0,pravastatin,ADAPTER_DOSE,SLCO1B1,,1.0,1.0
1.0,,,,,1.0,0.0,1.0,1.0,1.0,1.0,1.0,1.0,,1.0,1.0,1.0,,,,1.0,1.0,1.0,,1.0,1.0,1.0,1.0,clomipramine,EVITER,CYP2C19,,1.0,1.0
1.0,,,,,1.0,1.0,1.0,1.0,1.0,1.0,1.0,1.0,,1.0,1.0,1.0,,,,1.0,0.0,1.0,,1.0,1.0,1.0,1.0,azathioprine,EVITER,NUDT15,,1.0,1.0
1.0,,,,,1.0,2.0,1.0,1.0,1.0,1.0,1.0,1.0,,1.0,1.0,1.0,,,,1.0,1.0,1.0,,1.0,1.0,1.0,1.0,lansoprazole,ADAPTER_DOSE,CYP2C19,,1.0,1.0
1.0,,,,,1.0,1.0,1.0,0.0,1.0,1.0,1.0,1.0,,1.0,1.0,1.0,,,,1.0,1.0,1.0,,1.0,1.0,1.0,1.0,hydrocodone,EVITER,CYP2D6,,1.0,1.0
1.0,,,,,1.0,1.0,1.0,0.0,1.0,1.0,1.0,1.0,,1.0,1.0,1.0,,,,1.0,1.0,1.0,,1.0,1.0,1.0,1.0,desipramine,EVITER,CYP2D6,,1.0,1.0
1.0,,,,,1.0,1.0,1.0,0.5,1.0,1.0,1.0,1.0,,1.0,1.0,1.0,,,,1.0,1.0,1.0,,1.0,1.0,1.0,1.0,tamoxifen,SURVEILLER,CYP2D6,,1.0,1.0
1.0,,,,,1.0,1.0,1.0,1.0,0.5,1.0,1.0,1.0,,1.0,1.0,1.0,,,,1.0,1.0,1.0,,1.0,1.0,1.0,1.0,atorvastatin,ADAPTER_DOSE,CYP3A4,,1.0,1.0
1.0,,,,,1.0,1.0,1.0,1.0,0.5,1.0,1.0,1.0,,1.0,1.0,1.0,,,,1.0,1.0,1.0,,1.0,1.0,1.0,1.0,fluvastatin,ADAPTER_DOSE,CYP3A4,,1.0,1.0
1.0,,,,,1.0,1.0,1.0,1.0,0.5,1.0,1.0,1.0,,1.0,1.0,1.0,,,,1.0,1.0,1.0,,1.0,1.0,1.0,1.0,lovastatin,ADAPTER_DOSE,CYP3A4,,1.0,1.0
1.0,,,,,1.0,1.0,1.0,1.0,0.5,1.0,1.0,1.0,,1.0,1.0,1.0,,,,1.0,1.0,1.0,,1.0,1.0,1.0,1.0,pitavastatin,ADAPTER_DOSE,CYP3A4,,1.0,1.0
1.0,,,,,1.0,1.0,1.0,1.0,0.5,1.0,1.0,1.0,,1.0,1.0,1.0,,,,1.0,1.0,1.0,,1.0,1.0,1.0,1.0,pravastatin,ADAPTER_DOSE,CYP3A4,,1.0,1.0
1.0,,,,,1.0,1.0,1.0,1.0,0.5,1.0,1.0,1.0,,1.0,1.0,1.0,,,,1.0,1.0,1.0,,1.0,1.0,1.0,1.0,rosuvastatin,ADAPTER_DOSE,CYP3A4,,1.0,1.0
1.0,,,,,1.0,1.0,1.0,1.0,0.5,1.0,1.0,1.0,,1.0,1.0,1.0,,,,1.0,1.0,1.0,,1.0,1.0,1.0,1.0,simvastatin,ADAPTER_DOSE,CYP3A4,,1.0,1.0
1.0,,,,,1.0,1.0,1.0,1.0,1.0,0.5,1.0,1.0,,1.0,1.0,1.0,,,,1.0,1.0,1.0,,1.0,1.0,1.0,1.0,atorvastatin,ADAPTER_DOSE,CYP3A5,,1.0,1.0
1.0,,,,,1.0,1.0,1.0,1.0,1.0,0.5,1.0,1.0,,1.0,1.0,1.0,,,,1.0,1.0,1.0,,1.0,1.0,1.0,1.0,fluvastatin,ADAPTER_DOSE,CYP3A5,,1.0,1.0
1.0,,,,,1.0,1.0,1.0,1.0,1.0,0.5,1.0,1.0,,1.0,1.0,1.0,,,,1.0,1.0,1.0,,1.0,1.0,1.0,1.0,lovastatin,ADAPTER_DOSE,CYP3A5,,1.0,1.0
1.0,,,,,1.0,1.0,1.0,1.0,1.0,0.5,1.0,1.0,,1.0,1.0,1.0,,,,1.0,1.0,1.0,,1.0,1.0,1.0,1.0,pitavastatin,ADAPTER_DOSE,CYP3A5,,1.0,1.0
1.0,,,,,1.0,1.0,1.0,1.0,1.0,0.5,1.0,1.0,,1.0,1.0,1.0,,,,1.0,1.0,1.0,,1.0,1.0,1.0,1.0,pravastatin,ADAPTER_DOSE,CYP3A5,,1.0,1.0
1.0,,,,,1.0,1.0,1.0,1.0,1.0,0.5,1.0,1.0,,1.0,1.0,1.0,,,,1.0,1.0,1.0,,1.0,1.0,1.0,1.0,rosuvastatin,ADAPTER_DOSE,CYP3A5,,1.0,1.0
1.0,,,,,1.0,1.0,1.0,1.0,1.0,0.5,1.0,1.0,,1.0,1.0,1.0,,,,1.0,1.0,1.0,,1.0,1.0,1.0,1.0,simvastatin,ADAPTER_DOSE,CYP3A5,,1.0,1.0
1.0,,,,,1.0,1.0,1.0,1.0,1.0,1.0,1.0,1.0,,1.0,1.0,1.0,,,,1.0,1.0,1.0,,1.0,0.5,1.0,1.0,azathioprine,ADAPTER_DOSE,TPMT,,1.0,1.0
1.0,,,,,0.5,1.0,1.0,1.0,1.0,1.0,1.0,1.0,,1.0,1.0,1.0,,,,1.0,1.0,1.0,,1.0,1.0,1.0,1.0,efavirenz,EVITER,CYP2B6,,1.0,1.0
1.0,,,,,1.0,1.0,1.0,1.0,1.0,1.0,1.0,1.0,,1.0,1.0,1.0,,,,1.0,1.0,1.0,,1.0,0.0,1.0,1.0,cisplatin,EVITER,TPMT,,1.0,1.0
1.0,,,,,1.0,1.0,1.0,1.0,1.0,1.0,1.0,1.0,,1.0,1.0,1.0,,,,1.0,1.0,1.0,,1.0,0.0,1.0,1.0,azathioprine,EVITER,TPMT,,1.0,1.0
1.0,,,,,1.0,1.0,1.0,1.0,1.0,1.0,1.0,1.0,,1.0,1.0,0.0,,,,1.0,1.0,1.0,,1.0,1.0,1.0,1.0,oxcarbazepine,EVITER,HLA-B,,1.0,1.0
1.0,,,,,1.0,1.0,1.0,1.0,1.0,1.0,1.0,1.0,,1.0,1.0,0.0,,,,1.0,1.0,1.0,,1.0,1.0,1.0,1.0,abacavir,EVITER,HLA-B,,1.0,1.0
1.0,,,,,1.0,1.0,1.0,1.0,1.0,1.0,1.0,1.0,,1.0,1.0,1.0,,,,0.0,1.0,1.0,,1.0,1.0,1.0,1.0,hydralazine,ADAPTER_DOSE,NAT2,,1.0,1.0
1.0,,,,,1.0,1.0,1.0,0.0,1.0,1.0,1.0,1.0,,1.0,1.0,1.0,,,,1.0,1.0,1.0,,1.0,1.0,1.0,1.0,haloperidol,EVITER,CYP2D6,,1.0,1.0
1.0,,,,,1.0,1.0,1.0,1.0,1.0,1.0,1.0,1.0,,1.0,1.0,1.0,,,,1.0,1.0,1.0,,0.0,1.0,1.0,1.0,pravastatin,EVITER,SLCO1B1,,1.0,1.0
1.0,,,,,1.0,1.0,1.0,0.0,1.0,1.0,1.0,1.0,,1.0,1.0,1.0,,,,1.0,1.0,1.0,,1.0,1.0,1.0,1.0,oxycodone,ADAPTER_DOSE,CYP2D6,,1.0,1.0
1.0,,,,,1.0,1.0,1.0,1.0,1.0,1.0,1.0,1.0,,1.0,1.0,1.0,,,,1.0,1.0,1.0,,1.0,1.0,1.0,1.0,nitrofurantoin,EVITER,G6PD,,1.0,1.0
1.0,,,,,1.0,1.0,1.0,0.5,1.0,1.0,1.0,1.0,,1.0,1.0,1.0,,,,1.0,1.0,1.0,,1.0,1.0,1.0,1.0,bisoprolol,SURVEILLER,CYP2D6,,1.0,1.0
1.0,,,,,1.0,1.0,1.0,1.0,1.0,1.0,1.0,0.0,,1.0,1.0,1.0,,,,1.0,1.0,1.0,,1.0,1.0,1.0,1.0,tegafur,EVITER,DPYD,,1.0,1.0
1.0,,,,,1.0,1.0,1.0,0.5,1.0,1.0,1.0,1.0,,1.0,1.0,1.0,,,,1.0,1.0,1.0,,1.0,1.0,1.0,1.0,clozapine,ADAPTER_DOSE,CYP2D6,,1.0,1.0
1.0,,,,,1.0,1.0,1.0,1.0,1.0,1.0,1.0,1.0,,1.0,1.0,0.0,,,,1.0,1.0,1.0,,1.0,1.0,1.0,1.0,lamotrigine,EVITER,HLA-B,,1.0,1.0
1.0,,,,,1.0,1.0,0.0,1.0,1.0,1.0,1.0,1.0,,1.0,1.0,1.0,,,,1.0,1.0,1.0,,1.0,1.0,1.0,1.0,phenytoin,ADAPTER_DOSE,CYP2C9,,1.0,1.0
1.0,,,,,1.0,1.0,1.0,0.0,1.0,1.0,1.0,1.0,,1.0,1.0,1.0,,,,1.0,1.0,1.0,,1.0,1.0,1.0,1.0,risperidone,EVITER,CYP2D6,,1.0,1.0
1.0,,,,,1.0,1.0,1.0,1.0,1.0,1.0,1.0,1.0,,1.0,1.0,0.0,,,,1.0,1.0,1.0,,1.0,1.0,1.0,1.0,ribavirin,EVITER,HLA-B,,1.0,1.0
1.0,,,,,1.0,2.0,1.0,1.0,1.0,1.0,1.0,1.0,,1.0,1.0,1.0,,,,1.0,1.0,1.0,,1.0,1.0,1.0,1.0,clomipramine,EVITER,CYP2C19,,1.0,1.0
1.0,,,,,1.0,1.0,1.0,1.0,1.0,1.0,1.0,0.0,,1.0,1.0,1.0,,,,1.0,1.0,1.0,,1.0,1.0,1.0,1.0,fluorouracil,EVITER,DPYD,,1.0,1.0
1.0,,,,,1.0,1.0,1.0,0.0,1.0,1.0,1.0,1.0,,1.0,1.0,1.0,,,,1.0,1.0,1.0,,1.0,1.0,1.0,1.0,doxepin,EVITER,CYP2D6,,1.0,1.0
1.0,,,,,1.0,1.0,1.0,1.0,1.0,1.0,1.0,1.0,,1.0,1.0,1.0,,,,1.0,1.0,1.0,,0.5,1.0,1.0,1.0,rosuvastatin,ADAPTER_DOSE,SLCO1B1,,1.0,1.0
1.0,,,,,1.0,1.0,1.0,1.0,1.0,1.0,1.0,1.0,,1.0,0.5,1.0,,,,1.0,1.0,1.0,,1.0,1.0,1.0,1.0,carbamazepine,EVITER,HLA-A,,1.0,1.0
1.0,,,,,1.0,1.0,1.0,1.0,1.0,1.0,1.0,1.0,,1.0,0.5,1.0,,,,1.0,1.0,1.0,,1.0,1.0,1.0,1.0,oxcarbazepine,EVITER,HLA-A,,1.0,1.0
1.0,,,,,1.0,1.0,1.0,1.0,1.0,1.0,1.0,1.0,,1.0,1.0,0.5,,,,1.0,1.0,1.0,,1.0,1.0,1.0,1.0,carbamazepine,EVITER,HLA-B,,1.0,1.0
1.0,,,,,1.0,1.0,1.0,1.0,1.0,1.0,1.0,1.0,,1.0,1.0,0.5,,,,1.0,1.0,1.0,,1.0,1.0,1.0,1.0,oxcarbazepine,EVITER,HLA-B,,1.0,1.0
0.0,,,,,1.0,1.0,1.0,1.0,1.0,1.0,1.0,1.0,,1.0,1.0,1.0,,,,1.0,1.0,1.0,,1.0,1.0,1.0,1.0,allopurinol,ADAPTER_DOSE,ABCG2,,1.0,1.0
1.0,,,,,1.0,1.0,0.5,1.0,1.0,1.0,1.0,1.0,,1.0,1.0,1.0,,,,1.0,1.0,1.0,,1.0,1.0,1.0,1.0,warfarin,EVITER,CYP2C9,,1.0,1.0
1.0,,,,,1.0,1.0,1.0,1.0,1.0,1.0,1.0,1.0,,1.0,1.0,1.0,,,,1.0,1.0,1.0,,1.0,1.0,1.0,0.5,warfarin,EVITER,VKORC1,,1.0,1.0
1.0,,,,,1.0,1.0,1.0,1.0,1.0,1.0,1.0,1.0,,1.0,1.0,1.0,,,,1.0,1.0,1.0,,1.0,1.0,1.0,0.5,warfarin,ADAPTER_DOSE,VKORC1,,1.0,1.0
1.0,,,,,1.0,1.0,1.0,1.0,1.0,1.0,1.0,1.0,,1.0,0.5,1.0,,,,1.0,1.0,1.0,,1.0,1.0,1.0,1.0,tebentafusp,SURVEILLER,HLA-A,,1.0,1.0
1.0,,,,,1.0,1.0,1.0,0.0,1.0,1.0,1.0,1.0,,1.0,1.0,1.0,,,,1.0,1.0,1.0,,1.0,1.0,1.0,1.0,propafenone,EVITER,CYP2D6,,1.0,1.0
1.0,,,,,1.0,1.0,1.0,1.0,1.0,1.0,1.0,1.0,,1.0,1.0,1.0,,,,1.0,1.0,1.0,,1.0,0.5,1.0,1.0,mercaptopurine,SURVEILLER,TPMT,,1.0,1.0
1.0,,,,,1.0,1.0,1.0,1.0,1.0,1.0,1.0,1.0,,1.0,1.0,1.0,,,,1.0,1.0,1.0,,1.0,1.0,1.0,1.0,desflurane,EVITER,RYR1,,1.0,1.0
1.0,,,,,1.0,1.0,1.0,1.0,1.0,1.0,1.0,1.0,,1.0,1.0,1.0,,,,1.0,1.0,1.0,,1.0,1.0,1.0,1.0,enflurane,EVITER,RYR1,,1.0,1.0
1.0,,,,,1.0,1.0,1.0,1.0,1.0,1.0,1.0,1.0,,1.0,1.0,1.0,,,,1.0,1.0,1.0,,1.0,1.0,1.0,1.0,halothane,EVITER,RYR1,,1.0,1.0
1.0,,,,,1.0,1.0,1.0,1.0,1.0,1.0,1.0,1.0,,1.0,1.0,1.0,,,,1.0,1.0,1.0,,1.0,1.0,1.0,1.0,isoflurane,EVITER,RYR1,,1.0,1.0
1.0,,,,,1.0,1.0,1.0,1.0,1.0,1.0,1.0,1.0,,1.0,1.0,1.0,,,,1.0,1.0,1.0,,1.0,1.0,1.0,1.0,methoxyflurane,EVITER,RYR1,,1.0,1.0
1.0,,,,,1.0,1.0,1.0,1.0,1.0,1.0,1.0,1.0,,1.0,1.0,1.0,,,,1.0,1.0,1.0,,1.0,1.0,1.0,1.0,sevoflurane,EVITER,RYR1,,1.0,1.0
1.0,,,,,1.0,1.0,1.0,1.0,1.0,1.0,1.0,1.0,,1.0,1.0,1.0,,,,1.0,1.0,1.0,,1.0,1.0,1.0,1.0,succinylcholine,EVITER,RYR1,,1.0,1.0
1.0,,,,,1.0,1.0,1.0,0.0,1.0,1.0,1.0,1.0,,1.0,1.0,1.0,,,,1.0,1.0,1.0,,1.0,1.0,1.0,1.0,venlafaxine,EVITER,CYP2D6,,1.0,1.0
1.0,,,,,1.0,1.0,1.0,1.0,1.0,1.0,1.0,1.0,,0.5,1.0,1.0,,,,1.0,1.0,1.0,,1.0,1.0,1.0,1.0,chlorpropamide,ADAPTER_DOSE,G6PD,,1.0,1.0
1.0,,,,,1.0,1.0,1.0,1.0,1.0,1.0,1.0,1.0,,0.5,1.0,1.0,,,,1.0,1.0,1.0,,1.0,1.0,1.0,1.0,dabrafenib,ADAPTER_DOSE,G6PD,,1.0,1.0
1.0,,,,,1.0,1.0,1.0,1.0,1.0,1.0,1.0,1.0,,0.5,1.0,1.0,,,,1.0,1.0,1.0,,1.0,1.0,1.0,1.0,gliclazide,ADAPTER_DOSE,G6PD,,1.0,1.0
1.0,,,,,1.0,1.0,1.0,1.0,1.0,1.0,1.0,1.0,,0.5,1.0,1.0,,,,1.0,1.0,1.0,,1.0,1.0,1.0,1.0,glimepiride,ADAPTER_DOSE,G6PD,,1.0,1.0
1.0,,,,,1.0,1.0,1.0,1.0,1.0,1.0,1.0,1.0,,0.5,1.0,1.0,,,,1.0,1.0,1.0,,1.0,1.0,1.0,1.0,glipizide,ADAPTER_DOSE,G6PD,,1.0,1.0
1.0,,,,,1.0,1.0,1.0,1.0,1.0,1.0,1.0,1.0,,0.5,1.0,1.0,,,,1.0,1.0,1.0,,1.0,1.0,1.0,1.0,mesalazine,ADAPTER_DOSE,G6PD,,1.0,1.0
1.0,,,,,1.0,1.0,1.0,1.0,1.0,1.0,1.0,1.0,,0.5,1.0,1.0,,,,1.0,1.0,1.0,,1.0,1.0,1.0,1.0,moxifloxacin,ADAPTER_DOSE,G6PD,,1.0,1.0
1.0,,,,,1.0,1.0,1.0,1.0,1.0,1.0,1.0,1.0,,0.5,1.0,1.0,,,,1.0,1.0,1.0,,1.0,1.0,1.0,1.0,nicorandil,ADAPTER_DOSE,G6PD,,1.0,1.0
1.0,,,,,1.0,1.0,1.0,1.0,1.0,1.0,1.0,1.0,,0.5,1.0,1.0,,,,1.0,1.0,1.0,,1.0,1.0,1.0,1.0,nitrofurazone,ADAPTER_DOSE,G6PD,,1.0,1.0
1.0,,,,,1.0,1.0,1.0,1.0,1.0,1.0,1.0,1.0,,0.5,1.0,1.0,,,,1.0,1.0,1.0,,1.0,1.0,1.0,1.0,probenecid,ADAPTER_DOSE,G6PD,,1.0,1.0
1.0,,,,,1.0,1.0,1.0,1.0,1.0,1.0,1.0,1.0,,0.5,1.0,1.0,,,,1.0,1.0,1.0,,1.0,1.0,1.0,1.0,quinacrine,ADAPTER_DOSE,G6PD,,1.0,1.0
1.0,,,,,1.0,1.0,1.0,1.0,1.0,1.0,1.0,1.0,,0.5,1.0,1.0,,,,1.0,1.0,1.0,,1.0,1.0,1.0,1.0,sodium nitrate,ADAPTER_DOSE,G6PD,,1.0,1.0
1.0,,,,,1.0,1.0,1.0,1.0,1.0,1.0,1.0,1.0,,0.5,1.0,1.0,,,,1.0,1.0,1.0,,1.0,1.0,1.0,1.0,sulfacetamide,ADAPTER_DOSE,G6PD,,1.0,1.0
1.0,,,,,1.0,1.0,1.0,1.0,1.0,1.0,1.0,1.0,,0.5,1.0,1.0,,,,1.0,1.0,1.0,,1.0,1.0,1.0,1.0,tolazamide,ADAPTER_DOSE,G6PD,,1.0,1.0
1.0,,,,,1.0,1.0,1.0,1.0,1.0,1.0,1.0,1.0,,0.5,1.0,1.0,,,,1.0,1.0,1.0,,1.0,1.0,1.0,1.0,trametinib,ADAPTER_DOSE,G6PD,,1.0,1.0
1.0,,,,,1.0,1.0,1.0,0.0,1.0,1.0,1.0,1.0,,1.0,1.0,1.0,,,,1.0,1.0,1.0,,1.0,1.0,1.0,1.0,fluvoxamine,EVITER,CYP2D6,,1.0,1.0
1.0,,,,,1.0,1.0,1.0,0.5,1.0,1.0,1.0,1.0,,1.0,1.0,1.0,,,,1.0,1.0,1.0,,1.0,1.0,1.0,1.0,amiodarone,SURVEILLER,CYP2D6,,1.0,1.0
1.0,,,,,1.0,1.0,1.0,1.0,1.0,1.0,1.0,1.0,,1.0,1.0,1.0,,,,1.0,0.0,1.0,,1.0,1.0,1.0,1.0,mercaptopurine,ADAPTER_DOSE,NUDT15,,1.0,1.0
1.0,,,,,1.0,1.0,1.0,1.0,1.0,1.0,1.0,1.0,,1.0,1.0,1.0,,,,1.0,1.0,1.0,,1.0,0.0,1.0,1.0,mercaptopurine,ADAPTER_DOSE,TPMT,,1.0,1.0
1.0,,,,,1.0,1.0,1.0,1.0,1.0,1.0,1.0,1.0,,1.0,1.0,1.0,,,,1.0,1.0,1.0,,1.0,1.0,1.0,1.0,aspirin,EVITER,G6PD,,1.0,1.0
1.0,,,,,1.0,1.0,0.0,1.0,1.0,1.0,1.0,1.0,,1.0,1.0,1.0,,,,1.0,1.0,1.0,,1.0,1.0,1.0,1.0,warfarin,EVITER,CYP2C9,,1.0,1.0
1.0,,,,,1.0,1.0,1.0,1.0,1.0,1.0,0.0,1.0,,1.0,1.0,1.0,,,,1.0,1.0,1.0,,1.0,1.0,1.0,1.0,warfarin,EVITER,CYP4F2,,1.0,1.0
1.0,,,,,1.0,1.0,1.0,1.0,1.0,1.0,1.0,1.0,,1.0,1.0,1.0,,,,1.0,1.0,1.0,,1.0,1.0,1.0,0.0,warfarin,EVITER,VKORC1,,1.0,1.0
1.0,,,,,1.0,1.0,0.5,1.0,1.0,1.0,1.0,1.0,,1.0,1.0,1.0,,,,1.0,1.0,1.0,,1.0,1.0,1.0,1.0,acenocoumarol,EVITER,CYP2C9,,1.0,1.0
1.0,,,,,1.0,1.0,0.5,1.0,1.0,1.0,1.0,1.0,,1.0,1.0,1.0,,,,1.0,1.0,1.0,,1.0,1.0,1.0,1.0,fluindione,EVITER,CYP2C9,,1.0,1.0
1.0,,,,,1.0,1.0,1.0,1.0,1.0,1.0,1.0,1.0,,1.0,1.0,1.0,,,,1.0,1.0,1.0,,1.0,1.0,1.0,0.5,acenocoumarol,EVITER,VKORC1,,1.0,1.0
1.0,,,,,1.0,1.0,1.0,1.0,1.0,1.0,1.0,1.0,,1.0,1.0,1.0,,,,1.0,1.0,1.0,,1.0,1.0,1.0,0.5,fluindione,EVITER,VKORC1,,1.0,1.0
1.0,,,,,1.0,1.0,1.0,1.0,1.0,1.0,1.0,1.0,,1.0,1.0,1.0,,,,1.0,1.0,1.0,,1.0,1.0,1.0,1.0,capecitabine,EVITER,DPYD,,1.0,1.0
1.0,,,,,1.0,1.0,1.0,1.0,1.0,1.0,1.0,1.0,,1.0,1.0,1.0,,,,1.0,1.0,1.0,,1.0,1.0,1.0,1.0,fluorouracil,EVITER,DPYD,,1.0,1.0
1.0,,,,,1.0,1.0,1.0,1.0,1.0,1.0,1.0,1.0,,1.0,1.0,1.0,,,,1.0,1.0,1.0,,1.0,1.0,1.0,1.0,tegafur,EVITER,DPYD,,1.0,1.0
1.0,,,,,1.0,1.0,1.0,1.0,1.0,1.0,1.0,1.0,,1.0,1.0,1.0,,,,1.0,1.0,1.0,,0.0,1.0,1.0,1.0,atorvastatin,EVITER,SLCO1B1,,1.0,1.0
1.0,,,,,1.0,1.0,1.0,1.0,1.0,1.0,1.0,1.0,,1.0,1.0,0.0,,,,1.0,1.0,1.0,,1.0,1.0,1.0,1.0,flucloxacillin,EVITER,HLA-B,,1.0,1.0
1.0,,,,,1.0,0.0,1.0,1.0,1.0,1.0,1.0,1.0,,1.0,1.0,1.0,,,,1.0,1.0,1.0,,1.0,1.0,1.0,1.0,dexlansoprazole,ADAPTER_DOSE,CYP2C19,,1.0,1.0
1.0,,,,,1.0,1.0,0.0,1.0,1.0,1.0,1.0,1.0,,1.0,1.0,1.0,,,,1.0,1.0,1.0,,1.0,1.0,1.0,1.0,meloxicam,EVITER,CYP2C9,,1.0,1.0
1.0,,,,,1.0,1.0,1.0,1.0,1.0,1.0,1.0,1.0,,1.0,1.0,1.0,,,,1.0,1.0,1.0,,1.0,1.0,1.0,1.0,tacrolimus,ADAPTER_DOSE,CYP3A5,,1.0,1.0
1.0,,,,,1.0,1.0,1.0,1.0,1.0,1.0,1.0,1.0,,1.0,1.0,1.0,,,,1.0,0.0,1.0,,1.0,1.0,1.0,1.0,thioguanine,EVITER,NUDT15,,1.0,1.0
1.0,,,,,1.0,1.0,1.0,0.0,1.0,1.0,1.0,1.0,,1.0,1.0,1.0,,,,1.0,1.0,1.0,,1.0,1.0,1.0,1.0,brexpiprazole,ADAPTER_DOSE,CYP2D6,,1.0,1.0
1.0,,,,,1.0,1.0,1.0,1.0,1.0,1.0,1.0,1.0,,1.0,1.0,1.0,,,,1.0,1.0,1.0,,0.0,1.0,1.0,1.0,pitavastatin,EVITER,SLCO1B1,,1.0,1.0
1.0,,,,,1.0,0.5,1.0,1.0,1.0,1.0,1.0,1.0,,1.0,1.0,1.0,,,,1.0,1.0,1.0,,1.0,1.0,1.0,1.0,antidepressants,EVITER,CYP2C19,,1.0,1.0
1.0,,,,,1.0,1.0,1.0,0.5,1.0,1.0,1.0,1.0,,1.0,1.0,1.0,,,,1.0,1.0,1.0,,1.0,1.0,1.0,1.0,antidepressants,EVITER,CYP2D6,,1.0,1.0
1.0,,,,,1.0,1.0,1.0,0.0,1.0,1.0,1.0,1.0,,1.0,1.0,1.0,,,,1.0,1.0,1.0,,1.0,1.0,1.0,1.0,tamoxifen,EVITER,CYP2D6,,1.0,1.0
1.0,,,,,1.0,1.0,1.0,0.0,1.0,1.0,1.0,1.0,,1.0,1.0,1.0,,,,1.0,1.0,1.0,,1.0,1.0,1.0,1.0,fluoxetine,ADAPTER_DOSE,CYP2D6,,1.0,1.0
1.0,,,,,1.0,1.0,0.0,1.0,1.0,1.0,1.0,1.0,,1.0,1.0,1.0,,,,1.0,1.0,1.0,,1.0,1.0,1.0,1.0,fluvastatin,EVITER,CYP2C9,,1.0,1.0
1.0,,,,,1.0,1.0,1.0,1.0,1.0,1.0,1.0,1.0,,1.0,1.0,1.0,,,,1.0,1.0,1.0,,0.0,1.0,1.0,1.0,fluvastatin,EVITER,SLCO1B1,,1.0,1.0
1.0,,,,,1.0,1.0,1.0,0.0,1.0,1.0,1.0,1.0,,1.0,1.0,1.0,,,,1.0,1.0,1.0,,1.0,1.0,1.0,1.0,nortriptyline,EVITER,CYP2D6,,1.0,1.0
1.0,,,,,1.0,2.0,1.0,1.0,1.0,1.0,1.0,1.0,,1.0,1.0,1.0,,,,1.0,1.0,1.0,,1.0,1.0,1.0,1.0,rabeprazole,ADAPTER_DOSE,CYP2C19,,1.0,1.0
1.0,,,,,1.0,1.0,1.0,1.0,1.0,1.0,1.0,1.0,,1.0,1.0,1.0,,,,1.0,1.0,1.0,,1.0,1.0,1.0,1.0,omeprazole,ADAPTER_DOSE,CYP2C19,,1.0,1.0
1.0,,,,,1.0,1.0,1.0,1.0,1.0,1.0,1.0,1.0,,1.0,1.0,1.0,,,,1.0,1.0,1.0,,1.0,1.0,1.0,1.0,oxcarbazepine,EVITER,HLA-B,,1.0,1.0
1.0,,,,,1.0,1.0,1.0,0.5,1.0,1.0,1.0,1.0,,1.0,1.0,1.0,,,,1.0,1.0,1.0,,1.0,1.0,1.0,1.0,sotalol,SURVEILLER,CYP2D6,,1.0,1.0
1.0,,,,,1.0,1.0,0.5,1.0,1.0,1.0,1.0,1.0,,1.0,1.0,1.0,,,,1.0,1.0,1.0,,1.0,1.0,1.0,1.0,tolbutamide,ADAPTER_DOSE,CYP2C9,,1.0,1.0
1.0,,,,,1.0,0.0,1.0,1.0,1.0,1.0,1.0,1.0,,1.0,1.0,1.0,,,,1.0,1.0,1.0,,1.0,1.0,1.0,1.0,voriconazole,EVITER,CYP2C19,,1.0,1.0
1.0,,,,,1.0,0.0,1.0,1.0,1.0,1.0,1.0,1.0,,1.0,1.0,1.0,,,,1.0,1.0,1.0,,1.0,1.0,1.0,1.0,doxepin,EVITER,CYP2C19,,1.0,1.0
1.0,,,,,1.0,1.0,1.0,1.0,0.0,1.0,1.0,1.0,,1.0,1.0,1.0,,,,1.0,1.0,1.0,,1.0,1.0,1.0,1.0,quetiapine,EVITER,CYP3A4,,1.0,1.0
1.0,,,,,1.0,1.0,0.5,1.0,1.0,1.0,1.0,1.0,,1.0,1.0,1.0,,,,1.0,1.0,1.0,,1.0,1.0,1.0,1.0,acenocoumarol,ADAPTER_DOSE,CYP2C9,,1.0,1.0
1.0,,,,,1.0,1.0,1.0,0.5,1.0,1.0,1.0,1.0,,1.0,1.0,1.0,,,,1.0,1.0,1.0,,1.0,1.0,1.0,1.0,atenolol,SURVEILLER,CYP2D6,,1.0,1.0
1.0,,,,,1.0,1.0,1.0,0.0,1.0,1.0,1.0,1.0,,1.0,1.0,1.0,,,,1.0,1.0,1.0,,1.0,1.0,1.0,1.0,methadone,ADAPTER_DOSE,CYP2D6,,1.0,1.0
1.0,,,,,1.0,1.0,1.0,1.0,1.0,1.0,1.0,1.0,,1.0,1.0,1.0,,,,1.0,1.0,1.0,,1.0,1.0,1.0,1.0,dapsone,EVITER,G6PD,,1.0,1.0
1.0,,,,,1.0,1.0,1.0,1.0,1.0,1.0,1.0,1.0,,1.0,1.0,1.0,,,,1.0,1.0,1.0,,1.0,1.0,1.0,1.0,methylene blue,EVITER,G6PD,,1.0,1.0
1.0,,,,,1.0,1.0,1.0,1.0,1.0,1.0,1.0,1.0,,1.0,1.0,1.0,,,,1.0,1.0,1.0,,1.0,1.0,1.0,1.0,pegloticase,EVITER,G6PD,,1.0,1.0
1.0,,,,,1.0,1.0,1.0,1.0,1.0,1.0,1.0,1.0,,1.0,1.0,1.0,,,,1.0,1.0,1.0,,1.0,1.0,1.0,1.0,rasburicase,EVITER,G6PD,,1.0,1.0
1.0,,,,,1.0,1.0,1.0,1.0,1.0,1.0,1.0,1.0,,1.0,1.0,1.0,,,,1.0,1.0,1.0,,1.0,1.0,1.0,1.0,tafenoquine,EVITER,G6PD,,1.0,1.0
1.0,,,,,1.0,1.0,1.0,1.0,1.0,1.0,1.0,1.0,,1.0,1.0,1.0,,,,1.0,1.0,1.0,,1.0,1.0,1.0,1.0,toluidine blue,EVITER,G6PD,,1.0,1.0
1.0,,,,,1.0,1.0,1.0,0.5,1.0,1.0,1.0,1.0,,1.0,1.0,1.0,,,,1.0,1.0,1.0,,1.0,1.0,1.0,1.0,fluvoxamine,STANDARD,CYP2D6,,1.0,1.0
1.0,,,,,1.0,1.0,0.0,1.0,1.0,1.0,1.0,1.0,,1.0,1.0,1.0,,,,1.0,1.0,1.0,,1.0,1.0,1.0,1.0,celecoxib,EVITER,CYP2C9,,1.0,1.0
1.0,,,,,1.0,1.0,0.0,1.0,1.0,1.0,1.0,1.0,,1.0,1.0,1.0,,,,1.0,1.0,1.0,,1.0,1.0,1.0,1.0,flurbiprofen,EVITER,CYP2C9,,1.0,1.0
1.0,,,,,1.0,1.0,0.0,1.0,1.0,1.0,1.0,1.0,,1.0,1.0,1.0,,,,1.0,1.0,1.0,,1.0,1.0,1.0,1.0,ibuprofen,EVITER,CYP2C9,,1.0,1.0
1.0,,,,,1.0,1.0,0.0,1.0,1.0,1.0,1.0,1.0,,1.0,1.0,1.0,,,,1.0,1.0,1.0,,1.0,1.0,1.0,1.0,lornoxicam,EVITER,CYP2C9,,1.0,1.0
1.0,,,,,1.0,1.0,1.0,0.5,1.0,1.0,1.0,1.0,,1.0,1.0,1.0,,,,1.0,1.0,1.0,,1.0,1.0,1.0,1.0,fluoxetine,ADAPTER_DOSE,CYP2D6,,1.0,1.0
1.0,,,,,1.0,0.0,1.0,1.0,1.0,1.0,1.0,1.0,,1.0,1.0,1.0,,,,1.0,1.0,1.0,,1.0,1.0,1.0,1.0,lansoprazole,ADAPTER_DOSE,CYP2C19,,1.0,1.0
1.0,,,,,1.0,0.0,1.0,1.0,1.0,1.0,1.0,1.0,,1.0,1.0,1.0,,,,1.0,1.0,1.0,,1.0,1.0,1.0,1.0,omeprazole,ADAPTER_DOSE,CYP2C19,,1.0,1.0
1.0,,,,,1.0,0.0,1.0,1.0,1.0,1.0,1.0,1.0,,1.0,1.0,1.0,,,,1.0,1.0,1.0,,1.0,1.0,1.0,1.0,pantoprazole,ADAPTER_DOSE,CYP2C19,,1.0,1.0
1.0,,,,,1.0,1.0,1.0,0.5,1.0,1.0,1.0,1.0,,1.0,1.0,1.0,,,,1.0,1.0,1.0,,1.0,1.0,1.0,1.0,citalopram,STANDARD,CYP2D6,,1.0,1.0
1.0,,,,,1.0,1.0,1.0,0.5,1.0,1.0,1.0,1.0,,1.0,1.0,1.0,,,,1.0,1.0,1.0,,1.0,1.0,1.0,1.0,escitalopram,STANDARD,CYP2D6,,1.0,1.0
0.0,,,,,1.0,1.0,1.0,1.0,1.0,1.0,1.0,1.0,,1.0,1.0,1.0,,,,1.0,1.0,1.0,,1.0,1.0,1.0,1.0,atorvastatin,EVITER,ABCG2,,1.0,1.0
0.0,,,,,1.0,1.0,1.0,1.0,1.0,1.0,1.0,1.0,,1.0,1.0,1.0,,,,1.0,1.0,1.0,,1.0,1.0,1.0,1.0,fluvastatin,EVITER,ABCG2,,1.0,1.0
0.0,,,,,1.0,1.0,1.0,1.0,1.0,1.0,1.0,1.0,,1.0,1.0,1.0,,,,1.0,1.0,1.0,,1.0,1.0,1.0,1.0,lovastatin,EVITER,ABCG2,,1.0,1.0
0.0,,,,,1.0,1.0,1.0,1.0,1.0,1.0,1.0,1.0,,1.0,1.0,1.0,,,,1.0,1.0,1.0,,1.0,1.0,1.0,1.0,pitavastatin,EVITER,ABCG2,,1.0,1.0
0.0,,,,,1.0,1.0,1.0,1.0,1.0,1.0,1.0,1.0,,1.0,1.0,1.0,,,,1.0,1.0,1.0,,1.0,1.0,1.0,1.0,pravastatin,EVITER,ABCG2,,1.0,1.0
0.0,,,,,1.0,1.0,1.0,1.0,1.0,1.0,1.0,1.0,,1.0,1.0,1.0,,,,1.0,1.0,1.0,,1.0,1.0,1.0,1.0,simvastatin,EVITER,ABCG2,,1.0,1.0
1.0,,,,,1.0,1.0,1.0,0.0,1.0,1.0,1.0,1.0,,1.0,1.0,1.0,,,,1.0,1.0,1.0,,1.0,1.0,1.0,1.0,aripiprazole,ADAPTER_DOSE,CYP2D6,,1.0,1.0
1.0,,,,,1.0,1.0,1.0,1.0,1.0,1.0,1.0,1.0,,1.0,1.0,1.0,,,,1.0,0.0,1.0,,1.0,1.0,1.0,1.0,mercaptopurine,EVITER,NUDT15,,1.0,1.0
1.0,,,,,1.0,0.0,1.0,1.0,1.0,1.0,1.0,1.0,,1.0,1.0,1.0,,,,1.0,1.0,1.0,,1.0,1.0,1.0,1.0,escitalopram,EVITER,CYP2C19,,1.0,1.0
1.0,,,,,1.0,1.0,1.0,0.5,1.0,1.0,1.0,1.0,,1.0,1.0,1.0,,,,1.0,1.0,1.0,,1.0,1.0,1.0,1.0,duloxetine,SURVEILLER,CYP2D6,,1.0,1.0
1.0,,,,,1.0,0.0,1.0,1.0,1.0,1.0,1.0,1.0,,1.0,1.0,1.0,,,,1.0,1.0,1.0,,1.0,1.0,1.0,1.0,esomeprazole,ADAPTER_DOSE,CYP2C19,,1.0,1.0
1.0,,,,,0.0,1.0,1.0,1.0,1.0,1.0,1.0,1.0,,1.0,1.0,1.0,,,,1.0,1.0,1.0,,1.0,1.0,1.0,1.0,sertraline,EVITER,CYP2B6,,1.0,1.0
1.0,,,,,1.0,0.0,1.0,1.0,1.0,1.0,1.0,1.0,,1.0,1.0,1.0,,,,1.0,1.0,1.0,,1.0,1.0,1.0,1.0,sertraline,EVITER,CYP2C19,,1.0,1.0
1.0,,,,,1.0,1.0,1.0,0.0,1.0,1.0,1.0,1.0,,1.0,1.0,1.0,,,,1.0,1.0,1.0,,1.0,1.0,1.0,1.0,amitriptyline,EVITER,CYP2D6,,1.0,1.0
1.0,,,,,1.0,1.0,0.0,1.0,1.0,1.0,1.0,1.0,,1.0,1.0,1.0,,,,1.0,1.0,1.0,,1.0,1.0,1.0,1.0,piroxicam,EVITER,CYP2C9,,1.0,1.0
1.0,,,,,1.0,1.0,0.0,1.0,1.0,1.0,1.0,1.0,,1.0,1.0,1.0,,,,1.0,1.0,1.0,,1.0,1.0,1.0,1.0,tenoxicam,EVITER,CYP2C9,,1.0,1.0
1.0,,,,,1.0,0.5,1.0,1.0,1.0,1.0,1.0,1.0,,1.0,1.0,1.0,,,,1.0,1.0,1.0,,1.0,1.0,1.0,1.0,prasugrel,SURVEILLER,CYP2C19,,1.0,1.0
1.0,,,,,1.0,1.0,1.0,0.0,1.0,1.0,1.0,1.0,,1.0,1.0,1.0,,,,1.0,1.0,1.0,,1.0,1.0,1.0,1.0,pimozide,ADAPTER_DOSE,CYP2D6,,1.0,1.0
1.0,,,,,1.0,1.0,1.0,1.0,1.0,1.0,1.0,1.0,,1.0,1.0,1.0,,,,1.0,1.0,1.0,,1.0,1.0,1.0,1.0,acenocoumarol,ADAPTER_DOSE,VKORC1,,1.0,1.0
1.0,,,,,1.0,1.0,1.0,0.0,1.0,1.0,1.0,1.0,,1.0,1.0,1.0,,,,1.0,1.0,1.0,,1.0,1.0,1.0,1.0,vortioxetine,EVITER,CYP2D6,,1.0,1.0
1.0,,,,,1.0,1.0,0.5,1.0,1.0,1.0,1.0,1.0,,1.0,1.0,1.0,,,,1.0,1.0,1.0,,1.0,1.0,1.0,1.0,glimepiride,ADAPTER_DOSE,CYP2C9,,1.0,1.0
1.0,,,,,1.0,1.0,1.0,1.0,1.0,1.0,1.0,1.0,,1.0,1.0,1.0,,,,1.0,1.0,1.0,,0.5,1.0,1.0,1.0,simvastatin,EVITER,SLCO1B1,,1.0,1.0
1.0,,,,,1.0,1.0,1.0,1.0,1.0,0.0,1.0,1.0,,1.0,1.0,1.0,,,,1.0,1.0,1.0,,1.0,1.0,1.0,1.0,tacrolimus,EVITER,CYP3A5,,1.0,1.0
1.0,,,,,1.0,0.0,1.0,1.0,1.0,1.0,1.0,1.0,,1.0,1.0,1.0,,,,1.0,1.0,1.0,,1.0,1.0,1.0,1.0,sertraline,ADAPTER_DOSE,CYP2C19,,1.0,1.0
1.0,,,,,1.0,1.0,1.0,0.0,1.0,1.0,1.0,1.0,,1.0,1.0,1.0,,,,1.0,1.0,1.0,,1.0,1.0,1.0,1.0,tramadol,EVITER,CYP2D6,,1.0,1.0
1.0,,,,,1.0,0.0,1.0,1.0,1.0,1.0,1.0,1.0,,1.0,1.0,1.0,,,,1.0,1.0,1.0,,1.0,1.0,1.0,1.0,citalopram,EVITER,CYP2C19,,1.0,1.0
1.0,,,,,1.0,1.0,1.0,0.0,1.0,1.0,1.0,1.0,,1.0,1.0,1.0,,,,1.0,1.0,1.0,,1.0,1.0,1.0,1.0,flecainide,EVITER,CYP2D6,,1.0,1.0
1.0,,,,,1.0,1.0,1.0,0.5,1.0,1.0,1.0,1.0,,1.0,1.0,1.0,,,,1.0,1.0,1.0,,1.0,1.0,1.0,1.0,carvedilol,ADAPTER_DOSE,CYP2D6,,1.0,1.0
1.0,,,,,1.0,0.0,1.0,1.0,1.0,1.0,1.0,1.0,,1.0,1.0,1.0,,,,1.0,1.0,1.0,,1.0,1.0,1.0,1.0,amitriptyline,EVITER,CYP2C19,,1.0,1.0
1.0,,,,,1.0,1.0,1.0,0.5,1.0,1.0,1.0,1.0,,1.0,1.0,1.0,,,,1.0,1.0,1.0,,1.0,1.0,1.0,1.0,disopyramide,SURVEILLER,CYP2D6,,1.0,1.0
1.0,,,,,1.0,1.0,1.0,1.0,1.0,1.0,1.0,1.0,,1.0,1.0,1.0,,,,1.0,1.0,1.0,,1.0,1.0,1.0,1.0,carbamazepine,EVITER,HLA-A,,1.0,1.0
1.0,,,,,1.0,1.0,1.0,1.0,1.0,1.0,1.0,1.0,,1.0,1.0,1.0,,,,1.0,1.0,1.0,,0.5,1.0,1.0,1.0,methotrexate,ADAPTER_DOSE,SLCO1B1,,1.0,1.0
1.0,,,,,1.0,1.0,1.0,1.0,1.0,1.0,1.0,1.0,,1.0,1.0,1.0,,,,1.0,1.0,1.0,,0.5,1.0,1.0,1.0,fluvastatin,ADAPTER_DOSE,SLCO1B1,,1.0,1.0
1.0,,,,,1.0,1.0,1.0,1.0,1.0,1.0,1.0,1.0,,1.0,1.0,1.0,,,,1.0,1.0,1.0,,0.5,1.0,1.0,1.0,atorvastatin,EVITER,SLCO1B1,,1.0,1.0
1.0,,,,,1.0,0.0,1.0,1.0,1.0,1.0,1.0,1.0,,1.0,1.0,1.0,,,,1.0,1.0,1.0,,1.0,1.0,1.0,1.0,voriconazole,ADAPTER_DOSE,CYP2C19,,1.0,1.0
1.0,,,,,1.0,0.5,1.0,1.0,1.0,1.0,1.0,1.0,,1.0,1.0,1.0,,,,1.0,1.0,1.0,,1.0,1.0,1.0,1.0,mirtazapine,ADAPTER_DOSE,CYP2C19,,1.0,1.0
1.0,,,,,1.0,1.0,1.0,0.5,1.0,1.0,1.0,1.0,,1.0,1.0,1.0,,,,1.0,1.0,1.0,,1.0,1.0,1.0,1.0,mirtazapine,ADAPTER_DOSE,CYP2D6,,1.0,1.0
1.0,,,,,1.0,1.0,1.0,1.0,1.0,1.0,1.0,1.0,,1.0,1.0,1.0,,,,1.0,1.0,1.0,,1.0,1.0,1.0,1.0,moclobemide,ADAPTER_DOSE,CYP2C19,,1.0,1.0
1.0,,,,,1.0,0.5,1.0,1.0,1.0,1.0,1.0,1.0,,1.0,1.0,1.0,,,,1.0,1.0,1.0,,1.0,1.0,1.0,1.0,fluvoxamine,SURVEILLER,CYP2C19,,1.0,1.0
1.0,,,,,1.0,1.0,1.0,1.0,1.0,1.0,1.0,1.0,,1.0,1.0,1.0,,,,1.0,1.0,1.0,,0.0,1.0,1.0,1.0,lovastatin,EVITER,SLCO1B1,,1.0,1.0
1.0,,,,,1.0,1.0,1.0,1.0,1.0,1.0,1.0,1.0,,1.0,1.0,1.0,,,,1.0,0.0,1.0,,1.0,1.0,1.0,1.0,thioguanine,ADAPTER_DOSE,NUDT15,,1.0,1.0
1.0,,,,,1.0,1.0,1.0,1.0,1.0,1.0,1.0,1.0,,1.0,1.0,1.0,,,,1.0,1.0,1.0,,1.0,0.0,1.0,1.0,thioguanine,ADAPTER_DOSE,TPMT,,1.0,1.0
1.0,,,,,1.0,1.0,1.0,1.0,1.0,1.0,1.0,1.0,,1.0,1.0,1.0,,,,1.0,1.0,1.0,,1.0,1.0,1.0,1.0,aminosalicylic acid,EVITER,G6PD,,1.0,1.0
1.0,,,,,1.0,1.0,1.0,1.0,1.0,1.0,1.0,1.0,,1.0,1.0,1.0,,,,1.0,1.0,1.0,,1.0,1.0,1.0,1.0,chloramphenicol,EVITER,G6PD,,1.0,1.0
1.0,,,,,1.0,1.0,1.0,1.0,1.0,1.0,1.0,1.0,,1.0,1.0,1.0,,,,1.0,1.0,1.0,,1.0,1.0,1.0,1.0,chloroquine,EVITER,G6PD,,1.0,1.0
1.0,,,,,1.0,1.0,1.0,1.0,1.0,1.0,1.0,1.0,,1.0,1.0,1.0,,,,1.0,1.0,1.0,,1.0,1.0,1.0,1.0,ciprofloxacin,EVITER,G6PD,,1.0,1.0
1.0,,,,,1.0,1.0,1.0,1.0,1.0,1.0,1.0,1.0,,1.0,1.0,1.0,,,,1.0,1.0,1.0,,1.0,1.0,1.0,1.0,dimercaprol,EVITER,G6PD,,1.0,1.0
1.0,,,,,1.0,1.0,1.0,1.0,1.0,1.0,1.0,1.0,,1.0,1.0,1.0,,,,1.0,1.0,1.0,,1.0,1.0,1.0,1.0,doxorubicin,EVITER,G6PD,,1.0,1.0
1.0,,,,,1.0,1.0,1.0,1.0,1.0,1.0,1.0,1.0,,1.0,1.0,1.0,,,,1.0,1.0,1.0,,1.0,1.0,1.0,1.0,furazolidone,EVITER,G6PD,,1.0,1.0
1.0,,,,,1.0,1.0,1.0,1.0,1.0,1.0,1.0,1.0,,1.0,1.0,1.0,,,,1.0,1.0,1.0,,1.0,1.0,1.0,1.0,glyburide,EVITER,G6PD,,1.0,1.0
1.0,,,,,1.0,1.0,1.0,1.0,1.0,1.0,1.0,1.0,,1.0,1.0,1.0,,,,1.0,1.0,1.0,,1.0,1.0,1.0,1.0,hydroxychloroquine,EVITER,G6PD,,1.0,1.0
1.0,,,,,1.0,1.0,1.0,1.0,1.0,1.0,1.0,1.0,,1.0,1.0,1.0,,,,1.0,1.0,1.0,,1.0,1.0,1.0,1.0,mafenide,EVITER,G6PD,,1.0,1.0
1.0,,,,,1.0,1.0,1.0,1.0,1.0,1.0,1.0,1.0,,1.0,1.0,1.0,,,,1.0,1.0,1.0,,1.0,1.0,1.0,1.0,nalidixic acid,EVITER,G6PD,,1.0,1.0
1.0,,,,,1.0,1.0,1.0,1.0,1.0,1.0,1.0,1.0,,1.0,1.0,1.0,,,,1.0,1.0,1.0,,1.0,1.0,1.0,1.0,norfloxacin,EVITER,G6PD,,1.0,1.0
1.0,,,,,1.0,1.0,1.0,1.0,1.0,1.0,1.0,1.0,,1.0,1.0,1.0,,,,1.0,1.0,1.0,,1.0,1.0,1.0,1.0,ofloxacin,EVITER,G6PD,,1.0,1.0
1.0,,,,,1.0,1.0,1.0,1.0,1.0,1.0,1.0,1.0,,1.0,1.0,1.0,,,,1.0,1.0,1.0,,1.0,1.0,1.0,1.0,phenazopyridine,EVITER,G6PD,,1.0,1.0
1.0,,,,,1.0,1.0,1.0,1.0,1.0,1.0,1.0,1.0,,1.0,1.0,1.0,,,,1.0,1.0,1.0,,1.0,1.0,1.0,1.0,quinine,EVITER,G6PD,,1.0,1.0
1.0,,,,,1.0,1.0,1.0,1.0,1.0,1.0,1.0,1.0,,1.0,1.0,1.0,,,,1.0,1.0,1.0,,1.0,1.0,1.0,1.0,sulfadiazine,EVITER,G6PD,,1.0,1.0
1.0,,,,,1.0,1.0,1.0,1.0,1.0,1.0,1.0,1.0,,1.0,1.0,1.0,,,,1.0,1.0,1.0,,1.0,1.0,1.0,1.0,sulfamethazine,EVITER,G6PD,,1.0,1.0
1.0,,,,,1.0,1.0,1.0,1.0,1.0,1.0,1.0,1.0,,1.0,1.0,1.0,,,,1.0,1.0,1.0,,1.0,1.0,1.0,1.0,sulfamethoxazole,EVITER,G6PD,,1.0,1.0
1.0,,,,,1.0,1.0,1.0,1.0,1.0,1.0,1.0,1.0,,1.0,1.0,1.0,,,,1.0,1.0,1.0,,1.0,1.0,1.0,1.0,sulfamethoxazole / trimethoprim,EVITER,G6PD,,1.0,1.0
1.0,,,,,1.0,1.0,1.0,1.0,1.0,1.0,1.0,1.0,,1.0,1.0,1.0,,,,1.0,1.0,1.0,,1.0,1.0,1.0,1.0,sulfanilamide,EVITER,G6PD,,1.0,1.0
1.0,,,,,1.0,1.0,1.0,1.0,1.0,1.0,1.0,1.0,,1.0,1.0,1.0,,,,1.0,1.0,1.0,,1.0,1.0,1.0,1.0,sulfasalazine,EVITER,G6PD,,1.0,1.0
1.0,,,,,1.0,1.0,1.0,1.0,1.0,1.0,1.0,1.0,,1.0,1.0,1.0,,,,1.0,1.0,1.0,,1.0,1.0,1.0,1.0,sulfisoxazole,EVITER,G6PD,,1.0,1.0
1.0,,,,,1.0,1.0,1.0,1.0,1.0,1.0,1.0,1.0,,1.0,1.0,1.0,,,,1.0,1.0,1.0,,1.0,1.0,1.0,1.0,tolbutamide,EVITER,G6PD,,1.0,1.0
1.0,,,,,1.0,1.0,1.0,1.0,1.0,1.0,1.0,1.0,,1.0,1.0,1.0,,,,1.0,1.0,1.0,,1.0,1.0,1.0,1.0,vitamin c,EVITER,G6PD,,1.0,1.0
1.0,,,,,1.0,1.0,1.0,1.0,1.0,1.0,1.0,1.0,,1.0,1.0,1.0,,,,1.0,1.0,1.0,,1.0,1.0,1.0,1.0,vitamin k and analogues,EVITER,G6PD,,1.0,1.0
1.0,,,,,1.0,1.0,1.0,1.0,1.0,1.0,1.0,1.0,,1.0,1.0,1.0,,,,1.0,1.0,1.0,,1.0,1.0,1.0,1.0,olanzapine,SURVEILLER,CYP1A2,,1.0,0.5
1.0,,,,,1.0,1.0,1.0,1.0,1.0,1.0,1.0,1.0,,1.0,1.0,1.0,,,,1.0,1.0,1.0,,1.0,1.0,1.0,1.0,phenprocoumon,ADAPTER_DOSE,CYP2C9,,1.0,1.0
1.0,,,,,1.0,1.0,0.0,1.0,1.0,1.0,1.0,1.0,,1.0,1.0,1.0,,,,1.0,1.0,1.0,,1.0,1.0,1.0,1.0,siponimod,EVITER,CYP2C9,,1.0,1.0
1.0,,,,,1.0,0.0,1.0,1.0,1.0,1.0,1.0,1.0,,1.0,1.0,1.0,,,,1.0,1.0,1.0,,1.0,1.0,1.0,1.0,trimipramine,EVITER,CYP2C19,,1.0,1.0
1.0,,,,,1.0,1.0,1.0,0.0,1.0,1.0,1.0,1.0,,1.0,1.0,1.0,,,,1.0,1.0,1.0,,1.0,1.0,1.0,1.0,trimipramine,EVITER,CYP2D6,,1.0,1.0
1.0,,,,,1.0,1.0,1.0,1.0,0.5,1.0,1.0,1.0,,1.0,1.0,1.0,,,,1.0,1.0,1.0,,1.0,1.0,1.0,1.0,paclitaxel,STANDARD,CYP3A4,,1.0,1.0
1.0,,,,,1.0,0.5,1.0,1.0,1.0,1.0,1.0,1.0,,1.0,1.0,1.0,,,,1.0,1.0,1.0,,1.0,1.0,1.0,1.0,ticagrelor,SURVEILLER,CYP2C19,,1.0,1.0
1.0,,,,,1.0,1.0,1.0,0.5,1.0,1.0,1.0,1.0,,1.0,1.0,1.0,,,,1.0,1.0,1.0,,1.0,1.0,1.0,1.0,sertraline,STANDARD,CYP2D6,,1.0,1.0
1.0,,,,,1.0,1.0,1.0,1.0,1.0,1.0,1.0,0.5,,1.0,1.0,1.0,,,,1.0,1.0,1.0,,1.0,1.0,1.0,1.0,flucytosine,EVITER,DPYD,,1.0,1.0
1.0,,,,,1.0,0.0,1.0,1.0,1.0,1.0,1.0,1.0,,1.0,1.0,1.0,,,,1.0,1.0,1.0,,1.0,1.0,1.0,1.0,mavacamten,ADAPTER_DOSE,CYP2C19,,1.0,1.0
1.0,,,,,1.0,1.0,1.0,1.0,1.0,1.0,1.0,1.0,,1.0,1.0,1.0,,,,1.0,1.0,1.0,,1.0,1.0,0.0,1.0,atazanavir,EVITER,UGT1A1,,1.0,1.0
1.0,,,,,1.0,1.0,0.5,1.0,1.0,1.0,1.0,1.0,,1.0,1.0,1.0,,,,1.0,1.0,1.0,,1.0,1.0,1.0,1.0,glyburide,ADAPTER_DOSE,CYP2C9,,1.0,1.0
1.0,,,,,1.0,1.0,1.0,1.0,1.0,1.0,1.0,1.0,,1.0,1.0,1.0,,,,1.0,1.0,1.0,,1.0,1.0,1.0,1.0,trametinib,ADAPTER_DOSE,CYP2C19,,1.0,1.0
1.0,,,,,1.0,1.0,1.0,0.0,1.0,1.0,1.0,1.0,,1.0,1.0,1.0,,,,1.0,1.0,1.0,,1.0,1.0,1.0,1.0,tamsulosin hydrochloride,ADAPTER_DOSE,CYP2D6,,1.0,1.0
1.0,,,,,1.0,1.0,1.0,1.0,0.0,1.0,1.0,1.0,,1.0,1.0,1.0,,,,1.0,1.0,1.0,,1.0,1.0,1.0,1.0,tamsulosin hydrochloride,ADAPTER_DOSE,CYP3A4,,1.0,1.0
1.0,,,,,1.0,0.0,1.0,1.0,1.0,1.0,1.0,1.0,,1.0,1.0,1.0,,,,1.0,1.0,1.0,,1.0,1.0,1.0,1.0,lacosamide,ADAPTER_DOSE,CYP2C19,,1.0,1.0
1.0,,,,,1.0,1.0,0.0,1.0,1.0,1.0,1.0,1.0,,1.0,1.0,1.0,,,,1.0,1.0,1.0,,1.0,1.0,1.0,1.0,lacosamide,ADAPTER_DOSE,CYP2C9,,1.0,1.0
1.0,,,,,1.0,1.0,1.0,1.0,1.0,1.0,1.0,1.0,,1.0,1.0,1.0,,,,1.0,1.0,1.0,,1.0,1.0,1.0,1.0,lacosamide,ADAPTER_DOSE,CYP1A2,,1.0,0.0
1.0,,,,,1.0,1.0,1.0,1.0,0.0,1.0,1.0,1.0,,1.0,1.0,1.0,,,,1.0,1.0,1.0,,1.0,1.0,1.0,1.0,lacosamide,ADAPTER_DOSE,CYP3A4,,1.0,1.0
1.0,,,,,1.0,1.0,1.0,1.0,1.0,1.0,1.0,1.0,,1.0,1.0,1.0,,,,1.0,1.0,1.0,,1.0,1.0,1.0,1.0,olanzapine,EVITER,CYP2C19,,1.0,1.0
1.0,,,,,1.0,1.0,1.0,0.5,1.0,1.0,1.0,1.0,,1.0,1.0,1.0,,,,1.0,1.0,1.0,,1.0,1.0,1.0,1.0,ondansetron hydrochloride,ADAPTER_DOSE,CYP2D6,,1.0,1.0
1.0,,,,,1.0,1.0,1.0,1.0,1.0,1.0,1.0,1.0,,1.0,1.0,1.0,,,,1.0,1.0,1.0,,1.0,1.0,1.0,1.0,ondansetron hydrochloride,ADAPTER_DOSE,CYP1A2,,1.0,0.5
1.0,,,,,1.0,1.0,1.0,1.0,0.5,1.0,1.0,1.0,,1.0,1.0,1.0,,,,1.0,1.0,1.0,,1.0,1.0,1.0,1.0,ondansetron hydrochloride,ADAPTER_DOSE,CYP3A4,,1.0,1.0
1.0,,,,,1.0,1.0,1.0,1.0,1.0,1.0,1.0,1.0,,1.0,1.0,1.0,,,,1.0,1.0,1.0,,1.0,1.0,1.0,1.0,bupropion hydrochloride,EVITER,CYP2D6,,1.0,1.0
1.0,,,,,1.0,1.0,1.0,1.0,1.0,1.0,1.0,1.0,,1.0,1.0,1.0,,,,1.0,1.0,1.0,,1.0,1.0,1.0,1.0,lorlatinib,EVITER,CYP2C19,,1.0,1.0
1.0,,,,,1.0,1.0,1.0,1.0,1.0,1.0,1.0,1.0,,1.0,1.0,1.0,,,,1.0,1.0,1.0,,1.0,1.0,1.0,1.0,allopurinol,EVITER,HLA-B,,1.0,1.0
1.0,,,,,1.0,0.0,1.0,1.0,1.0,1.0,1.0,1.0,,1.0,1.0,1.0,,,,1.0,1.0,1.0,,1.0,1.0,1.0,1.0,tocilizumab,EVITER,CYP2C19,,1.0,1.0
1.0,,,,,1.0,1.0,1.0,0.0,1.0,1.0,1.0,1.0,,1.0,1.0,1.0,,,,1.0,1.0,1.0,,1.0,1.0,1.0,1.0,tocilizumab,EVITER,CYP2D6,,1.0,1.0
1.0,,,,,1.0,1.0,0.0,1.0,1.0,1.0,1.0,1.0,,1.0,1.0,1.0,,,,1.0,1.0,1.0,,1.0,1.0,1.0,1.0,tocilizumab,EVITER,CYP2C9,,1.0,1.0
1.0,,,,,0.0,1.0,1.0,1.0,1.0,1.0,1.0,1.0,,1.0,1.0,1.0,,,,1.0,1.0,1.0,,1.0,1.0,1.0,1.0,tocilizumab,EVITER,CYP2B6,,1.0,1.0
1.0,,,,,1.0,1.0,1.0,1.0,1.0,1.0,1.0,1.0,,1.0,1.0,1.0,,,,1.0,1.0,1.0,,1.0,1.0,1.0,1.0,tocilizumab,EVITER,CYP1A2,,1.0,0.0
1.0,,,,,1.0,1.0,1.0,1.0,0.0,1.0,1.0,1.0,,1.0,1.0,1.0,,,,1.0,1.0,1.0,,1.0,1.0,1.0,1.0,tocilizumab,EVITER,CYP3A4,,1.0,1.0
1.0,,,,,1.0,1.0,1.0,1.0,1.0,1.0,1.0,1.0,,1.0,1.0,1.0,,,,1.0,1.0,1.0,,1.0,1.0,1.0,1.0,pramipexole dihydrochloride,ADAPTER_DOSE,CYP2C19,,1.0,1.0
1.0,,,,,1.0,1.0,1.0,1.0,1.0,1.0,1.0,1.0,,1.0,1.0,1.0,,,,1.0,1.0,1.0,,1.0,1.0,1.0,1.0,leflunomide,ADAPTER_DOSE,CYP2C19,,1.0,1.0
1.0,,,,,1.0,1.0,1.0,1.0,1.0,1.0,1.0,1.0,,1.0,1.0,1.0,,,,1.0,1.0,1.0,,1.0,1.0,1.0,1.0,ziprasidone,ADAPTER_DOSE,CYP2C19,,1.0,1.0
1.0,,,,,1.0,0.0,1.0,1.0,1.0,1.0,1.0,1.0,,1.0,1.0,1.0,,,,1.0,1.0,1.0,,1.0,1.0,1.0,1.0,clopidogrel bisulfate,EVITER,CYP2C19,,1.0,1.0
1.0,,,,,1.0,1.0,0.0,1.0,1.0,1.0,1.0,1.0,,1.0,1.0,1.0,,,,1.0,1.0,1.0,,1.0,1.0,1.0,1.0,clopidogrel bisulfate,EVITER,CYP2C9,,1.0,1.0
1.0,,,,,0.0,1.0,1.0,1.0,1.0,1.0,1.0,1.0,,1.0,1.0,1.0,,,,1.0,1.0,1.0,,1.0,1.0,1.0,1.0,clopidogrel bisulfate,EVITER,CYP2B6,,1.0,1.0
1.0,,,,,1.0,1.0,1.0,1.0,1.0,1.0,1.0,1.0,,1.0,1.0,1.0,,,,1.0,1.0,1.0,,1.0,1.0,1.0,1.0,clopidogrel bisulfate,EVITER,CYP1A2,,1.0,0.0
1.0,,,,,1.0,0.0,1.0,1.0,1.0,1.0,1.0,1.0,,1.0,1.0,1.0,,,,1.0,1.0,1.0,,1.0,1.0,1.0,1.0,mirabegron,ADAPTER_DOSE,CYP2C19,,1.0,1.0
1.0,,,,,1.0,1.0,1.0,0.0,1.0,1.0,1.0,1.0,,1.0,1.0,1.0,,,,1.0,1.0,1.0,,1.0,1.0,1.0,1.0,mirabegron,ADAPTER_DOSE,CYP2D6,,1.0,1.0
1.0,,,,,1.0,1.0,0.0,1.0,1.0,1.0,1.0,1.0,,1.0,1.0,1.0,,,,1.0,1.0,1.0,,1.0,1.0,1.0,1.0,mirabegron,ADAPTER_DOSE,CYP2C9,,1.0,1.0
1.0,,,,,0.0,1.0,1.0,1.0,1.0,1.0,1.0,1.0,,1.0,1.0,1.0,,,,1.0,1.0,1.0,,1.0,1.0,1.0,1.0,mirabegron,ADAPTER_DOSE,CYP2B6,,1.0,1.0
1.0,,,,,1.0,1.0,1.0,1.0,1.0,1.0,1.0,1.0,,1.0,1.0,1.0,,,,1.0,1.0,1.0,,1.0,1.0,1.0,1.0,mirabegron,ADAPTER_DOSE,CYP1A2,,1.0,0.0
1.0,,,,,1.0,1.0,1.0,1.0,0.0,1.0,1.0,1.0,,1.0,1.0,1.0,,,,1.0,1.0,1.0,,1.0,1.0,1.0,1.0,mirabegron,ADAPTER_DOSE,CYP3A4,,1.0,1.0
1.0,,,,,1.0,1.0,1.0,1.0,1.0,1.0,1.0,1.0,,1.0,1.0,1.0,,,,1.0,1.0,1.0,,1.0,1.0,1.0,1.0,azacitidine for,ADAPTER_DOSE,CYP2C19,,1.0,1.0
1.0,,,,,1.0,0.0,1.0,1.0,1.0,1.0,1.0,1.0,,1.0,1.0,1.0,,,,1.0,1.0,1.0,,1.0,1.0,1.0,1.0,esomeprazole magnesium,EVITER,CYP2C19,,1.0,1.0
1.0,,,,,1.0,1.0,1.0,1.0,0.0,1.0,1.0,1.0,,1.0,1.0,1.0,,,,1.0,1.0,1.0,,1.0,1.0,1.0,1.0,esomeprazole magnesium,EVITER,CYP3A4,,1.0,1.0
1.0,,,,,1.0,1.0,1.0,1.0,1.0,1.0,1.0,1.0,,1.0,1.0,1.0,,,,1.0,1.0,1.0,,1.0,1.0,1.0,1.0,sitagliptin and metformin hydrochloride,ADAPTER_DOSE,CYP2C9,,1.0,1.0
1.0,,,,,1.0,1.0,1.0,1.0,1.0,1.0,1.0,1.0,,1.0,1.0,1.0,,,,1.0,1.0,1.0,,1.0,1.0,1.0,1.0,"dextroamphetamine saccharate, amphetamine aspartate, dextroamphetamine sulfate and amphetamine sulfate",EVITER,CYP2D6,,1.0,1.0
1.0,,,,,1.0,1.0,1.0,0.5,1.0,1.0,1.0,1.0,,1.0,1.0,1.0,,,,1.0,1.0,1.0,,1.0,1.0,1.0,1.0,serdexmethylphenidate and dexmethylphenidate,EVITER,CYP2D6,,1.0,1.0
1.0,,,,,1.0,1.0,1.0,1.0,1.0,1.0,1.0,1.0,,1.0,1.0,1.0,,,,1.0,1.0,1.0,,1.0,1.0,1.0,1.0,serdexmethylphenidate and dexmethylphenidate,EVITER,CYP1A2,,1.0,0.5
1.0,,,,,1.0,1.0,1.0,1.0,1.0,1.0,1.0,1.0,,1.0,1.0,1.0,,,,1.0,1.0,1.0,,1.0,1.0,1.0,1.0,fenofibrate,EVITER,CYP2C19,,1.0,1.0
1.0,,,,,1.0,0.5,1.0,1.0,1.0,1.0,1.0,1.0,,1.0,1.0,1.0,,,,1.0,1.0,1.0,,1.0,1.0,1.0,1.0,mirvetuximab soravtansine,ADAPTER_DOSE,CYP2C19,,1.0,1.0
1.0,,,,,1.0,1.0,1.0,0.5,1.0,1.0,1.0,1.0,,1.0,1.0,1.0,,,,1.0,1.0,1.0,,1.0,1.0,1.0,1.0,mirvetuximab soravtansine,ADAPTER_DOSE,CYP2D6,,1.0,1.0
1.0,,,,,1.0,1.0,0.5,1.0,1.0,1.0,1.0,1.0,,1.0,1.0,1.0,,,,1.0,1.0,1.0,,1.0,1.0,1.0,1.0,mirvetuximab soravtansine,ADAPTER_DOSE,CYP2C9,,1.0,1.0
1.0,,,,,0.5,1.0,1.0,1.0,1.0,1.0,1.0,1.0,,1.0,1.0,1.0,,,,1.0,1.0,1.0,,1.0,1.0,1.0,1.0,mirvetuximab soravtansine,ADAPTER_DOSE,CYP2B6,,1.0,1.0
1.0,,,,,1.0,1.0,1.0,1.0,1.0,1.0,1.0,1.0,,1.0,1.0,1.0,,,,1.0,1.0,1.0,,1.0,1.0,1.0,1.0,mirvetuximab soravtansine,ADAPTER_DOSE,CYP1A2,,1.0,0.5
1.0,,,,,1.0,1.0,1.0,1.0,0.5,1.0,1.0,1.0,,1.0,1.0,1.0,,,,1.0,1.0,1.0,,1.0,1.0,1.0,1.0,mirvetuximab soravtansine,ADAPTER_DOSE,CYP3A4,,1.0,1.0
1.0,,,,,1.0,0.5,1.0,1.0,1.0,1.0,1.0,1.0,,1.0,1.0,1.0,,,,1.0,1.0,1.0,,1.0,1.0,1.0,1.0,tadalafil,EVITER,CYP2C19,,1.0,1.0
1.0,,,,,1.0,1.0,1.0,0.5,1.0,1.0,1.0,1.0,,1.0,1.0,1.0,,,,1.0,1.0,1.0,,1.0,1.0,1.0,1.0,tadalafil,EVITER,CYP2D6,,1.0,1.0
1.0,,,,,1.0,1.0,0.5,1.0,1.0,1.0,1.0,1.0,,1.0,1.0,1.0,,,,1.0,1.0,1.0,,1.0,1.0,1.0,1.0,tadalafil,EVITER,CYP2C9,,1.0,1.0
1.0,,,,,1.0,1.0,1.0,1.0,1.0,1.0,1.0,1.0,,1.0,1.0,1.0,,,,1.0,1.0,1.0,,1.0,1.0,1.0,1.0,tadalafil,EVITER,CYP1A2,,1.0,0.5
1.0,,,,,1.0,1.0,1.0,1.0,0.5,1.0,1.0,1.0,,1.0,1.0,1.0,,,,1.0,1.0,1.0,,1.0,1.0,1.0,1.0,tadalafil,EVITER,CYP3A4,,1.0,1.0
1.0,,,,,1.0,1.0,1.0,0.0,1.0,1.0,1.0,1.0,,1.0,1.0,1.0,,,,1.0,1.0,1.0,,1.0,1.0,1.0,1.0,metoprolol tartrate,EVITER,CYP2D6,,1.0,1.0
1.0,,,,,1.0,1.0,1.0,1.0,1.0,1.0,1.0,1.0,,1.0,1.0,1.0,,,,1.0,1.0,1.0,,1.0,1.0,1.0,1.0,celecoxib,EVITER,CYP2D6,,1.0,1.0
1.0,,,,,1.0,1.0,1.0,1.0,1.0,1.0,1.0,1.0,,1.0,1.0,1.0,,,,1.0,1.0,1.0,,1.0,1.0,1.0,1.0,sildenafil citrate,EVITER,CYP2C19,,1.0,1.0
1.0,,,,,1.0,0.0,1.0,1.0,1.0,1.0,1.0,1.0,,1.0,1.0,1.0,,,,1.0,1.0,1.0,,1.0,1.0,1.0,1.0,doxepin hydrochloride,ADAPTER_DOSE,CYP2C19,,1.0,1.0
1.0,,,,,1.0,1.0,1.0,0.0,1.0,1.0,1.0,1.0,,1.0,1.0,1.0,,,,1.0,1.0,1.0,,1.0,1.0,1.0,1.0,doxepin hydrochloride,ADAPTER_DOSE,CYP2D6,,1.0,1.0
1.0,,,,,1.0,1.0,0.0,1.0,1.0,1.0,1.0,1.0,,1.0,1.0,1.0,,,,1.0,1.0,1.0,,1.0,1.0,1.0,1.0,doxepin hydrochloride,ADAPTER_DOSE,CYP2C9,,1.0,1.0
1.0,,,,,1.0,1.0,1.0,1.0,1.0,1.0,1.0,1.0,,1.0,1.0,1.0,,,,1.0,1.0,1.0,,1.0,1.0,1.0,1.0,doxepin hydrochloride,ADAPTER_DOSE,CYP1A2,,1.0,0.0
1.0,,,,,1.0,1.0,1.0,1.0,1.0,1.0,1.0,1.0,,1.0,1.0,1.0,,,,1.0,1.0,1.0,,1.0,1.0,1.0,1.0,ramelteon,ADAPTER_DOSE,CYP2C19,,1.0,1.0
1.0,,,,,1.0,1.0,1.0,1.0,1.0,1.0,1.0,1.0,,1.0,1.0,1.0,,,,1.0,1.0,1.0,,1.0,1.0,1.0,1.0,pregabalin,ADAPTER_DOSE,CYP2C19,,1.0,1.0
1.0,,,,,1.0,1.0,1.0,0.0,1.0,1.0,1.0,1.0,,1.0,1.0,1.0,,,,1.0,1.0,1.0,,1.0,1.0,1.0,1.0,carvedilol,EVITER,CYP2D6,,1.0,1.0
1.0,,,,,1.0,1.0,0.0,1.0,1.0,1.0,1.0,1.0,,1.0,1.0,1.0,,,,1.0,1.0,1.0,,1.0,1.0,1.0,1.0,carvedilol,EVITER,CYP2C9,,1.0,1.0
1.0,,,,,1.0,1.0,1.0,1.0,0.0,1.0,1.0,1.0,,1.0,1.0,1.0,,,,1.0,1.0,1.0,,1.0,1.0,1.0,1.0,carvedilol,EVITER,CYP3A4,,1.0,1.0
1.0,,,,,1.0,0.5,1.0,1.0,1.0,1.0,1.0,1.0,,1.0,1.0,1.0,,,,1.0,1.0,1.0,,1.0,1.0,1.0,1.0,metaxalone,ADAPTER_DOSE,CYP2C19,,1.0,1.0
1.0,,,,,1.0,1.0,1.0,0.5,1.0,1.0,1.0,1.0,,1.0,1.0,1.0,,,,1.0,1.0,1.0,,1.0,1.0,1.0,1.0,metaxalone,ADAPTER_DOSE,CYP2D6,,1.0,1.0
1.0,,,,,1.0,1.0,0.5,1.0,1.0,1.0,1.0,1.0,,1.0,1.0,1.0,,,,1.0,1.0,1.0,,1.0,1.0,1.0,1.0,metaxalone,ADAPTER_DOSE,CYP2C9,,1.0,1.0
1.0,,,,,0.5,1.0,1.0,1.0,1.0,1.0,1.0,1.0,,1.0,1.0,1.0,,,,1.0,1.0,1.0,,1.0,1.0,1.0,1.0,metaxalone,ADAPTER_DOSE,CYP2B6,,1.0,1.0
1.0,,,,,1.0,1.0,1.0,1.0,1.0,1.0,1.0,1.0,,1.0,1.0,1.0,,,,1.0,1.0,1.0,,1.0,1.0,1.0,1.0,metaxalone,ADAPTER_DOSE,CYP2A6,,0.5,1.0
1.0,,,,,1.0,1.0,1.0,1.0,1.0,1.0,1.0,1.0,,1.0,1.0,1.0,,,,1.0,1.0,1.0,,1.0,1.0,1.0,1.0,metaxalone,ADAPTER_DOSE,CYP1A2,,1.0,0.5
1.0,,,,,1.0,1.0,1.0,1.0,0.5,1.0,1.0,1.0,,1.0,1.0,1.0,,,,1.0,1.0,1.0,,1.0,1.0,1.0,1.0,metaxalone,ADAPTER_DOSE,CYP3A4,,1.0,1.0
1.0,,,,,1.0,1.0,1.0,1.0,1.0,1.0,1.0,1.0,,1.0,1.0,1.0,,,,1.0,1.0,1.0,,1.0,1.0,1.0,1.0,quetiapine,ADAPTER_DOSE,CYP3A4,,1.0,1.0
1.0,,,,,1.0,0.0,1.0,1.0,1.0,1.0,1.0,1.0,,1.0,1.0,1.0,,,,1.0,1.0,1.0,,1.0,1.0,1.0,1.0,modafinil,EVITER,CYP2C19,,1.0,1.0
1.0,,,,,1.0,1.0,1.0,0.0,1.0,1.0,1.0,1.0,,1.0,1.0,1.0,,,,1.0,1.0,1.0,,1.0,1.0,1.0,1.0,modafinil,EVITER,CYP2D6,,1.0,1.0
1.0,,,,,1.0,1.0,0.0,1.0,1.0,1.0,1.0,1.0,,1.0,1.0,1.0,,,,1.0,1.0,1.0,,1.0,1.0,1.0,1.0,modafinil,EVITER,CYP2C9,,1.0,1.0
1.0,,,,,0.0,1.0,1.0,1.0,1.0,1.0,1.0,1.0,,1.0,1.0,1.0,,,,1.0,1.0,1.0,,1.0,1.0,1.0,1.0,modafinil,EVITER,CYP2B6,,1.0,1.0
1.0,,,,,1.0,1.0,1.0,1.0,1.0,1.0,1.0,1.0,,1.0,1.0,1.0,,,,1.0,1.0,1.0,,1.0,1.0,1.0,1.0,modafinil,EVITER,CYP1A2,,1.0,0.0
1.0,,,,,1.0,1.0,1.0,1.0,0.0,1.0,1.0,1.0,,1.0,1.0,1.0,,,,1.0,1.0,1.0,,1.0,1.0,1.0,1.0,modafinil,EVITER,CYP3A4,,1.0,1.0
1.0,,,,,1.0,0.0,1.0,1.0,1.0,1.0,1.0,1.0,,1.0,1.0,1.0,,,,1.0,1.0,1.0,,1.0,1.0,1.0,1.0,pantoprazole sodium,EVITER,CYP2C19,,1.0,1.0
1.0,,,,,1.0,1.0,1.0,0.0,1.0,1.0,1.0,1.0,,1.0,1.0,1.0,,,,1.0,1.0,1.0,,1.0,1.0,1.0,1.0,pantoprazole sodium,EVITER,CYP2D6,,1.0,1.0
1.0,,,,,1.0,1.0,0.0,1.0,1.0,1.0,1.0,1.0,,1.0,1.0,1.0,,,,1.0,1.0,1.0,,1.0,1.0,1.0,1.0,pantoprazole sodium,EVITER,CYP2C9,,1.0,1.0
1.0,,,,,1.0,1.0,1.0,1.0,1.0,1.0,1.0,1.0,,1.0,1.0,1.0,,,,1.0,1.0,1.0,,1.0,1.0,1.0,1.0,pantoprazole sodium,EVITER,CYP1A2,,1.0,0.0
1.0,,,,,1.0,1.0,1.0,1.0,0.0,1.0,1.0,1.0,,1.0,1.0,1.0,,,,1.0,1.0,1.0,,1.0,1.0,1.0,1.0,pantoprazole sodium,EVITER,CYP3A4,,1.0,1.0
1.0,,,,,1.0,0.5,1.0,1.0,1.0,1.0,1.0,1.0,,1.0,1.0,1.0,,,,1.0,1.0,1.0,,1.0,1.0,1.0,1.0,rivastigmine tartrate,EVITER,CYP2C19,,1.0,1.0
1.0,,,,,1.0,1.0,1.0,0.5,1.0,1.0,1.0,1.0,,1.0,1.0,1.0,,,,1.0,1.0,1.0,,1.0,1.0,1.0,1.0,rivastigmine tartrate,EVITER,CYP2D6,,1.0,1.0
1.0,,,,,1.0,1.0,0.5,1.0,1.0,1.0,1.0,1.0,,1.0,1.0,1.0,,,,1.0,1.0,1.0,,1.0,1.0,1.0,1.0,rivastigmine tartrate,EVITER,CYP2C9,,1.0,1.0
1.0,,,,,0.5,1.0,1.0,1.0,1.0,1.0,1.0,1.0,,1.0,1.0,1.0,,,,1.0,1.0,1.0,,1.0,1.0,1.0,1.0,rivastigmine tartrate,EVITER,CYP2B6,,1.0,1.0
1.0,,,,,1.0,1.0,1.0,1.0,1.0,1.0,1.0,1.0,,1.0,1.0,1.0,,,,1.0,1.0,1.0,,1.0,1.0,1.0,1.0,rivastigmine tartrate,EVITER,CYP1A2,,1.0,0.5
1.0,,,,,1.0,1.0,1.0,1.0,0.5,1.0,1.0,1.0,,1.0,1.0,1.0,,,,1.0,1.0,1.0,,1.0,1.0,1.0,1.0,rivastigmine tartrate,EVITER,CYP3A4,,1.0,1.0
1.0,,,,,1.0,0.0,1.0,1.0,1.0,1.0,1.0,1.0,,1.0,1.0,1.0,,,,1.0,1.0,1.0,,1.0,1.0,1.0,1.0,duloxetine hydrochloride,EVITER,CYP2C19,,1.0,1.0
1.0,,,,,1.0,1.0,1.0,0.0,1.0,1.0,1.0,1.0,,1.0,1.0,1.0,,,,1.0,1.0,1.0,,1.0,1.0,1.0,1.0,duloxetine hydrochloride,EVITER,CYP2D6,,1.0,1.0
1.0,,,,,1.0,1.0,0.0,1.0,1.0,1.0,1.0,1.0,,1.0,1.0,1.0,,,,1.0,1.0,1.0,,1.0,1.0,1.0,1.0,duloxetine hydrochloride,EVITER,CYP2C9,,1.0,1.0
1.0,,,,,1.0,1.0,1.0,1.0,1.0,1.0,1.0,1.0,,1.0,1.0,1.0,,,,1.0,1.0,1.0,,1.0,1.0,1.0,1.0,duloxetine hydrochloride,EVITER,CYP1A2,,1.0,0.0
1.0,,,,,1.0,1.0,1.0,1.0,1.0,1.0,1.0,1.0,,1.0,1.0,1.0,,,,1.0,1.0,1.0,,1.0,1.0,1.0,1.0,leflunomide,EVITER,CYP2C19,,1.0,1.0
1.0,,,,,1.0,0.0,1.0,1.0,1.0,1.0,1.0,1.0,,1.0,1.0,1.0,,,,1.0,1.0,1.0,,1.0,1.0,1.0,1.0,lansoprazole,EVITER,CYP2C19,,1.0,1.0
1.0,,,,,1.0,1.0,1.0,0.0,1.0,1.0,1.0,1.0,,1.0,1.0,1.0,,,,1.0,1.0,1.0,,1.0,1.0,1.0,1.0,lansoprazole,EVITER,CYP2D6,,1.0,1.0
1.0,,,,,1.0,1.0,0.0,1.0,1.0,1.0,1.0,1.0,,1.0,1.0,1.0,,,,1.0,1.0,1.0,,1.0,1.0,1.0,1.0,lansoprazole,EVITER,CYP2C9,,1.0,1.0
1.0,,,,,1.0,1.0,1.0,1.0,1.0,1.0,1.0,1.0,,1.0,1.0,1.0,,,,1.0,1.0,1.0,,1.0,1.0,1.0,1.0,lansoprazole,EVITER,CYP1A2,,1.0,0.0
1.0,,,,,1.0,1.0,1.0,1.0,0.0,1.0,1.0,1.0,,1.0,1.0,1.0,,,,1.0,1.0,1.0,,1.0,1.0,1.0,1.0,lansoprazole,EVITER,CYP3A4,,1.0,1.0
1.0,,,,,1.0,0.0,1.0,1.0,1.0,1.0,1.0,1.0,,1.0,1.0,1.0,,,,1.0,1.0,1.0,,1.0,1.0,1.0,1.0,clonazepam,EVITER,CYP2C19,,1.0,1.0
1.0,,,,,1.0,1.0,1.0,0.0,1.0,1.0,1.0,1.0,,1.0,1.0,1.0,,,,1.0,1.0,1.0,,1.0,1.0,1.0,1.0,clonazepam,EVITER,CYP2D6,,1.0,1.0
1.0,,,,,1.0,1.0,1.0,1.0,0.0,1.0,1.0,1.0,,1.0,1.0,1.0,,,,1.0,1.0,1.0,,1.0,1.0,1.0,1.0,clonazepam,EVITER,CYP3A4,,1.0,1.0
1.0,,,,,1.0,0.0,1.0,1.0,1.0,1.0,1.0,1.0,,1.0,1.0,1.0,,,,1.0,1.0,1.0,,1.0,1.0,1.0,1.0,citalopram hydrobromide,EVITER,CYP2C19,,1.0,1.0
1.0,,,,,1.0,1.0,1.0,0.0,1.0,1.0,1.0,1.0,,1.0,1.0,1.0,,,,1.0,1.0,1.0,,1.0,1.0,1.0,1.0,citalopram hydrobromide,EVITER,CYP2D6,,1.0,1.0
1.0,,,,,1.0,1.0,1.0,1.0,1.0,1.0,1.0,1.0,,1.0,1.0,1.0,,,,1.0,1.0,1.0,,1.0,1.0,1.0,1.0,citalopram hydrobromide,EVITER,CYP1A2,,1.0,0.0
1.0,,,,,1.0,1.0,1.0,1.0,0.0,1.0,1.0,1.0,,1.0,1.0,1.0,,,,1.0,1.0,1.0,,1.0,1.0,1.0,1.0,citalopram hydrobromide,EVITER,CYP3A4,,1.0,1.0
1.0,,,,,1.0,0.5,1.0,1.0,1.0,1.0,1.0,1.0,,1.0,1.0,1.0,,,,1.0,1.0,1.0,,1.0,1.0,1.0,1.0,lurasidone hydrochloride,ADAPTER_DOSE,CYP2C19,,1.0,1.0
1.0,,,,,1.0,1.0,1.0,0.5,1.0,1.0,1.0,1.0,,1.0,1.0,1.0,,,,1.0,1.0,1.0,,1.0,1.0,1.0,1.0,lurasidone hydrochloride,ADAPTER_DOSE,CYP2D6,,1.0,1.0
1.0,,,,,1.0,1.0,0.5,1.0,1.0,1.0,1.0,1.0,,1.0,1.0,1.0,,,,1.0,1.0,1.0,,1.0,1.0,1.0,1.0,lurasidone hydrochloride,ADAPTER_DOSE,CYP2C9,,1.0,1.0
1.0,,,,,0.5,1.0,1.0,1.0,1.0,1.0,1.0,1.0,,1.0,1.0,1.0,,,,1.0,1.0,1.0,,1.0,1.0,1.0,1.0,lurasidone hydrochloride,ADAPTER_DOSE,CYP2B6,,1.0,1.0
1.0,,,,,1.0,1.0,1.0,1.0,1.0,1.0,1.0,1.0,,1.0,1.0,1.0,,,,1.0,1.0,1.0,,1.0,1.0,1.0,1.0,lurasidone hydrochloride,ADAPTER_DOSE,CYP2A6,,0.5,1.0
1.0,,,,,1.0,1.0,1.0,1.0,1.0,1.0,1.0,1.0,,1.0,1.0,1.0,,,,1.0,1.0,1.0,,1.0,1.0,1.0,1.0,lurasidone hydrochloride,ADAPTER_DOSE,CYP1A2,,1.0,0.5
1.0,,,,,1.0,1.0,1.0,1.0,0.5,1.0,1.0,1.0,,1.0,1.0,1.0,,,,1.0,1.0,1.0,,1.0,1.0,1.0,1.0,lurasidone hydrochloride,ADAPTER_DOSE,CYP3A4,,1.0,1.0
1.0,,,,,1.0,0.0,1.0,1.0,1.0,1.0,1.0,1.0,,1.0,1.0,1.0,,,,1.0,1.0,1.0,,1.0,1.0,1.0,1.0,modafinil,ADAPTER_DOSE,CYP2C19,,1.0,1.0
1.0,,,,,1.0,1.0,1.0,0.0,1.0,1.0,1.0,1.0,,1.0,1.0,1.0,,,,1.0,1.0,1.0,,1.0,1.0,1.0,1.0,modafinil,ADAPTER_DOSE,CYP2D6,,1.0,1.0
1.0,,,,,1.0,1.0,0.0,1.0,1.0,1.0,1.0,1.0,,1.0,1.0,1.0,,,,1.0,1.0,1.0,,1.0,1.0,1.0,1.0,modafinil,ADAPTER_DOSE,CYP2C9,,1.0,1.0
1.0,,,,,0.0,1.0,1.0,1.0,1.0,1.0,1.0,1.0,,1.0,1.0,1.0,,,,1.0,1.0,1.0,,1.0,1.0,1.0,1.0,modafinil,ADAPTER_DOSE,CYP2B6,,1.0,1.0
1.0,,,,,1.0,1.0,1.0,1.0,1.0,1.0,1.0,1.0,,1.0,1.0,1.0,,,,1.0,1.0,1.0,,1.0,1.0,1.0,1.0,modafinil,ADAPTER_DOSE,CYP1A2,,1.0,0.0
1.0,,,,,1.0,1.0,1.0,1.0,0.0,1.0,1.0,1.0,,1.0,1.0,1.0,,,,1.0,1.0,1.0,,1.0,1.0,1.0,1.0,modafinil,ADAPTER_DOSE,CYP3A4,,1.0,1.0
1.0,,,,,1.0,1.0,1.0,1.0,1.0,1.0,1.0,1.0,,1.0,1.0,1.0,,,,1.0,1.0,1.0,,1.0,1.0,1.0,1.0,propranolol hydrochloride,EVITER,CYP2D6,,1.0,1.0
1.0,,,,,1.0,0.0,1.0,1.0,1.0,1.0,1.0,1.0,,1.0,1.0,1.0,,,,1.0,1.0,1.0,,1.0,1.0,1.0,1.0,propranolol hydrochloride,EVITER,CYP2C19,,1.0,1.0
1.0,,,,,1.0,1.0,1.0,1.0,1.0,1.0,1.0,1.0,,1.0,1.0,1.0,,,,1.0,1.0,1.0,,1.0,1.0,1.0,1.0,propranolol hydrochloride,EVITER,CYP1A2,,1.0,0.0
1.0,,,,,1.0,1.0,1.0,1.0,1.0,1.0,1.0,1.0,,1.0,1.0,1.0,,,,1.0,1.0,1.0,,1.0,1.0,1.0,1.0,pomalidomide,EVITER,CYP2C19,,1.0,1.0
1.0,,,,,1.0,0.0,1.0,1.0,1.0,1.0,1.0,1.0,,1.0,1.0,1.0,,,,1.0,1.0,1.0,,1.0,1.0,1.0,1.0,venlafaxine,EVITER,CYP2C19,,1.0,1.0
1.0,,,,,1.0,1.0,0.0,1.0,1.0,1.0,1.0,1.0,,1.0,1.0,1.0,,,,1.0,1.0,1.0,,1.0,1.0,1.0,1.0,venlafaxine,EVITER,CYP2C9,,1.0,1.0
1.0,,,,,1.0,1.0,1.0,1.0,1.0,1.0,1.0,1.0,,1.0,1.0,1.0,,,,1.0,1.0,1.0,,1.0,1.0,1.0,1.0,venlafaxine,EVITER,CYP1A2,,1.0,0.0
1.0,,,,,1.0,1.0,1.0,1.0,0.0,1.0,1.0,1.0,,1.0,1.0,1.0,,,,1.0,1.0,1.0,,1.0,1.0,1.0,1.0,venlafaxine,EVITER,CYP3A4,,1.0,1.0
1.0,,,,,1.0,0.0,1.0,1.0,1.0,1.0,1.0,1.0,,1.0,1.0,1.0,,,,1.0,1.0,1.0,,1.0,1.0,1.0,1.0,paliperidone,EVITER,CYP2C19,,1.0,1.0
1.0,,,,,1.0,1.0,1.0,0.0,1.0,1.0,1.0,1.0,,1.0,1.0,1.0,,,,1.0,1.0,1.0,,1.0,1.0,1.0,1.0,paliperidone,EVITER,CYP2D6,,1.0,1.0
1.0,,,,,1.0,1.0,0.0,1.0,1.0,1.0,1.0,1.0,,1.0,1.0,1.0,,,,1.0,1.0,1.0,,1.0,1.0,1.0,1.0,paliperidone,EVITER,CYP2C9,,1.0,1.0
1.0,,,,,1.0,1.0,1.0,1.0,1.0,0.0,1.0,1.0,,1.0,1.0,1.0,,,,1.0,1.0,1.0,,1.0,1.0,1.0,1.0,paliperidone,EVITER,CYP3A5,,1.0,1.0
1.0,,,,,1.0,1.0,1.0,1.0,1.0,1.0,1.0,1.0,,1.0,1.0,1.0,,,,1.0,1.0,1.0,,1.0,1.0,1.0,1.0,paliperidone,EVITER,CYP2A6,,0.0,1.0
1.0,,,,,1.0,1.0,1.0,1.0,1.0,1.0,1.0,1.0,,1.0,1.0,1.0,,,,1.0,1.0,1.0,,1.0,1.0,1.0,1.0,paliperidone,EVITER,CYP1A2,,1.0,0.0
1.0,,,,,1.0,1.0,1.0,1.0,0.0,1.0,1.0,1.0,,1.0,1.0,1.0,,,,1.0,1.0,1.0,,1.0,1.0,1.0,1.0,paliperidone,EVITER,CYP3A4,,1.0,1.0
1.0,,,,,1.0,1.0,1.0,1.0,1.0,1.0,1.0,1.0,,1.0,1.0,1.0,,,,1.0,1.0,1.0,,1.0,1.0,1.0,1.0,gabapentin,ADAPTER_DOSE,CYP2C19,,1.0,1.0
1.0,,,,,1.0,0.5,1.0,1.0,1.0,1.0,1.0,1.0,,1.0,1.0,1.0,,,,1.0,1.0,1.0,,1.0,1.0,1.0,1.0,fluconazole,EVITER,CYP2C19,,1.0,1.0
1.0,,,,,1.0,1.0,0.5,1.0,1.0,1.0,1.0,1.0,,1.0,1.0,1.0,,,,1.0,1.0,1.0,,1.0,1.0,1.0,1.0,fluconazole,EVITER,CYP2C9,,1.0,1.0
1.0,,,,,1.0,1.0,1.0,1.0,0.5,1.0,1.0,1.0,,1.0,1.0,1.0,,,,1.0,1.0,1.0,,1.0,1.0,1.0,1.0,fluconazole,EVITER,CYP3A4,,1.0,1.0
1.0,,,,,1.0,1.0,1.0,1.0,1.0,1.0,1.0,1.0,,1.0,1.0,1.0,,,,1.0,1.0,1.0,,1.0,1.0,1.0,1.0,topiramate,ADAPTER_DOSE,CYP2C19,,1.0,1.0
1.0,,,,,1.0,0.0,1.0,1.0,1.0,1.0,1.0,1.0,,1.0,1.0,1.0,,,,1.0,1.0,1.0,,1.0,1.0,1.0,1.0,phenytoin,ADAPTER_DOSE,CYP2C19,,1.0,1.0
1.0,,,,,1.0,1.0,1.0,0.0,1.0,1.0,1.0,1.0,,1.0,1.0,1.0,,,,1.0,1.0,1.0,,1.0,1.0,1.0,1.0,metoprolol succinate,EVITER,CYP2D6,,1.0,1.0
1.0,,,,,1.0,0.0,1.0,1.0,1.0,1.0,1.0,1.0,,1.0,1.0,1.0,,,,1.0,1.0,1.0,,1.0,1.0,1.0,1.0,phenytoin sodium,EVITER,CYP2C19,,1.0,1.0
1.0,,,,,1.0,1.0,0.0,1.0,1.0,1.0,1.0,1.0,,1.0,1.0,1.0,,,,1.0,1.0,1.0,,1.0,1.0,1.0,1.0,phenytoin sodium,EVITER,CYP2C9,,1.0,1.0
1.0,,,,,1.0,0.0,1.0,1.0,1.0,1.0,1.0,1.0,,1.0,1.0,1.0,,,,1.0,1.0,1.0,,1.0,1.0,1.0,1.0,atomoxetine,EVITER,CYP2C19,,1.0,1.0
1.0,,,,,1.0,1.0,0.0,1.0,1.0,1.0,1.0,1.0,,1.0,1.0,1.0,,,,1.0,1.0,1.0,,1.0,1.0,1.0,1.0,atomoxetine,EVITER,CYP2C9,,1.0,1.0
1.0,,,,,1.0,1.0,1.0,1.0,1.0,1.0,1.0,1.0,,1.0,1.0,1.0,,,,1.0,1.0,1.0,,1.0,1.0,1.0,1.0,atomoxetine,EVITER,CYP1A2,,1.0,0.0
1.0,,,,,1.0,1.0,1.0,1.0,1.0,1.0,1.0,1.0,,1.0,1.0,1.0,,,,1.0,1.0,1.0,,1.0,1.0,1.0,1.0,rosuvastatin,EVITER,SLCO1B1,,1.0,1.0
1.0,,,,,1.0,1.0,1.0,1.0,1.0,1.0,1.0,1.0,,1.0,1.0,1.0,,,,1.0,1.0,1.0,,1.0,1.0,1.0,1.0,succinylcholine chloride,ADAPTER_DOSE,RYR1,,1.0,1.0
1.0,,,,,1.0,0.0,1.0,1.0,1.0,1.0,1.0,1.0,,1.0,1.0,1.0,,,,1.0,1.0,1.0,,1.0,1.0,1.0,1.0,omeprazole,EVITER,CYP2C19,,1.0,1.0
1.0,,,,,1.0,1.0,1.0,1.0,0.0,1.0,1.0,1.0,,1.0,1.0,1.0,,,,1.0,1.0,1.0,,1.0,1.0,1.0,1.0,omeprazole,EVITER,CYP3A4,,1.0,1.0
1.0,,,,,1.0,1.0,1.0,0.0,1.0,1.0,1.0,1.0,,1.0,1.0,1.0,,,,1.0,1.0,1.0,,1.0,1.0,1.0,1.0,primaquine phosphate,EVITER,CYP2D6,,1.0,1.0
1.0,,,,,1.0,1.0,1.0,1.0,1.0,1.0,1.0,1.0,,0.0,1.0,1.0,,,,1.0,1.0,1.0,,1.0,1.0,1.0,1.0,primaquine phosphate,EVITER,G6PD,,1.0,1.0
1.0,,,,,1.0,1.0,1.0,1.0,1.0,1.0,1.0,1.0,,1.0,1.0,1.0,,,,1.0,1.0,1.0,,1.0,1.0,1.0,1.0,primaquine phosphate,EVITER,CYP1A2,,1.0,0.0
1.0,,,,,1.0,1.0,1.0,1.0,0.0,1.0,1.0,1.0,,1.0,1.0,1.0,,,,1.0,1.0,1.0,,1.0,1.0,1.0,1.0,primaquine phosphate,EVITER,CYP3A4,,1.0,1.0
1.0,,,,,1.0,1.0,1.0,1.0,1.0,1.0,1.0,1.0,,1.0,1.0,1.0,,,,1.0,1.0,1.0,,1.0,1.0,1.0,1.0,rosuvastatin calcium,EVITER,CYP2C9,,1.0,1.0
1.0,,,,,1.0,1.0,1.0,1.0,1.0,1.0,1.0,1.0,,1.0,1.0,1.0,,,,1.0,1.0,1.0,,1.0,1.0,1.0,1.0,warfarin sodium,EVITER,CYP2C9,,1.0,1.0
1.0,,,,,1.0,1.0,0.0,1.0,1.0,1.0,1.0,1.0,,1.0,1.0,1.0,,,,1.0,1.0,1.0,,1.0,1.0,1.0,1.0,clopidogrel,EVITER,CYP2C9,,1.0,1.0
1.0,,,,,0.0,1.0,1.0,1.0,1.0,1.0,1.0,1.0,,1.0,1.0,1.0,,,,1.0,1.0,1.0,,1.0,1.0,1.0,1.0,clopidogrel,EVITER,CYP2B6,,1.0,1.0
1.0,,,,,1.0,1.0,1.0,1.0,1.0,1.0,1.0,1.0,,1.0,1.0,1.0,,,,1.0,1.0,1.0,,1.0,1.0,1.0,1.0,clopidogrel,EVITER,CYP1A2,,1.0,0.0
1.0,,,,,1.0,0.0,1.0,1.0,1.0,1.0,1.0,1.0,,1.0,1.0,1.0,,,,1.0,1.0,1.0,,1.0,1.0,1.0,1.0,rabeprazole sodium,EVITER,CYP2C19,,1.0,1.0
1.0,,,,,1.0,1.0,0.0,1.0,1.0,1.0,1.0,1.0,,1.0,1.0,1.0,,,,1.0,1.0,1.0,,1.0,1.0,1.0,1.0,rabeprazole sodium,EVITER,CYP2C9,,1.0,1.0
1.0,,,,,1.0,1.0,1.0,1.0,1.0,1.0,1.0,1.0,,1.0,1.0,1.0,,,,1.0,1.0,1.0,,1.0,1.0,1.0,1.0,rabeprazole sodium,EVITER,CYP1A2,,1.0,0.0
1.0,,,,,1.0,1.0,1.0,1.0,0.0,1.0,1.0,1.0,,1.0,1.0,1.0,,,,1.0,1.0,1.0,,1.0,1.0,1.0,1.0,rabeprazole sodium,EVITER,CYP3A4,,1.0,1.0
1.0,,,,,1.0,1.0,1.0,0.0,1.0,1.0,1.0,1.0,,1.0,1.0,1.0,,,,1.0,1.0,1.0,,1.0,1.0,1.0,1.0,galantamine hydrobromide,ADAPTER_DOSE,CYP2D6,,1.0,1.0
1.0,,,,,1.0,1.0,1.0,1.0,1.0,1.0,1.0,1.0,,1.0,1.0,1.0,,,,1.0,1.0,1.0,,1.0,1.0,1.0,1.0,galantamine hydrobromide,ADAPTER_DOSE,CYP2A6,,0.0,1.0
1.0,,,,,1.0,1.0,1.0,1.0,1.0,1.0,1.0,1.0,,1.0,1.0,1.0,,,,1.0,1.0,1.0,,1.0,1.0,1.0,1.0,galantamine hydrobromide,ADAPTER_DOSE,CYP1A2,,1.0,0.0
1.0,,,,,1.0,1.0,1.0,1.0,0.0,1.0,1.0,1.0,,1.0,1.0,1.0,,,,1.0,1.0,1.0,,1.0,1.0,1.0,1.0,galantamine hydrobromide,ADAPTER_DOSE,CYP3A4,,1.0,1.0
1.0,,,,,1.0,1.0,1.0,1.0,1.0,1.0,1.0,1.0,,1.0,1.0,1.0,,,,1.0,1.0,1.0,,1.0,1.0,1.0,1.0,rosuvastatin,ADAPTER_DOSE,CYP2C9,,1.0,1.0
1.0,,,,,1.0,0.0,1.0,1.0,1.0,1.0,1.0,1.0,,1.0,1.0,1.0,,,,1.0,1.0,1.0,,1.0,1.0,1.0,1.0,extended phenytoin sodium,ADAPTER_DOSE,CYP2C19,,1.0,1.0
1.0,,,,,1.0,1.0,0.0,1.0,1.0,1.0,1.0,1.0,,1.0,1.0,1.0,,,,1.0,1.0,1.0,,1.0,1.0,1.0,1.0,extended phenytoin sodium,ADAPTER_DOSE,CYP2C9,,1.0,1.0
1.0,,,,,1.0,1.0,1.0,1.0,1.0,1.0,1.0,1.0,,1.0,1.0,1.0,,,,1.0,1.0,1.0,,1.0,1.0,1.0,1.0,pazopanib,EVITER,CYP2C19,,1.0,1.0
1.0,,,,,1.0,1.0,1.0,1.0,1.0,1.0,1.0,1.0,,1.0,1.0,1.0,,,,1.0,1.0,1.0,,1.0,1.0,1.0,1.0,amphetamine sulfate,EVITER,CYP2D6,,1.0,1.0
1.0,,,,,1.0,1.0,1.0,0.5,1.0,1.0,1.0,1.0,,1.0,1.0,1.0,,,,1.0,1.0,1.0,,1.0,1.0,1.0,1.0,nitisinone,ADAPTER_DOSE,CYP2D6,,1.0,1.0
1.0,,,,,1.0,1.0,0.5,1.0,1.0,1.0,1.0,1.0,,1.0,1.0,1.0,,,,1.0,1.0,1.0,,1.0,1.0,1.0,1.0,nitisinone,ADAPTER_DOSE,CYP2C9,,1.0,1.0
1.0,,,,,1.0,1.0,1.0,1.0,1.0,1.0,1.0,1.0,,1.0,1.0,1.0,,,,1.0,1.0,1.0,,1.0,1.0,1.0,1.0,nitisinone,ADAPTER_DOSE,CYP1A2,,1.0,0.5
1.0,,,,,1.0,1.0,1.0,1.0,0.5,1.0,1.0,1.0,,1.0,1.0,1.0,,,,1.0,1.0,1.0,,1.0,1.0,1.0,1.0,nitisinone,ADAPTER_DOSE,CYP3A4,,1.0,1.0
1.0,,,,,1.0,1.0,1.0,1.0,1.0,1.0,1.0,1.0,,1.0,1.0,1.0,,,,1.0,1.0,1.0,,1.0,1.0,1.0,1.0,lamotrigine,EVITER,CYP2D6,,1.0,1.0
1.0,,,,,1.0,1.0,1.0,0.0,1.0,1.0,1.0,1.0,,1.0,1.0,1.0,,,,1.0,1.0,1.0,,1.0,1.0,1.0,1.0,tramadol hydrochloride,EVITER,CYP2D6,,1.0,1.0
1.0,,,,,1.0,1.0,1.0,1.0,0.0,1.0,1.0,1.0,,1.0,1.0,1.0,,,,1.0,1.0,1.0,,1.0,1.0,1.0,1.0,tramadol hydrochloride,EVITER,CYP3A4,,1.0,1.0
1.0,,,,,1.0,1.0,1.0,1.0,1.0,1.0,1.0,1.0,,1.0,1.0,1.0,,,,1.0,1.0,1.0,,1.0,1.0,1.0,1.0,doxorubicin hydrochloride,EVITER,CYP2D6,,1.0,1.0
1.0,,,,,1.0,1.0,1.0,0.5,1.0,1.0,1.0,1.0,,1.0,1.0,1.0,,,,1.0,1.0,1.0,,1.0,1.0,1.0,1.0,ranolazine,EVITER,CYP2D6,,1.0,1.0
1.0,,,,,1.0,1.0,1.0,0.0,1.0,1.0,1.0,1.0,,1.0,1.0,1.0,,,,1.0,1.0,1.0,,1.0,1.0,1.0,1.0,paroxetine hydrochloride hemihydrate,EVITER,CYP2D6,,1.0,1.0
1.0,,,,,1.0,1.0,1.0,1.0,0.0,1.0,1.0,1.0,,1.0,1.0,1.0,,,,1.0,1.0,1.0,,1.0,1.0,1.0,1.0,paroxetine hydrochloride hemihydrate,EVITER,CYP3A4,,1.0,1.0
1.0,,,,,1.0,1.0,1.0,1.5,1.0,1.0,1.0,1.0,,1.0,1.0,1.0,,,,1.0,1.0,1.0,,1.0,1.0,1.0,1.0,codeine sulfate,EVITER,CYP2D6,,1.0,1.0
1.0,,,,,1.0,1.0,1.0,1.0,1.5,1.0,1.0,1.0,,1.0,1.0,1.0,,,,1.0,1.0,1.0,,1.0,1.0,1.0,1.0,codeine sulfate,EVITER,CYP3A4,,1.0,1.0
1.0,,,,,1.0,1.0,1.0,1.0,1.0,1.0,1.0,1.0,,1.0,1.0,1.0,,,,1.0,1.0,1.0,,1.0,1.0,1.0,1.0,fluorouracil,ADAPTER_DOSE,DPYD,,1.0,1.0
1.0,,,,,1.0,1.0,1.0,1.0,1.0,1.0,1.0,1.0,,1.0,1.0,1.0,,,,1.0,1.0,1.0,,1.0,0.0,1.0,1.0,purixan,ADAPTER_DOSE,TPMT,,1.0,1.0
1.0,,,,,1.0,1.0,1.0,1.0,1.0,1.0,1.0,1.0,,1.0,1.0,1.0,,,,1.0,0.0,1.0,,1.0,1.0,1.0,1.0,purixan,ADAPTER_DOSE,NUDT15,,1.0,1.0
1.0,,,,,1.0,1.0,1.0,1.0,1.0,1.0,1.0,1.0,,1.0,1.0,1.0,,,,1.0,1.0,1.0,,1.0,0.0,1.0,1.0,azathioprine sodium,EVITER,TPMT,,1.0,1.0
1.0,,,,,1.0,1.0,1.0,1.0,1.0,1.0,1.0,1.0,,1.0,1.0,1.0,,,,1.0,0.0,1.0,,1.0,1.0,1.0,1.0,azathioprine sodium,EVITER,NUDT15,,1.0,1.0
1.0,,,,,1.0,0.0,1.0,1.0,1.0,1.0,1.0,1.0,,1.0,1.0,1.0,,,,1.0,1.0,1.0,,1.0,1.0,1.0,1.0,clobazam,ADAPTER_DOSE,CYP2C19,,1.0,1.0
1.0,,,,,1.0,1.0,1.0,0.0,1.0,1.0,1.0,1.0,,1.0,1.0,1.0,,,,1.0,1.0,1.0,,1.0,1.0,1.0,1.0,clobazam,ADAPTER_DOSE,CYP2D6,,1.0,1.0
1.0,,,,,1.0,1.0,0.0,1.0,1.0,1.0,1.0,1.0,,1.0,1.0,1.0,,,,1.0,1.0,1.0,,1.0,1.0,1.0,1.0,clobazam,ADAPTER_DOSE,CYP2C9,,1.0,1.0
1.0,,,,,0.0,1.0,1.0,1.0,1.0,1.0,1.0,1.0,,1.0,1.0,1.0,,,,1.0,1.0,1.0,,1.0,1.0,1.0,1.0,clobazam,ADAPTER_DOSE,CYP2B6,,1.0,1.0
1.0,,,,,1.0,1.0,1.0,1.0,1.0,1.0,1.0,1.0,,1.0,1.0,1.0,,,,1.0,1.0,1.0,,1.0,1.0,0.0,1.0,clobazam,ADAPTER_DOSE,UGT1A1,,1.0,1.0
1.0,,,,,1.0,1.0,1.0,1.0,1.0,1.0,1.0,1.0,,1.0,1.0,1.0,,,,1.0,1.0,1.0,,1.0,1.0,1.0,1.0,clobazam,ADAPTER_DOSE,CYP1A2,,1.0,0.0
1.0,,,,,1.0,1.0,1.0,1.0,0.0,1.0,1.0,1.0,,1.0,1.0,1.0,,,,1.0,1.0,1.0,,1.0,1.0,1.0,1.0,clobazam,ADAPTER_DOSE,CYP3A4,,1.0,1.0
1.0,,,,,1.0,1.0,1.0,1.0,1.0,1.0,1.0,1.0,,1.0,1.0,1.0,,,,1.0,1.0,0.5,,1.0,1.0,1.0,1.0,desflurane,ADAPTER_DOSE,RYR1,,1.0,1.0
1.0,,,,,1.0,0.0,1.0,1.0,1.0,1.0,1.0,1.0,,1.0,1.0,1.0,,,,1.0,1.0,1.0,,1.0,1.0,1.0,1.0,esomeprazole sodium,EVITER,CYP2C19,,1.0,1.0
1.0,,,,,1.0,1.0,1.0,1.0,0.0,1.0,1.0,1.0,,1.0,1.0,1.0,,,,1.0,1.0,1.0,,1.0,1.0,1.0,1.0,esomeprazole sodium,EVITER,CYP3A4,,1.0,1.0
1.0,,,,,1.0,1.0,0.0,1.0,1.0,1.0,1.0,1.0,,1.0,1.0,1.0,,,,1.0,1.0,1.0,,1.0,1.0,1.0,1.0,voriconazole,EVITER,CYP2C9,,1.0,1.0
1.0,,,,,1.0,1.0,1.0,1.0,0.0,1.0,1.0,1.0,,1.0,1.0,1.0,,,,1.0,1.0,1.0,,1.0,1.0,1.0,1.0,voriconazole,EVITER,CYP3A4,,1.0,1.0
1.0,,,,,1.0,0.0,1.0,1.0,1.0,1.0,1.0,1.0,,1.0,1.0,1.0,,,,1.0,1.0,1.0,,1.0,1.0,1.0,1.0,dexlansoprazole,EVITER,CYP2C19,,1.0,1.0
1.0,,,,,1.0,1.0,0.0,1.0,1.0,1.0,1.0,1.0,,1.0,1.0,1.0,,,,1.0,1.0,1.0,,1.0,1.0,1.0,1.0,dexlansoprazole,EVITER,CYP2C9,,1.0,1.0
1.0,,,,,1.0,1.0,1.0,1.0,1.0,1.0,1.0,1.0,,1.0,1.0,1.0,,,,1.0,1.0,1.0,,1.0,1.0,1.0,1.0,dexlansoprazole,EVITER,CYP1A2,,1.0,0.0
1.0,,,,,1.0,1.0,1.0,1.0,0.0,1.0,1.0,1.0,,1.0,1.0,1.0,,,,1.0,1.0,1.0,,1.0,1.0,1.0,1.0,dexlansoprazole,EVITER,CYP3A4,,1.0,1.0
1.0,,,,,1.0,1.0,1.0,1.0,1.0,1.0,1.0,1.0,,1.0,1.0,1.0,,,,1.0,1.0,1.0,,1.0,1.0,1.0,1.0,pazopanib hydrochloride,EVITER,CYP2C19,,1.0,1.0
1.0,,,,,1.0,1.0,1.0,0.0,1.0,1.0,1.0,1.0,,1.0,1.0,1.0,,,,1.0,1.0,1.0,,1.0,1.0,1.0,1.0,milsaperidone,EVITER,CYP2D6,,1.0,1.0
1.0,,,,,1.0,1.0,1.0,1.0,0.0,1.0,1.0,1.0,,1.0,1.0,1.0,,,,1.0,1.0,1.0,,1.0,1.0,1.0,1.0,milsaperidone,EVITER,CYP3A4,,1.0,1.0
1.0,,,,,1.0,1.0,1.0,0.0,1.0,1.0,1.0,1.0,,1.0,1.0,1.0,,,,1.0,1.0,1.0,,1.0,1.0,1.0,1.0,metoprolol succinate er tablets,EVITER,CYP2D6,,1.0,1.0
1.0,,,,,1.0,1.0,1.0,1.0,1.0,1.0,1.0,1.0,,1.0,1.0,1.0,,,,1.0,1.0,1.0,,1.0,1.0,1.0,1.0,arformoterol tartrate,ADAPTER_DOSE,CYP2C19,,1.0,1.0
1.0,,,,,1.0,0.0,1.0,1.0,1.0,1.0,1.0,1.0,,1.0,1.0,1.0,,,,1.0,1.0,1.0,,1.0,1.0,1.0,1.0,esomeprazole magnesium delayed release capsules,EVITER,CYP2C19,,1.0,1.0
1.0,,,,,1.0,1.0,1.0,1.0,0.0,1.0,1.0,1.0,,1.0,1.0,1.0,,,,1.0,1.0,1.0,,1.0,1.0,1.0,1.0,esomeprazole magnesium delayed release capsules,EVITER,CYP3A4,,1.0,1.0
1.0,,,,,1.0,0.0,1.0,1.0,1.0,1.0,1.0,1.0,,1.0,1.0,1.0,,,,1.0,1.0,1.0,,1.0,1.0,1.0,1.0,pantoprazole sodium granules,EVITER,CYP2C19,,1.0,1.0
1.0,,,,,1.0,1.0,1.0,0.0,1.0,1.0,1.0,1.0,,1.0,1.0,1.0,,,,1.0,1.0,1.0,,1.0,1.0,1.0,1.0,pantoprazole sodium granules,EVITER,CYP2D6,,1.0,1.0
1.0,,,,,1.0,1.0,0.0,1.0,1.0,1.0,1.0,1.0,,1.0,1.0,1.0,,,,1.0,1.0,1.0,,1.0,1.0,1.0,1.0,pantoprazole sodium granules,EVITER,CYP2C9,,1.0,1.0
1.0,,,,,1.0,1.0,1.0,1.0,1.0,1.0,1.0,1.0,,1.0,1.0,1.0,,,,1.0,1.0,1.0,,1.0,1.0,1.0,1.0,pantoprazole sodium granules,EVITER,CYP1A2,,1.0,0.0
1.0,,,,,1.0,1.0,1.0,1.0,0.0,1.0,1.0,1.0,,1.0,1.0,1.0,,,,1.0,1.0,1.0,,1.0,1.0,1.0,1.0,pantoprazole sodium granules,EVITER,CYP3A4,,1.0,1.0
1.0,,,,,1.0,1.0,1.0,1.0,1.0,1.0,1.0,1.0,,1.0,1.0,1.0,,,,1.0,1.0,1.0,,1.0,1.0,1.0,1.0,ticagrelor,EVITER,CYP2C19,,1.0,1.0
1.0,,,,,1.0,0.0,1.0,1.0,1.0,1.0,1.0,1.0,,1.0,1.0,1.0,,,,1.0,1.0,1.0,,1.0,1.0,1.0,1.0,tamoxifen citrate,EVITER,CYP2C19,,1.0,1.0
1.0,,,,,1.0,1.0,1.0,0.0,1.0,1.0,1.0,1.0,,1.0,1.0,1.0,,,,1.0,1.0,1.0,,1.0,1.0,1.0,1.0,tamoxifen citrate,EVITER,CYP2D6,,1.0,1.0
1.0,,,,,1.0,1.0,0.0,1.0,1.0,1.0,1.0,1.0,,1.0,1.0,1.0,,,,1.0,1.0,1.0,,1.0,1.0,1.0,1.0,tamoxifen citrate,EVITER,CYP2C9,,1.0,1.0
1.0,,,,,0.0,1.0,1.0,1.0,1.0,1.0,1.0,1.0,,1.0,1.0,1.0,,,,1.0,1.0,1.0,,1.0,1.0,1.0,1.0,tamoxifen citrate,EVITER,CYP2B6,,1.0,1.0
1.0,,,,,1.0,1.0,1.0,1.0,0.0,1.0,1.0,1.0,,1.0,1.0,1.0,,,,1.0,1.0,1.0,,1.0,1.0,1.0,1.0,tamoxifen citrate,EVITER,CYP3A4,,1.0,1.0
1.0,,,,,1.0,0.0,1.0,1.0,1.0,1.0,1.0,1.0,,1.0,1.0,1.0,,,,1.0,1.0,1.0,,1.0,1.0,1.0,1.0,omeprazole/sodiium bicarbonate,EVITER,CYP2C19,,1.0,1.0
1.0,,,,,1.0,1.0,1.0,1.0,0.0,1.0,1.0,1.0,,1.0,1.0,1.0,,,,1.0,1.0,1.0,,1.0,1.0,1.0,1.0,omeprazole/sodiium bicarbonate,EVITER,CYP3A4,,1.0,1.0
1.0,,,,,1.0,1.0,1.0,1.0,1.0,1.0,1.0,1.0,,1.0,1.0,1.0,,,,1.0,1.0,1.0,,1.0,1.0,1.0,1.0,warfarin,EVITER,CYP2C9,,1.0,1.0
1.0,,,,,1.0,1.0,1.0,1.0,1.0,1.0,1.0,1.0,,1.0,1.0,1.0,,,,1.0,1.0,1.0,,1.0,1.0,1.0,1.0,verapamil hydrochloride,EVITER,CYP2C9,,1.0,1.0
1.0,,,,,1.0,1.0,1.0,1.0,1.0,1.0,1.0,1.0,,1.0,1.0,1.0,,,,1.0,1.0,1.0,,1.0,1.0,1.0,1.0,ivermectin,ADAPTER_DOSE,CYP2D6,,1.0,1.0
1.0,,,,,1.0,0.0,1.0,1.0,1.0,1.0,1.0,1.0,,1.0,1.0,1.0,,,,1.0,1.0,1.0,,1.0,1.0,1.0,1.0,atomoxetine hydrochloride,EVITER,CYP2C19,,1.0,1.0
1.0,,,,,1.0,1.0,1.0,0.0,1.0,1.0,1.0,1.0,,1.0,1.0,1.0,,,,1.0,1.0,1.0,,1.0,1.0,1.0,1.0,atomoxetine hydrochloride,EVITER,CYP2D6,,1.0,1.0
1.0,,,,,1.0,1.0,0.0,1.0,1.0,1.0,1.0,1.0,,1.0,1.0,1.0,,,,1.0,1.0,1.0,,1.0,1.0,1.0,1.0,atomoxetine hydrochloride,EVITER,CYP2C9,,1.0,1.0
1.0,,,,,1.0,1.0,1.0,1.0,1.0,1.0,1.0,1.0,,1.0,1.0,1.0,,,,1.0,1.0,1.0,,1.0,1.0,1.0,1.0,atomoxetine hydrochloride,EVITER,CYP1A2,,1.0,0.0
1.0,,,,,1.0,0.0,1.0,1.0,1.0,1.0,1.0,1.0,,1.0,1.0,1.0,,,,1.0,1.0,1.0,,1.0,1.0,1.0,1.0,esomeprazole magnesium,ADAPTER_DOSE,CYP2C19,,1.0,1.0
1.0,,,,,1.0,1.0,1.0,1.0,0.0,1.0,1.0,1.0,,1.0,1.0,1.0,,,,1.0,1.0,1.0,,1.0,1.0,1.0,1.0,esomeprazole magnesium,ADAPTER_DOSE,CYP3A4,,1.0,1.0
1.0,,,,,1.0,1.0,1.0,1.0,1.0,1.0,1.0,1.0,,1.0,1.0,1.0,,,,1.0,1.0,1.0,,1.0,1.0,1.0,1.0,nilotinib,EVITER,CYP2D6,,1.0,1.0
1.0,,,,,1.0,1.0,1.0,1.0,1.0,1.0,1.0,1.0,,1.0,1.0,1.0,,,,1.0,1.0,1.0,,1.0,1.0,1.0,1.0,isoflurane,ADAPTER_DOSE,RYR1,,1.0,1.0
1.0,,,,,1.0,0.0,1.0,1.0,1.0,1.0,1.0,1.0,,1.0,1.0,1.0,,,,1.0,1.0,1.0,,1.0,1.0,1.0,1.0,belzutifan,EVITER,CYP2C19,,1.0,1.0
1.0,,,,,1.0,1.0,1.0,0.0,1.0,1.0,1.0,1.0,,1.0,1.0,1.0,,,,1.0,1.0,1.0,,1.0,1.0,1.0,1.0,belzutifan,EVITER,CYP2D6,,1.0,1.0
1.0,,,,,1.0,1.0,0.0,1.0,1.0,1.0,1.0,1.0,,1.0,1.0,1.0,,,,1.0,1.0,1.0,,1.0,1.0,1.0,1.0,belzutifan,EVITER,CYP2C9,,1.0,1.0
1.0,,,,,0.0,1.0,1.0,1.0,1.0,1.0,1.0,1.0,,1.0,1.0,1.0,,,,1.0,1.0,1.0,,1.0,1.0,1.0,1.0,belzutifan,EVITER,CYP2B6,,1.0,1.0
1.0,,,,,1.0,1.0,1.0,1.0,1.0,1.0,1.0,1.0,,1.0,1.0,1.0,,,,1.0,1.0,1.0,,1.0,1.0,1.0,1.0,belzutifan,EVITER,CYP1A2,,1.0,0.0
1.0,,,,,1.0,1.0,1.0,1.0,0.0,1.0,1.0,1.0,,1.0,1.0,1.0,,,,1.0,1.0,1.0,,1.0,1.0,1.0,1.0,belzutifan,EVITER,CYP3A4,,1.0,1.0
1.0,,,,,1.0,1.0,1.0,1.0,0.5,1.0,1.0,1.0,,1.0,1.0,1.0,,,,1.0,1.0,1.0,,1.0,1.0,1.0,1.0,odevixibat,ADAPTER_DOSE,CYP3A4,,1.0,1.0
1.0,,,,,1.0,1.0,1.0,0.0,1.0,1.0,1.0,1.0,,1.0,1.0,1.0,,,,1.0,1.0,1.0,,1.0,1.0,1.0,1.0,metoprolol succinate er,EVITER,CYP2D6,,1.0,1.0
1.0,,,,,1.0,0.0,1.0,1.0,1.0,1.0,1.0,1.0,,1.0,1.0,1.0,,,,1.0,1.0,1.0,,1.0,1.0,1.0,1.0,abrocitinib,EVITER,CYP2C19,,1.0,1.0
1.0,,,,,1.0,1.0,1.0,0.0,1.0,1.0,1.0,1.0,,1.0,1.0,1.0,,,,1.0,1.0,1.0,,1.0,1.0,1.0,1.0,abrocitinib,EVITER,CYP2D6,,1.0,1.0
1.0,,,,,1.0,1.0,0.0,1.0,1.0,1.0,1.0,1.0,,1.0,1.0,1.0,,,,1.0,1.0,1.0,,1.0,1.0,1.0,1.0,abrocitinib,EVITER,CYP2C9,,1.0,1.0
1.0,,,,,0.0,1.0,1.0,1.0,1.0,1.0,1.0,1.0,,1.0,1.0,1.0,,,,1.0,1.0,1.0,,1.0,1.0,1.0,1.0,abrocitinib,EVITER,CYP2B6,,1.0,1.0
1.0,,,,,1.0,1.0,1.0,1.0,1.0,1.0,1.0,1.0,,1.0,1.0,1.0,,,,1.0,1.0,1.0,,1.0,1.0,0.0,1.0,abrocitinib,EVITER,UGT1A1,,1.0,1.0
1.0,,,,,1.0,1.0,1.0,1.0,1.0,1.0,1.0,1.0,,1.0,1.0,1.0,,,,1.0,1.0,1.0,,1.0,1.0,1.0,1.0,abrocitinib,EVITER,CYP1A2,,1.0,0.0
1.0,,,,,1.0,1.0,1.0,1.0,0.0,1.0,1.0,1.0,,1.0,1.0,1.0,,,,1.0,1.0,1.0,,1.0,1.0,1.0,1.0,abrocitinib,EVITER,CYP3A4,,1.0,1.0
1.0,,,,,1.0,0.0,1.0,1.0,1.0,1.0,1.0,1.0,,1.0,1.0,1.0,,,,1.0,1.0,1.0,,1.0,1.0,1.0,1.0,pantoprazole,EVITER,CYP2C19,,1.0,1.0
1.0,,,,,1.0,1.0,1.0,0.0,1.0,1.0,1.0,1.0,,1.0,1.0,1.0,,,,1.0,1.0,1.0,,1.0,1.0,1.0,1.0,pantoprazole,EVITER,CYP2D6,,1.0,1.0
1.0,,,,,1.0,1.0,0.0,1.0,1.0,1.0,1.0,1.0,,1.0,1.0,1.0,,,,1.0,1.0,1.0,,1.0,1.0,1.0,1.0,pantoprazole,EVITER,CYP2C9,,1.0,1.0
1.0,,,,,1.0,1.0,1.0,1.0,1.0,1.0,1.0,1.0,,1.0,1.0,1.0,,,,1.0,1.0,1.0,,1.0,1.0,1.0,1.0,pantoprazole,EVITER,CYP1A2,,1.0,0.0
1.0,,,,,1.0,1.0,1.0,1.0,0.0,1.0,1.0,1.0,,1.0,1.0,1.0,,,,1.0,1.0,1.0,,1.0,1.0,1.0,1.0,pantoprazole,EVITER,CYP3A4,,1.0,1.0
1.0,,,,,1.0,1.0,0.5,1.0,1.0,1.0,1.0,1.0,,1.0,1.0,1.0,,,,1.0,1.0,1.0,,1.0,1.0,1.0,1.0,warfarin,ADAPTER_DOSE,CYP2C9,,1.0,1.0
1.0,,,,,0.5,1.0,1.0,1.0,1.0,1.0,1.0,1.0,,1.0,1.0,1.0,,,,1.0,1.0,1.0,,1.0,1.0,1.0,1.0,efavirenz,ADAPTER_DOSE,CYP2B6,,1.0,1.0
1.0,,,,,1.0,1.0,0.5,1.0,1.0,1.0,1.0,1.0,,1.0,1.0,1.0,,,,1.0,1.0,1.0,,1.0,1.0,1.0,1.0,sitagliptin,EVITER,CYP2C9,,1.0,1.0
1.0,,,,,1.0,0.5,1.0,1.0,1.0,1.0,1.0,1.0,,1.0,1.0,1.0,,,,1.0,1.0,1.0,,1.0,1.0,1.0,1.0,fluoxetine,EVITER,CYP2C19,,1.0,1.0
1.0,,,,,1.0,2.0,1.0,1.0,1.0,1.0,1.0,1.0,,1.0,1.0,1.0,,,,1.0,1.0,1.0,,1.0,1.0,1.0,1.0,paroxetine,EVITER,CYP2C19,,1.0,1.0
1.0,,,,,1.0,0.0,1.0,1.0,1.0,1.0,1.0,1.0,,1.0,1.0,1.0,,,,1.0,1.0,1.0,,1.0,1.0,1.0,1.0,fluoxetine,EVITER,CYP2C19,,1.0,1.0
1.0,,,,,1.0,0.0,1.0,1.0,1.0,1.0,1.0,1.0,,1.0,1.0,1.0,,,,1.0,1.0,1.0,,1.0,1.0,1.0,1.0,paroxetine,EVITER,CYP2C19,,1.0,1.0
1.0,,,,,1.0,0.5,1.0,1.0,1.0,1.0,1.0,1.0,,1.0,1.0,1.0,,,,1.0,1.0,1.0,,1.0,1.0,1.0,1.0,lansoprazole,ADAPTER_DOSE,CYP2C19,,1.0,1.0
1.0,,,,,1.0,1.0,1.0,0.5,1.0,1.0,1.0,1.0,,1.0,1.0,1.0,,,,1.0,1.0,1.0,,1.0,1.0,1.0,1.0,propafenone,ADAPTER_DOSE,CYP2D6,,1.0,1.0
1.0,,,,,1.0,1.0,1.0,0.5,1.0,1.0,1.0,1.0,,1.0,1.0,1.0,,,,1.0,1.0,1.0,,1.0,1.0,1.0,1.0,propafenone,EVITER,CYP2D6,,1.0,1.0
1.0,,,,,1.0,1.0,1.0,0.5,1.0,1.0,1.0,1.0,,1.0,1.0,1.0,,,,1.0,1.0,1.0,,1.0,1.0,1.0,1.0,methadone,EVITER,CYP2D6,,1.0,1.0
1.0,,,,,1.0,1.0,1.0,1.0,0.5,1.0,1.0,1.0,,1.0,1.0,1.0,,,,1.0,1.0,1.0,,1.0,1.0,1.0,1.0,lurbinectedin,ADAPTER_DOSE,CYP3A4,,1.0,1.0
1.0,,,,,1.0,1.0,1.0,1.0,1.0,0.5,1.0,1.0,,1.0,1.0,1.0,,,,1.0,1.0,1.0,,1.0,1.0,1.0,1.0,tacrolimus,ADAPTER_DOSE,CYP3A5,,1.0,1.0
1.0,,,,,1.0,1.0,0.5,1.0,1.0,1.0,1.0,1.0,,1.0,1.0,1.0,,,,1.0,1.0,1.0,,1.0,1.0,1.0,1.0,phenytoin,ADAPTER_DOSE,CYP2C9,,1.0,1.0
1.0,,,,,1.0,1.0,1.0,1.0,1.0,1.0,1.0,1.0,,1.0,1.0,1.0,,,,1.0,1.0,1.0,,1.0,1.0,0.5,1.0,raloxifene 6-glucuronide,ADAPTER_DOSE,UGT1A1,,1.0,1.0
1.0,,,,,1.0,1.0,1.0,1.0,1.0,1.0,1.0,1.0,,1.0,1.0,1.0,,,,1.0,1.0,1.0,,1.0,1.0,0.5,1.0,raloxifene-4′-glucuronide,ADAPTER_DOSE,UGT1A1,,1.0,1.0
1.0,,,,,1.0,1.0,1.0,0.5,1.0,1.0,1.0,1.0,,1.0,1.0,1.0,,,,1.0,1.0,1.0,,1.0,1.0,1.0,1.0,dextromethorphan,ADAPTER_DOSE,CYP2D6,,1.0,1.0
1.0,,,,,1.0,1.0,1.0,0.5,1.0,1.0,1.0,1.0,,1.0,1.0,1.0,,,,1.0,1.0,1.0,,1.0,1.0,1.0,1.0,tramadol,ADAPTER_DOSE,CYP2D6,,1.0,1.0
1.0,,,,,1.0,1.0,1.0,0.5,1.0,1.0,1.0,1.0,,1.0,1.0,1.0,,,,1.0,1.0,1.0,,1.0,1.0,1.0,1.0,aripiprazole,ADAPTER_DOSE,CYP2D6,,1.0,1.0
1.0,,,,,1.0,1.0,1.0,1.0,1.0,0.5,1.0,1.0,,1.0,1.0,1.0,,,,1.0,1.0,1.0,,1.0,1.0,1.0,1.0,lurbinectedin,ADAPTER_DOSE,CYP3A5,,1.0,1.0
1.0,,,,,1.0,1.0,1.0,1.0,1.0,1.0,1.0,1.0,,1.0,1.0,1.0,,,,1.0,1.0,1.0,,1.0,1.0,0.5,1.0,irinotecan,ADAPTER_DOSE,UGT1A1,,1.0,1.0
1.0,,,,,1.0,1.0,1.0,1.0,1.0,0.5,1.0,1.0,,1.0,1.0,1.0,,,,1.0,1.0,1.0,,1.0,1.0,1.0,1.0,dabigatran,ADAPTER_DOSE,CYP3A5,,1.0,1.0
1.0,,,,,0.5,1.0,1.0,1.0,1.0,1.0,1.0,1.0,,1.0,1.0,1.0,,,,1.0,1.0,1.0,,1.0,1.0,1.0,1.0,s-methadone,ADAPTER_DOSE,CYP2B6,,1.0,1.0
1.0,,,,,1.0,1.0,1.0,1.0,1.0,1.0,1.0,1.0,,1.0,1.0,1.0,,,,1.0,1.0,1.0,,1.0,1.0,0.5,1.0,sn-38,ADAPTER_DOSE,UGT1A1,,1.0,1.0
1.0,,,,,1.0,1.0,1.0,1.0,1.0,1.0,1.0,1.0,,1.0,1.0,1.0,,,,1.0,1.0,1.0,,1.0,1.0,0.5,1.0,bilirubin,SURVEILLER,UGT1A1,,1.0,1.0
1.0,,,,,1.0,1.0,1.0,1.0,1.0,1.0,1.0,1.0,,1.0,1.0,1.0,,,,1.0,1.0,1.0,,1.0,1.0,0.5,1.0,carvedilol,ADAPTER_DOSE,UGT1A1,,1.0,1.0
1.0,,,,,1.0,1.0,1.0,1.0,1.0,1.0,1.0,1.0,,1.0,1.0,1.0,,,,1.0,1.0,1.0,,0.5,1.0,1.0,1.0,simvastatin acid,ADAPTER_DOSE,SLCO1B1,,1.0,1.0
1.0,,,,,1.0,1.0,1.0,0.0,1.0,1.0,1.0,1.0,,1.0,1.0,1.0,,,,1.0,1.0,1.0,,1.0,1.0,1.0,1.0,dextromethorphan,ADAPTER_DOSE,CYP2D6,,1.0,1.0
1.0,,,,,1.0,1.0,1.0,1.0,1.0,1.0,1.0,1.0,,1.0,1.0,1.0,,,,1.0,1.0,1.0,,0.5,1.0,1.0,1.0,rifampin,ADAPTER_DOSE,SLCO1B1,,1.0,1.0
1.0,,,,,1.0,1.0,0.5,1.0,1.0,1.0,1.0,1.0,,1.0,1.0,1.0,,,,1.0,1.0,1.0,,1.0,1.0,1.0,1.0,meloxicam,ADAPTER_DOSE,CYP2C9,,1.0,1.0
1.0,,,,,1.0,1.0,1.0,1.0,1.0,1.0,1.0,1.0,,1.0,1.0,1.0,,,,1.0,1.0,1.0,,0.5,1.0,1.0,1.0,atorvastatin,ADAPTER_DOSE,SLCO1B1,,1.0,1.0
1.0,,,,,1.0,1.0,1.0,1.0,1.0,1.0,1.0,1.0,,1.0,1.0,1.0,,,,1.0,1.0,1.0,,1.0,1.0,0.5,1.0,warfarin,ADAPTER_DOSE,UGT1A1,,1.0,1.0
1.0,,,,,1.0,0.0,1.0,1.0,1.0,1.0,1.0,1.0,,1.0,1.0,1.0,,,,1.0,1.0,1.0,,1.0,1.0,1.0,1.0,escitalopram,ADAPTER_DOSE,CYP2C19,,1.0,1.0
1.0,,,,,1.0,1.0,1.0,1.0,1.0,1.0,1.0,1.0,,1.0,1.0,1.0,,,,1.0,1.0,1.0,,1.0,1.0,1.0,1.0,coumarin,ADAPTER_DOSE,CYP2A6,,0.5,1.0
1.0,,,,,1.0,1.0,1.0,1.0,1.0,1.0,1.0,1.0,,1.0,1.0,1.0,,,,1.0,1.0,1.0,,1.0,1.0,1.0,1.0,nicotine,ADAPTER_DOSE,CYP2A6,,0.5,1.0
1.0,,,,,1.0,1.0,1.0,1.0,1.0,1.0,1.0,1.0,,1.0,1.0,1.0,,,,1.0,1.0,1.0,,1.0,1.0,0.5,1.0,moxifloxacin,ADAPTER_DOSE,UGT1A1,,1.0,1.0
1.0,,,,,1.0,1.0,0.5,1.0,1.0,1.0,1.0,1.0,,1.0,1.0,1.0,,,,1.0,1.0,1.0,,1.0,1.0,1.0,1.0,warfarin,SURVEILLER,CYP2C9,,1.0,1.0
1.0,,,,,1.0,1.0,0.5,1.0,1.0,1.0,1.0,1.0,,1.0,1.0,1.0,,,,1.0,1.0,1.0,,1.0,1.0,1.0,1.0,simvastatin,SURVEILLER,CYP2C9,,1.0,1.0
1.0,,,,,1.0,1.0,1.0,1.0,1.0,1.0,1.0,1.0,,1.0,1.0,1.0,,,,1.0,1.0,1.0,,1.0,1.0,1.0,1.0,letrozole,ADAPTER_DOSE,CYP2A6,,1.0,1.0
1.0,,,,,0.0,1.0,1.0,1.0,1.0,1.0,1.0,1.0,,1.0,1.0,1.0,,,,1.0,1.0,1.0,,1.0,1.0,1.0,1.0,diazepam,ADAPTER_DOSE,CYP2B6,,1.0,1.0
1.0,,,,,1.0,1.0,1.0,1.0,1.0,1.0,1.0,1.0,,1.0,1.0,1.0,,,,1.0,1.0,1.0,,1.0,0.5,1.0,1.0,mercaptopurine,ADAPTER_DOSE,TPMT,,1.0,1.0
1.0,,,,,1.0,1.0,1.0,1.0,1.0,1.0,1.0,1.0,,1.0,1.0,1.0,,,,1.0,1.0,1.0,,1.0,0.5,1.0,1.0,thioguanine,ADAPTER_DOSE,TPMT,,1.0,1.0
1.0,,,,,1.0,1.0,1.0,1.0,1.0,1.0,0.5,1.0,,1.0,1.0,1.0,,,,1.0,1.0,1.0,,1.0,1.0,1.0,1.0,warfarin,ADAPTER_DOSE,CYP4F2,,1.0,1.0
1.0,,,,,1.0,0.5,1.0,1.0,1.0,1.0,1.0,1.0,,1.0,1.0,1.0,,,,1.0,1.0,1.0,,1.0,1.0,1.0,1.0,lansoprazole,EVITER,CYP2C19,,1.0,1.0
1.0,,,,,1.0,0.5,1.0,1.0,1.0,1.0,1.0,1.0,,1.0,1.0,1.0,,,,1.0,1.0,1.0,,1.0,1.0,1.0,1.0,voriconazole,ADAPTER_DOSE,CYP2C19,,1.0,1.0
1.0,,,,,1.0,0.0,1.0,1.0,1.0,1.0,1.0,1.0,,1.0,1.0,1.0,,,,1.0,1.0,1.0,,1.0,1.0,1.0,1.0,sulfonamides,EVITER,CYP2C19,,1.0,1.0
1.0,,,,,1.0,0.0,1.0,1.0,1.0,1.0,1.0,1.0,,1.0,1.0,1.0,,,,1.0,1.0,1.0,,1.0,1.0,1.0,1.0,urea derivatives,EVITER,CYP2C19,,1.0,1.0
1.0,,,,,1.0,2.0,1.0,1.0,1.0,1.0,1.0,1.0,,1.0,1.0,1.0,,,,1.0,1.0,1.0,,1.0,1.0,1.0,1.0,voriconazole,ADAPTER_DOSE,CYP2C19,,1.0,1.0
1.0,,,,,1.0,1.0,1.0,1.0,1.0,0.5,1.0,1.0,,1.0,1.0,1.0,,,,1.0,1.0,1.0,,1.0,1.0,1.0,1.0,fentanyl,ADAPTER_DOSE,CYP3A5,,1.0,1.0
1.0,,,,,1.0,1.0,1.0,0.5,1.0,1.0,1.0,1.0,,1.0,1.0,1.0,,,,1.0,1.0,1.0,,1.0,1.0,1.0,1.0,citalopram,ADAPTER_DOSE,CYP2D6,,1.0,1.0
1.0,,,,,1.0,1.0,0.5,1.0,1.0,1.0,1.0,1.0,,1.0,1.0,1.0,,,,1.0,1.0,1.0,,1.0,1.0,1.0,1.0,hydroxyphenytoin,ADAPTER_DOSE,CYP2C9,,1.0,1.0
1.0,,,,,1.0,1.0,0.5,1.0,1.0,1.0,1.0,1.0,,1.0,1.0,1.0,,,,1.0,1.0,1.0,,1.0,1.0,1.0,1.0,piroxicam,ADAPTER_DOSE,CYP2C9,,1.0,1.0
1.0,,,,,1.0,1.0,1.0,1.0,1.0,0.5,1.0,1.0,,1.0,1.0,1.0,,,,1.0,1.0,1.0,,1.0,1.0,1.0,1.0,tacrolimus,SURVEILLER,CYP3A5,,1.0,1.0
1.0,,,,,1.0,1.0,1.0,1.0,1.0,1.0,1.0,1.0,,1.0,1.0,1.0,,,,1.0,1.0,1.0,,1.0,1.0,1.0,1.0,varenicline,EVITER,CYP2A6,,0.5,1.0
0.5,,,,,1.0,1.0,1.0,1.0,1.0,1.0,1.0,1.0,,1.0,1.0,1.0,,,,1.0,1.0,1.0,,1.0,1.0,1.0,1.0,rosuvastatin,ADAPTER_DOSE,ABCG2,,1.0,1.0
1.0,,,,,1.0,1.0,1.0,0.0,1.0,1.0,1.0,1.0,,1.0,1.0,1.0,,,,1.0,1.0,1.0,,1.0,1.0,1.0,1.0,opioids,EVITER,CYP2D6,,1.0,1.0
1.0,,,,,1.0,1.0,1.0,1.0,1.0,1.0,1.0,0.5,,1.0,1.0,1.0,,,,1.0,1.0,1.0,,1.0,1.0,1.0,1.0,3-aminoisobutyrate,ADAPTER_DOSE,DPYD,,1.0,1.0
1.0,,,,,1.0,1.0,1.0,1.0,1.0,1.0,1.0,1.0,,1.0,1.0,1.0,,,,1.5,1.0,1.0,,1.0,1.0,1.0,1.0,hydralazine,SURVEILLER,NAT2,,1.0,1.0
1.0,,,,,1.0,1.0,1.0,0.5,1.0,1.0,1.0,1.0,,1.0,1.0,1.0,,,,1.0,1.0,1.0,,1.0,1.0,1.0,1.0,mexiletine,EVITER,CYP2D6,,1.0,1.0
1.0,,,,,1.0,1.0,0.5,1.0,1.0,1.0,1.0,1.0,,1.0,1.0,1.0,,,,1.0,1.0,1.0,,1.0,1.0,1.0,1.0,meloxicam,SURVEILLER,CYP2C9,,1.0,1.0
1.0,,,,,1.0,1.0,1.0,1.0,1.0,1.0,1.0,0.5,,1.0,1.0,1.0,,,,1.0,1.0,1.0,,1.0,1.0,1.0,1.0,uracil,ADAPTER_DOSE,DPYD,,1.0,1.0
1.0,,,,,1.0,1.0,1.0,1.0,1.0,0.5,1.0,1.0,,1.0,1.0,1.0,,,,1.0,1.0,1.0,,1.0,1.0,1.0,1.0,rivaroxaban,EVITER,CYP3A5,,1.0,1.0
1.0,,,,,1.0,1.0,1.0,1.0,1.0,1.0,1.0,1.0,,1.0,1.0,1.0,,,,1.0,1.0,1.0,,1.0,1.0,1.0,1.0,praziquantel,ADAPTER_DOSE,CYP1A2,,1.0,0.5
1.0,,,,,1.0,1.0,0.5,1.0,1.0,1.0,1.0,1.0,,1.0,1.0,1.0,,,,1.0,1.0,1.0,,1.0,1.0,1.0,1.0,praziquantel,ADAPTER_DOSE,CYP2C9,,1.0,1.0
1.0,,,,,1.0,1.0,1.0,0.5,1.0,1.0,1.0,1.0,,1.0,1.0,1.0,,,,1.0,1.0,1.0,,1.0,1.0,1.0,1.0,aripiprazole,EVITER,CYP2D6,,1.0,1.0
1.0,,,,,1.0,1.0,1.0,1.0,0.5,1.0,1.0,1.0,,1.0,1.0,1.0,,,,1.0,1.0,1.0,,1.0,1.0,1.0,1.0,cyclophosphamide,EVITER,CYP3A4,,1.0,1.0
1.0,,,,,1.0,1.0,1.0,1.0,1.0,0.5,1.0,1.0,,1.0,1.0,1.0,,,,1.0,1.0,1.0,,1.0,1.0,1.0,1.0,cyclophosphamide,EVITER,CYP3A5,,1.0,1.0
1.0,,,,,1.0,0.5,1.0,1.0,1.0,1.0,1.0,1.0,,1.0,1.0,1.0,,,,1.0,1.0,1.0,,1.0,1.0,1.0,1.0,esomeprazole,ADAPTER_DOSE,CYP2C19,,1.0,1.0
1.0,,,,,1.0,0.5,1.0,1.0,1.0,1.0,1.0,1.0,,1.0,1.0,1.0,,,,1.0,1.0,1.0,,1.0,1.0,1.0,1.0,pantoprazole,ADAPTER_DOSE,CYP2C19,,1.0,1.0
1.0,,,,,1.0,1.0,1.0,1.0,1.0,1.0,1.0,1.0,,1.0,1.0,1.0,,,,1.0,1.0,1.0,,1.0,0.5,1.0,1.0,azathioprine,SURVEILLER,TPMT,,1.0,1.0
1.0,,,,,1.0,1.0,1.0,1.0,1.0,1.0,1.0,1.0,,1.0,1.0,1.0,,,,1.0,1.0,1.0,,1.0,0.5,1.0,1.0,purine analogues,SURVEILLER,TPMT,,1.0,1.0
1.0,,,,,1.0,1.0,1.0,1.0,0.5,1.0,1.0,1.0,,1.0,1.0,1.0,,,,1.0,1.0,1.0,,1.0,1.0,1.0,1.0,tacrolimus,ADAPTER_DOSE,CYP3A4,,1.0,1.0
1.0,,,,,1.0,1.0,1.0,1.0,0.5,1.0,1.0,1.0,,1.0,1.0,1.0,,,,1.0,1.0,1.0,,1.0,1.0,1.0,1.0,amlodipine,ADAPTER_DOSE,CYP3A4,,1.0,1.0
1.0,,,,,1.0,0.5,1.0,1.0,1.0,1.0,1.0,1.0,,1.0,1.0,1.0,,,,1.0,1.0,1.0,,1.0,1.0,1.0,1.0,rabeprazole,EVITER,CYP2C19,,1.0,1.0
1.0,,,,,1.0,1.0,1.0,0.5,1.0,1.0,1.0,1.0,,1.0,1.0,1.0,,,,1.0,1.0,1.0,,1.0,1.0,1.0,1.0,iloperidone,ADAPTER_DOSE,CYP2D6,,1.0,1.0
1.0,,,,,1.0,1.0,1.0,0.5,1.0,1.0,1.0,1.0,,1.0,1.0,1.0,,,,1.0,1.0,1.0,,1.0,1.0,1.0,1.0,iloperidone metabolite p88,ADAPTER_DOSE,CYP2D6,,1.0,1.0
1.0,,,,,1.0,0.5,1.0,1.0,1.0,1.0,1.0,1.0,,1.0,1.0,1.0,,,,1.0,1.0,1.0,,1.0,1.0,1.0,1.0,aspirin,EVITER,CYP2C19,,1.0,1.0
1.0,,,,,1.0,1.0,1.0,2.0,1.0,1.0,1.0,1.0,,1.0,1.0,1.0,,,,1.0,1.0,1.0,,1.0,1.0,1.0,1.0,imipramine,ADAPTER_DOSE,CYP2D6,,1.0,1.0
1.0,,,,,1.0,1.0,1.0,1.0,1.0,1.0,1.0,1.0,,1.0,1.0,1.0,,,,0.5,1.0,1.0,,1.0,1.0,1.0,1.0,isoniazid,ADAPTER_DOSE,NAT2,,1.0,1.0
0.5,,,,,1.0,1.0,1.0,1.0,1.0,1.0,1.0,1.0,,1.0,1.0,1.0,,,,1.0,1.0,1.0,,1.0,1.0,1.0,1.0,rivaroxaban,ADAPTER_DOSE,ABCG2,,1.0,1.0
1.0,,,,,1.0,1.0,1.0,0.5,1.0,1.0,1.0,1.0,,1.0,1.0,1.0,,,,1.0,1.0,1.0,,1.0,1.0,1.0,1.0,atomoxetine,ADAPTER_DOSE,CYP2D6,,1.0,1.0
1.0,,,,,1.0,1.0,0.5,1.0,1.0,1.0,1.0,1.0,,1.0,1.0,1.0,,,,1.0,1.0,1.0,,1.0,1.0,1.0,1.0,avatrombopag,ADAPTER_DOSE,CYP2C9,,1.0,1.0
1.0,,,,,1.0,1.0,1.0,1.0,1.0,0.5,1.0,1.0,,1.0,1.0,1.0,,,,1.0,1.0,1.0,,1.0,1.0,1.0,1.0,venetoclax,ADAPTER_DOSE,CYP3A5,,1.0,1.0
1.0,,,,,1.0,1.0,1.0,1.0,1.0,1.0,1.0,1.0,,1.0,1.0,1.0,,,,1.0,1.0,1.0,,0.5,1.0,1.0,1.0,pitavastatin,ADAPTER_DOSE,SLCO1B1,,1.0,1.0
1.0,,,,,1.0,0.5,1.0,1.0,1.0,1.0,1.0,1.0,,1.0,1.0,1.0,,,,1.0,1.0,1.0,,1.0,1.0,1.0,1.0,omeprazole,ADAPTER_DOSE,CYP2C19,,1.0,1.0
1.0,,,,,1.0,1.0,1.0,0.5,1.0,1.0,1.0,1.0,,1.0,1.0,1.0,,,,1.0,1.0,1.0,,1.0,1.0,1.0,1.0,3,EVITER,CYP2D6,,1.0,1.0
1.0,,,,,1.0,1.0,1.0,0.5,1.0,1.0,1.0,1.0,,1.0,1.0,1.0,,,,1.0,1.0,1.0,,1.0,1.0,1.0,1.0,4-methylenedioxymethamphetamine,EVITER,CYP2D6,,1.0,1.0
1.0,,,,,0.0,1.0,1.0,1.0,1.0,1.0,1.0,1.0,,1.0,1.0,1.0,,,,1.0,1.0,1.0,,1.0,1.0,1.0,1.0,efavirenz,ADAPTER_DOSE,CYP2B6,,1.0,1.0
1.0,,,,,1.0,1.0,1.0,0.5,1.0,1.0,1.0,1.0,,1.0,1.0,1.0,,,,1.0,1.0,1.0,,1.0,1.0,1.0,1.0,fentanyl,ADAPTER_DOSE,CYP2D6,,1.0,1.0
1.0,,,,,1.0,1.0,1.0,1.0,1.0,0.5,1.0,1.0,,1.0,1.0,1.0,,,,1.0,1.0,1.0,,1.0,1.0,1.0,1.0,sirolimus,ADAPTER_DOSE,CYP3A5,,1.0,1.0
1.0,,,,,1.0,1.0,1.0,0.5,1.0,1.0,1.0,1.0,,1.0,1.0,1.0,,,,1.0,1.0,1.0,,1.0,1.0,1.0,1.0,4-hydroxytamoxifen,ADAPTER_DOSE,CYP2D6,,1.0,1.0
1.0,,,,,1.0,1.0,1.0,0.5,1.0,1.0,1.0,1.0,,1.0,1.0,1.0,,,,1.0,1.0,1.0,,1.0,1.0,1.0,1.0,3,ADAPTER_DOSE,CYP2D6,,1.0,1.0
1.0,,,,,1.0,1.0,1.0,0.5,1.0,1.0,1.0,1.0,,1.0,1.0,1.0,,,,1.0,1.0,1.0,,1.0,1.0,1.0,1.0,4-methylenedioxymethamphetamine,ADAPTER_DOSE,CYP2D6,,1.0,1.0
1.0,,,,,0.5,1.0,1.0,1.0,1.0,1.0,1.0,1.0,,1.0,1.0,1.0,,,,1.0,1.0,1.0,,1.0,1.0,1.0,1.0,bupropion,EVITER,CYP2B6,,1.0,1.0
1.0,,,,,1.0,1.0,1.0,0.5,1.0,1.0,1.0,1.0,,1.0,1.0,1.0,,,,1.0,1.0,1.0,,1.0,1.0,1.0,1.0,endoxifen,ADAPTER_DOSE,CYP2D6,,1.0,1.0
1.0,,,,,1.0,1.0,0.5,1.0,1.0,1.0,1.0,1.0,,1.0,1.0,1.0,,,,1.0,1.0,1.0,,1.0,1.0,1.0,1.0,pioglitazone,ADAPTER_DOSE,CYP2C9,,1.0,1.0
1.0,,,,,1.0,1.0,1.0,0.0,1.0,1.0,1.0,1.0,,1.0,1.0,1.0,,,,1.0,1.0,1.0,,1.0,1.0,1.0,1.0,risperidone,ADAPTER_DOSE,CYP2D6,,1.0,1.0
1.0,,,,,1.0,1.0,1.0,1.0,0.5,1.0,1.0,1.0,,1.0,1.0,1.0,,,,1.0,1.0,1.0,,1.0,1.0,1.0,1.0,exemestane,ADAPTER_DOSE,CYP3A4,,1.0,1.0
1.0,,,,,1.0,1.0,1.0,0.5,1.0,1.0,1.0,1.0,,1.0,1.0,1.0,,,,1.0,1.0,1.0,,1.0,1.0,1.0,1.0,risperidone,ADAPTER_DOSE,CYP2D6,,1.0,1.0
1.0,,,,,1.0,1.0,1.0,0.5,1.0,1.0,1.0,1.0,,1.0,1.0,1.0,,,,1.0,1.0,1.0,,1.0,1.0,1.0,1.0,metoprolol,ADAPTER_DOSE,CYP2D6,,1.0,1.0
1.0,,,,,1.0,0.5,1.0,1.0,1.0,1.0,1.0,1.0,,1.0,1.0,1.0,,,,1.0,1.0,1.0,,1.0,1.0,1.0,1.0,omeprazole,EVITER,CYP2C19,,1.0,1.0
1.0,,,,,1.0,1.0,0.5,1.0,1.0,1.0,1.0,1.0,,1.0,1.0,1.0,,,,1.0,1.0,1.0,,1.0,1.0,1.0,1.0,ibuprofen,ADAPTER_DOSE,CYP2C9,,1.0,1.0
1.0,,,,,1.0,1.0,0.5,1.0,1.0,1.0,1.0,1.0,,1.0,1.0,1.0,,,,1.0,1.0,1.0,,1.0,1.0,1.0,1.0,lornoxicam,ADAPTER_DOSE,CYP2C9,,1.0,1.0
1.0,,,,,1.0,1.0,1.0,1.0,1.0,1.0,1.0,1.0,,1.0,1.0,1.0,,,,1.0,1.0,1.0,,1.0,1.0,1.0,1.0,pilocarpine,ADAPTER_DOSE,CYP2A6,,0.5,1.0
1.0,,,,,1.0,1.0,1.0,0.5,1.0,1.0,1.0,1.0,,1.0,1.0,1.0,,,,1.0,1.0,1.0,,1.0,1.0,1.0,1.0,venlafaxine,ADAPTER_DOSE,CYP2D6,,1.0,1.0
1.0,,,,,1.0,1.0,0.5,1.0,1.0,1.0,1.0,1.0,,1.0,1.0,1.0,,,,1.0,1.0,1.0,,1.0,1.0,1.0,1.0,propofol,ADAPTER_DOSE,CYP2C9,,1.0,1.0
1.0,,,,,1.0,1.0,1.0,0.0,1.0,1.0,1.0,1.0,,1.0,1.0,1.0,,,,1.0,1.0,1.0,,1.0,1.0,1.0,1.0,noroxycodone,ADAPTER_DOSE,CYP2D6,,1.0,1.0
1.0,,,,,1.0,1.0,1.0,0.5,1.0,1.0,1.0,1.0,,1.0,1.0,1.0,,,,1.0,1.0,1.0,,1.0,1.0,1.0,1.0,citalopram,SURVEILLER,CYP2D6,,1.0,1.0
1.0,,,,,1.0,1.0,1.0,0.5,1.0,1.0,1.0,1.0,,1.0,1.0,1.0,,,,1.0,1.0,1.0,,1.0,1.0,1.0,1.0,escitalopram,SURVEILLER,CYP2D6,,1.0,1.0
1.0,,,,,1.0,1.0,1.0,0.5,1.0,1.0,1.0,1.0,,1.0,1.0,1.0,,,,1.0,1.0,1.0,,1.0,1.0,1.0,1.0,fluoxetine,SURVEILLER,CYP2D6,,1.0,1.0
1.0,,,,,1.0,1.0,1.0,0.5,1.0,1.0,1.0,1.0,,1.0,1.0,1.0,,,,1.0,1.0,1.0,,1.0,1.0,1.0,1.0,fluvoxamine,SURVEILLER,CYP2D6,,1.0,1.0
1.0,,,,,1.0,1.0,1.0,0.5,1.0,1.0,1.0,1.0,,1.0,1.0,1.0,,,,1.0,1.0,1.0,,1.0,1.0,1.0,1.0,paroxetine,SURVEILLER,CYP2D6,,1.0,1.0
1.0,,,,,1.0,1.0,1.0,0.5,1.0,1.0,1.0,1.0,,1.0,1.0,1.0,,,,1.0,1.0,1.0,,1.0,1.0,1.0,1.0,sertraline,SURVEILLER,CYP2D6,,1.0,1.0
1.0,,,,,1.0,0.5,1.0,1.0,1.0,1.0,1.0,1.0,,1.0,1.0,1.0,,,,1.0,1.0,1.0,,1.0,1.0,1.0,1.0,proguanil,ADAPTER_DOSE,CYP2C19,,1.0,1.0
1.0,,,,,0.5,1.0,1.0,1.0,1.0,1.0,1.0,1.0,,1.0,1.0,1.0,,,,1.0,1.0,1.0,,1.0,1.0,1.0,1.0,artemether,ADAPTER_DOSE,CYP2B6,,1.0,1.0
1.0,,,,,1.0,0.5,1.0,1.0,1.0,1.0,1.0,1.0,,1.0,1.0,1.0,,,,1.0,1.0,1.0,,1.0,1.0,1.0,1.0,n-desmethylclozapine,ADAPTER_DOSE,CYP2C19,,1.0,1.0
1.0,,,,,1.0,0.5,1.0,1.0,1.0,1.0,1.0,1.0,,1.0,1.0,1.0,,,,1.0,1.0,1.0,,1.0,1.0,1.0,1.0,clozapine,EVITER,CYP2C19,,1.0,1.0
1.0,,,,,0.5,1.0,1.0,1.0,1.0,1.0,1.0,1.0,,1.0,1.0,1.0,,,,1.0,1.0,1.0,,1.0,1.0,1.0,1.0,cyclophosphamide,ADAPTER_DOSE,CYP2B6,,1.0,1.0
1.0,,,,,1.0,0.5,1.0,1.0,1.0,1.0,1.0,1.0,,1.0,1.0,1.0,,,,1.0,1.0,1.0,,1.0,1.0,1.0,1.0,cyclophosphamide,ADAPTER_DOSE,CYP2C19,,1.0,1.0
1.0,,,,,1.0,0.5,1.0,1.0,1.0,1.0,1.0,1.0,,1.0,1.0,1.0,,,,1.0,1.0,1.0,,1.0,1.0,1.0,1.0,cyclophosphamide,EVITER,CYP2C19,,1.0,1.0
1.0,,,,,1.0,1.0,1.0,1.0,1.0,1.0,1.0,1.0,,1.0,1.0,1.0,,,,0.5,1.0,1.0,,1.0,1.0,1.0,1.0,hydralazine,ADAPTER_DOSE,NAT2,,1.0,1.0
1.0,,,,,1.0,1.0,1.0,1.0,1.0,1.0,1.0,1.0,,1.0,1.0,1.0,,,,1.0,1.0,1.0,,1.0,1.0,1.0,1.0,3-hydroxycotinine,ADAPTER_DOSE,CYP2A6,,0.5,1.0
1.0,,,,,1.0,1.0,1.0,1.0,1.0,0.5,1.0,1.0,,1.0,1.0,1.0,,,,1.0,1.0,1.0,,1.0,1.0,1.0,1.0,tacrolimus,EVITER,CYP3A5,,1.0,1.0
1.0,,,,,1.0,0.0,1.0,1.0,1.0,1.0,1.0,1.0,,1.0,1.0,1.0,,,,1.0,1.0,1.0,,1.0,1.0,1.0,1.0,voriconazole,SURVEILLER,CYP2C19,,1.0,1.0
1.0,,,,,1.0,1.0,1.0,0.5,1.0,1.0,1.0,1.0,,1.0,1.0,1.0,,,,1.0,1.0,1.0,,1.0,1.0,1.0,1.0,metoprolol,SURVEILLER,CYP2D6,,1.0,1.0
1.0,,,,,1.0,0.5,1.0,1.0,1.0,1.0,1.0,1.0,,1.0,1.0,1.0,,,,1.0,1.0,1.0,,1.0,1.0,1.0,1.0,escitalopram,ADAPTER_DOSE,CYP2C19,,1.0,1.0
1.0,,,,,1.0,2.0,1.0,1.0,1.0,1.0,1.0,1.0,,1.0,1.0,1.0,,,,1.0,1.0,1.0,,1.0,1.0,1.0,1.0,voriconazole,SURVEILLER,CYP2C19,,1.0,1.0
1.0,,,,,1.0,0.5,1.0,1.0,1.0,1.0,1.0,1.0,,1.0,1.0,1.0,,,,1.0,1.0,1.0,,1.0,1.0,1.0,1.0,esomeprazole,EVITER,CYP2C19,,1.0,1.0
1.0,,,,,1.0,0.5,1.0,1.0,1.0,1.0,1.0,1.0,,1.0,1.0,1.0,,,,1.0,1.0,1.0,,1.0,1.0,1.0,1.0,voriconazole,SURVEILLER,CYP2C19,,1.0,1.0
1.0,,,,,1.0,1.0,0.5,1.0,1.0,1.0,1.0,1.0,,1.0,1.0,1.0,,,,1.0,1.0,1.0,,1.0,1.0,1.0,1.0,phenprocoumon,ADAPTER_DOSE,CYP2C9,,1.0,1.0
1.0,,,,,1.0,1.0,0.5,1.0,1.0,1.0,1.0,1.0,,1.0,1.0,1.0,,,,1.0,1.0,1.0,,1.0,1.0,1.0,1.0,losartan,EVITER,CYP2C9,,1.0,1.0
1.0,,,,,1.0,1.0,1.0,0.5,1.0,1.0,1.0,1.0,,1.0,1.0,1.0,,,,1.0,1.0,1.0,,1.0,1.0,1.0,1.0,haloperidol,ADAPTER_DOSE,CYP2D6,,1.0,1.0
1.0,,,,,1.0,1.0,1.0,0.5,1.0,1.0,1.0,1.0,,1.0,1.0,1.0,,,,1.0,1.0,1.0,,1.0,1.0,1.0,1.0,zuclopenthixol,ADAPTER_DOSE,CYP2D6,,1.0,1.0
1.0,,,,,1.0,1.0,1.0,1.0,1.0,1.0,1.0,1.0,,1.0,1.0,1.0,,,,1.0,1.0,1.0,,1.0,0.5,1.0,1.0,mercaptopurine,EVITER,TPMT,,1.0,1.0
1.0,,,,,1.0,1.0,1.0,1.0,0.5,1.0,1.0,1.0,,1.0,1.0,1.0,,,,1.0,1.0,1.0,,1.0,1.0,1.0,1.0,fentanyl,ADAPTER_DOSE,CYP3A4,,1.0,1.0
1.0,,,,,1.0,1.0,1.0,1.0,1.0,1.0,1.0,1.0,,1.0,1.0,1.0,,,,0.5,1.0,1.0,,1.0,1.0,1.0,1.0,sulfasalazine,SURVEILLER,NAT2,,1.0,1.0
1.0,,,,,1.0,1.0,1.0,1.0,0.5,1.0,1.0,1.0,,1.0,1.0,1.0,,,,1.0,1.0,1.0,,1.0,1.0,1.0,1.0,sufentanil,EVITER,CYP3A4,,1.0,1.0
1.0,,,,,1.0,1.0,1.0,1.0,0.5,1.0,1.0,1.0,,1.0,1.0,1.0,,,,1.0,1.0,1.0,,1.0,1.0,1.0,1.0,sufentanil,ADAPTER_DOSE,CYP3A4,,1.0,1.0
1.0,,,,,1.0,1.0,1.0,1.0,0.5,1.0,1.0,1.0,,1.0,1.0,1.0,,,,1.0,1.0,1.0,,1.0,1.0,1.0,1.0,tacrolimus,SURVEILLER,CYP3A4,,1.0,1.0
1.0,,,,,1.0,1.0,1.0,1.0,1.0,1.0,1.0,1.0,,1.0,1.0,0.5,,,,1.0,1.0,1.0,,1.0,1.0,1.0,1.0,interferon beta-1a,EVITER,HLA-B,,1.0,1.0
1.0,,,,,1.0,1.0,1.0,1.0,1.0,1.0,1.0,1.0,,1.0,1.0,0.5,,,,1.0,1.0,1.0,,1.0,1.0,1.0,1.0,rubella vaccines,EVITER,HLA-B,,1.0,1.0
1.0,,,,,1.0,1.0,1.0,1.0,1.0,1.0,1.0,1.0,,1.0,1.0,0.5,,,,1.0,1.0,1.0,,1.0,1.0,1.0,1.0,peginterferon alfa-2a,EVITER,HLA-B,,1.0,1.0
1.0,,,,,1.0,1.0,1.0,1.0,1.0,1.0,1.0,1.0,,1.0,1.0,0.5,,,,1.0,1.0,1.0,,1.0,1.0,1.0,1.0,peginterferon alfa-2b,EVITER,HLA-B,,1.0,1.0
1.0,,,,,1.0,1.0,1.0,1.0,1.0,1.0,1.0,1.0,,1.0,1.0,0.5,,,,1.0,1.0,1.0,,1.0,1.0,1.0,1.0,ribavirin,EVITER,HLA-B,,1.0,1.0
1.0,,,,,1.0,1.0,1.0,1.0,0.5,1.0,1.0,1.0,,1.0,1.0,1.0,,,,1.0,1.0,1.0,,1.0,1.0,1.0,1.0,cyclosporine,ADAPTER_DOSE,CYP3A4,,1.0,1.0
1.0,,,,,1.0,1.0,1.0,1.0,0.5,1.0,1.0,1.0,,1.0,1.0,1.0,,,,1.0,1.0,1.0,,1.0,1.0,1.0,1.0,fentanyl,SURVEILLER,CYP3A4,,1.0,1.0
1.0,,,,,0.5,1.0,1.0,1.0,1.0,1.0,1.0,1.0,,1.0,1.0,1.0,,,,1.0,1.0,1.0,,1.0,1.0,1.0,1.0,methadone,ADAPTER_DOSE,CYP2B6,,1.0,1.0
1.0,,,,,0.5,1.0,1.0,1.0,1.0,1.0,1.0,1.0,,1.0,1.0,1.0,,,,1.0,1.0,1.0,,1.0,1.0,1.0,1.0,sertraline,ADAPTER_DOSE,CYP2B6,,1.0,1.0
1.0,,,,,1.0,0.5,1.0,1.0,1.0,1.0,1.0,1.0,,1.0,1.0,1.0,,,,1.0,1.0,1.0,,1.0,1.0,1.0,1.0,sertraline,ADAPTER_DOSE,CYP2C19,,1.0,1.0
1.0,,,,,1.0,1.0,1.0,1.0,1.0,1.0,1.0,1.0,,1.0,1.0,1.0,,,,1.0,1.0,1.0,,0.5,1.0,1.0,1.0,pravastatin,EVITER,SLCO1B1,,1.0,1.0
1.0,,,,,1.0,1.0,0.5,1.0,1.0,1.0,1.0,1.0,,1.0,1.0,1.0,,,,1.0,1.0,1.0,,1.0,1.0,1.0,1.0,rifampin,EVITER,CYP2C9,,1.0,1.0
1.0,,,,,1.0,1.0,1.0,1.0,1.0,1.0,1.0,1.0,,1.0,1.0,1.0,,,,1.0,1.0,1.0,,0.5,1.0,1.0,1.0,fluvastatin,EVITER,SLCO1B1,,1.0,1.0
1.0,,,,,1.0,1.0,1.0,1.0,1.0,1.0,1.0,1.0,,1.0,1.0,1.0,,,,1.0,1.0,1.0,,0.5,1.0,1.0,1.0,conjugated estrogens,ADAPTER_DOSE,SLCO1B1,,1.0,1.0
1.0,,,,,1.0,1.0,1.0,1.0,1.0,1.0,1.0,1.0,,1.0,1.0,1.0,,,,1.0,1.0,1.0,,1.0,1.0,1.0,0.5,acenocoumarol,ADAPTER_DOSE,VKORC1,,1.0,1.0
1.0,,,,,1.0,1.0,1.0,1.0,1.0,1.0,1.0,1.0,,1.0,1.0,1.0,,,,1.0,1.0,1.0,,0.0,1.0,1.0,1.0,atrasentan,ADAPTER_DOSE,SLCO1B1,,1.0,1.0
1.0,,,,,1.0,1.0,1.0,1.0,1.0,0.5,1.0,1.0,,1.0,1.0,1.0,,,,1.0,1.0,1.0,,1.0,1.0,1.0,1.0,3,ADAPTER_DOSE,CYP3A5,,1.0,1.0
1.0,,,,,1.0,1.0,1.0,1.0,1.0,0.5,1.0,1.0,,1.0,1.0,1.0,,,,1.0,1.0,1.0,,1.0,1.0,1.0,1.0,4-dehydrocilostazol,ADAPTER_DOSE,CYP3A5,,1.0,1.0
1.0,,,,,0.5,1.0,1.0,1.0,1.0,1.0,1.0,1.0,,1.0,1.0,1.0,,,,1.0,1.0,1.0,,1.0,1.0,1.0,1.0,hydroxybupropion,ADAPTER_DOSE,CYP2B6,,1.0,1.0
1.0,,,,,1.0,0.5,1.0,1.0,1.0,1.0,1.0,1.0,,1.0,1.0,1.0,,,,1.0,1.0,1.0,,1.0,1.0,1.0,1.0,atomoxetine,ADAPTER_DOSE,CYP2C19,,1.0,1.0
1.0,,,,,1.0,0.5,1.0,1.0,1.0,1.0,1.0,1.0,,1.0,1.0,1.0,,,,1.0,1.0,1.0,,1.0,1.0,1.0,1.0,amitriptyline,SURVEILLER,CYP2C19,,1.0,1.0
1.0,,,,,1.0,0.5,1.0,1.0,1.0,1.0,1.0,1.0,,1.0,1.0,1.0,,,,1.0,1.0,1.0,,1.0,1.0,1.0,1.0,clomipramine,SURVEILLER,CYP2C19,,1.0,1.0
1.0,,,,,1.0,1.0,1.0,0.5,1.0,1.0,1.0,1.0,,1.0,1.0,1.0,,,,1.0,1.0,1.0,,1.0,1.0,1.0,1.0,brexpiprazole,ADAPTER_DOSE,CYP2D6,,1.0,1.0
1.0,,,,,1.0,1.0,1.0,0.5,1.0,1.0,1.0,1.0,,1.0,1.0,1.0,,,,1.0,1.0,1.0,,1.0,1.0,1.0,1.0,n-desmethyltramadol,ADAPTER_DOSE,CYP2D6,,1.0,1.0
1.0,,,,,1.0,1.0,0.5,1.0,1.0,1.0,1.0,1.0,,1.0,1.0,1.0,,,,1.0,1.0,1.0,,1.0,1.0,1.0,1.0,ketorolac,EVITER,CYP2C9,,1.0,1.0
1.0,,,,,1.0,1.0,1.0,0.5,1.0,1.0,1.0,1.0,,1.0,1.0,1.0,,,,1.0,1.0,1.0,,1.0,1.0,1.0,1.0,tramadol,EVITER,CYP2D6,,1.0,1.0
1.0,,,,,1.0,1.0,1.0,1.0,0.5,1.0,1.0,1.0,,1.0,1.0,1.0,,,,1.0,1.0,1.0,,1.0,1.0,1.0,1.0,endoxifen,ADAPTER_DOSE,CYP3A4,,1.0,1.0
1.0,,,,,1.0,1.0,1.0,1.0,1.0,0.5,1.0,1.0,,1.0,1.0,1.0,,,,1.0,1.0,1.0,,1.0,1.0,1.0,1.0,midazolam,ADAPTER_DOSE,CYP3A5,,1.0,1.0
1.0,,,,,1.0,1.0,1.0,0.0,1.0,1.0,1.0,1.0,,1.0,1.0,1.0,,,,1.0,1.0,1.0,,1.0,1.0,1.0,1.0,endoxifen,ADAPTER_DOSE,CYP2D6,,1.0,1.0
1.0,,,,,1.0,0.0,1.0,1.0,1.0,1.0,1.0,1.0,,1.0,1.0,1.0,,,,1.0,1.0,1.0,,1.0,1.0,1.0,1.0,oxycodone,ADAPTER_DOSE,CYP2C19,,1.0,1.0
1.0,,,,,1.0,1.0,1.0,1.0,0.5,1.0,1.0,1.0,,1.0,1.0,1.0,,,,1.0,1.0,1.0,,1.0,1.0,1.0,1.0,oxycodone,ADAPTER_DOSE,CYP3A4,,1.0,1.0
1.0,,,,,1.0,0.0,1.0,1.0,1.0,1.0,1.0,1.0,,1.0,1.0,1.0,,,,1.0,1.0,1.0,,1.0,1.0,1.0,1.0,gliclazide,ADAPTER_DOSE,CYP2C19,,1.0,1.0
1.0,,,,,1.0,1.0,0.5,1.0,1.0,1.0,1.0,1.0,,1.0,1.0,1.0,,,,1.0,1.0,1.0,,1.0,1.0,1.0,1.0,fluvastatin,ADAPTER_DOSE,CYP2C9,,1.0,1.0
1.0,,,,,1.0,1.0,1.0,1.0,0.5,1.0,1.0,1.0,,1.0,1.0,1.0,,,,1.0,1.0,1.0,,1.0,1.0,1.0,1.0,n-desmethylclozapine,ADAPTER_DOSE,CYP3A4,,1.0,1.0
1.0,,,,,1.0,1.0,1.0,1.0,1.0,0.5,1.0,1.0,,1.0,1.0,1.0,,,,1.0,1.0,1.0,,1.0,1.0,1.0,1.0,dihydropyridine derivatives,SURVEILLER,CYP3A5,,1.0,1.0
1.0,,,,,1.0,1.0,1.0,1.0,1.0,1.0,1.0,1.0,,1.0,1.0,1.0,,,,1.0,1.0,1.0,,1.0,1.0,1.0,1.0,n-desmethylclozapine,ADAPTER_DOSE,CYP1A2,,1.0,0.5
1.0,,,,,1.0,1.0,0.5,1.0,1.0,1.0,1.0,1.0,,1.0,1.0,1.0,,,,1.0,1.0,1.0,,1.0,1.0,1.0,1.0,pitavastatin,ADAPTER_DOSE,CYP2C9,,1.0,1.0
1.0,,,,,1.0,1.0,1.0,1.0,0.5,1.0,1.0,1.0,,1.0,1.0,1.0,,,,1.0,1.0,1.0,,1.0,1.0,1.0,1.0,alprazolam,EVITER,CYP3A4,,1.0,1.0
1.0,,,,,1.0,1.0,0.5,1.0,1.0,1.0,1.0,1.0,,1.0,1.0,1.0,,,,1.0,1.0,1.0,,1.0,1.0,1.0,1.0,diclofenac,ADAPTER_DOSE,CYP2C9,,1.0,1.0
0.5,,,,,1.0,1.0,1.0,1.0,1.0,1.0,1.0,1.0,,1.0,1.0,1.0,,,,1.0,1.0,1.0,,1.0,1.0,1.0,1.0,clozapine,ADAPTER_DOSE,ABCG2,,1.0,1.0
1.0,,,,,1.0,1.0,1.0,1.0,1.0,1.0,1.0,1.0,,1.0,1.0,1.0,,,,1.0,1.0,1.0,,1.0,1.0,0.5,1.0,dolutegravir,ADAPTER_DOSE,UGT1A1,,1.0,1.0
1.0,,,,,1.0,1.0,1.0,1.0,1.0,1.0,1.0,1.0,,1.0,1.0,1.0,,,,1.0,1.0,1.0,,1.0,1.0,1.0,1.0,nicotine,SURVEILLER,CYP2A6,,0.5,1.0
1.0,,,,,1.0,1.0,1.0,1.0,1.0,1.0,1.0,1.0,,1.0,1.0,1.0,,,,1.0,1.0,1.0,,1.0,1.0,1.0,1.0,letrozole,ADAPTER_DOSE,CYP2A6,,0.5,1.0
1.0,,,,,1.0,1.0,0.5,1.0,1.0,1.0,1.0,1.0,,1.0,1.0,1.0,,,,1.0,1.0,1.0,,1.0,1.0,1.0,1.0,sulfonamides,EVITER,CYP2C9,,1.0,1.0
1.0,,,,,1.0,1.0,0.5,1.0,1.0,1.0,1.0,1.0,,1.0,1.0,1.0,,,,1.0,1.0,1.0,,1.0,1.0,1.0,1.0,urea derivatives,EVITER,CYP2C9,,1.0,1.0
1.0,,,,,1.0,0.5,1.0,1.0,1.0,1.0,1.0,1.0,,1.0,1.0,1.0,,,,1.0,1.0,1.0,,1.0,1.0,1.0,1.0,escitalopram,EVITER,CYP2C19,,1.0,1.0
1.0,,,,,1.0,1.0,1.0,1.0,1.0,0.5,1.0,1.0,,1.0,1.0,1.0,,,,1.0,1.0,1.0,,1.0,1.0,1.0,1.0,dextropropoxyphene,ADAPTER_DOSE,CYP3A5,,1.0,1.0
1.0,,,,,1.0,1.0,1.0,1.0,1.0,0.5,1.0,1.0,,1.0,1.0,1.0,,,,1.0,1.0,1.0,,1.0,1.0,1.0,1.0,felodipine,ADAPTER_DOSE,CYP3A5,,1.0,1.0
1.0,,,,,1.0,1.0,1.0,0.5,1.0,1.0,1.0,1.0,,1.0,1.0,1.0,,,,1.0,1.0,1.0,,1.0,1.0,1.0,1.0,codeine,ADAPTER_DOSE,CYP2D6,,1.0,1.0
1.0,,,,,1.0,0.5,1.0,1.0,1.0,1.0,1.0,1.0,,1.0,1.0,1.0,,,,1.0,1.0,1.0,,1.0,1.0,1.0,1.0,rabeprazole,ADAPTER_DOSE,CYP2C19,,1.0,1.0
1.0,,,,,1.0,0.5,1.0,1.0,1.0,1.0,1.0,1.0,,1.0,1.0,1.0,,,,1.0,1.0,1.0,,1.0,1.0,1.0,1.0,pantoprazole,EVITER,CYP2C19,,1.0,1.0
1.0,,,,,1.0,1.0,1.0,0.5,1.0,1.0,1.0,1.0,,1.0,1.0,1.0,,,,1.0,1.0,1.0,,1.0,1.0,1.0,1.0,tolperisone,ADAPTER_DOSE,CYP2D6,,1.0,1.0
1.0,,,,,0.5,1.0,1.0,1.0,1.0,1.0,1.0,1.0,,1.0,1.0,1.0,,,,1.0,1.0,1.0,,1.0,1.0,1.0,1.0,bupropion,ADAPTER_DOSE,CYP2B6,,1.0,1.0
1.0,,,,,1.0,1.0,1.0,0.5,1.0,1.0,1.0,1.0,,1.0,1.0,1.0,,,,1.0,1.0,1.0,,1.0,1.0,1.0,1.0,mianserin,ADAPTER_DOSE,CYP2D6,,1.0,1.0
1.0,,,,,1.0,0.5,1.0,1.0,1.0,1.0,1.0,1.0,,1.0,1.0,1.0,,,,1.0,1.0,1.0,,1.0,1.0,1.0,1.0,mephenytoin,ADAPTER_DOSE,CYP2C19,,1.0,1.0
1.0,,,,,1.0,1.0,1.0,0.5,1.0,1.0,1.0,1.0,,1.0,1.0,1.0,,,,1.0,1.0,1.0,,1.0,1.0,1.0,1.0,selective serotonin reuptake inhibitors,ADAPTER_DOSE,CYP2D6,,1.0,1.0
1.0,,,,,1.0,1.0,1.0,0.5,1.0,1.0,1.0,1.0,,1.0,1.0,1.0,,,,1.0,1.0,1.0,,1.0,1.0,1.0,1.0,tramadol,SURVEILLER,CYP2D6,,1.0,1.0
1.0,,,,,1.0,1.0,1.0,1.0,1.0,1.0,1.0,1.0,,1.0,1.0,1.0,,,,1.0,1.0,1.0,,1.0,1.0,1.0,1.0,endoxifen,ADAPTER_DOSE,CYP2D6,,1.0,1.0
1.0,,,,,1.0,0.5,1.0,1.0,1.0,1.0,1.0,1.0,,1.0,1.0,1.0,,,,1.0,1.0,1.0,,1.0,1.0,1.0,1.0,imipramine,ADAPTER_DOSE,CYP2C19,,1.0,1.0
1.0,,,,,1.0,1.0,1.0,0.0,1.0,1.0,1.0,1.0,,1.0,1.0,1.0,,,,1.0,1.0,1.0,,1.0,1.0,1.0,1.0,o-desmethyltramadol,ADAPTER_DOSE,CYP2D6,,1.0,1.0
1.0,,,,,1.0,1.0,1.0,0.5,1.0,1.0,1.0,1.0,,1.0,1.0,1.0,,,,1.0,1.0,1.0,,1.0,1.0,1.0,1.0,trimipramine,ADAPTER_DOSE,CYP2D6,,1.0,1.0
1.0,,,,,1.0,0.5,1.0,1.0,1.0,1.0,1.0,1.0,,1.0,1.0,1.0,,,,1.0,1.0,1.0,,1.0,1.0,1.0,1.0,nortriptyline,ADAPTER_DOSE,CYP2C19,,1.0,1.0
1.0,,,,,1.0,0.5,1.0,1.0,1.0,1.0,1.0,1.0,,1.0,1.0,1.0,,,,1.0,1.0,1.0,,1.0,1.0,1.0,1.0,clopidogrel,ADAPTER_DOSE,CYP2C19,,1.0,1.0
1.0,,,,,1.0,1.0,1.0,0.5,1.0,1.0,1.0,1.0,,1.0,1.0,1.0,,,,1.0,1.0,1.0,,1.0,1.0,1.0,1.0,nortriptyline,ADAPTER_DOSE,CYP2D6,,1.0,1.0
1.0,,,,,1.0,1.0,1.0,1.0,0.5,1.0,1.0,1.0,,1.0,1.0,1.0,,,,1.0,1.0,1.0,,1.0,1.0,1.0,1.0,sildenafil,ADAPTER_DOSE,CYP3A4,,1.0,1.0
1.0,,,,,1.0,1.0,1.0,1.0,1.0,1.0,1.0,1.0,,1.0,1.0,1.0,,,,1.0,1.0,1.0,,1.0,1.0,0.5,1.0,bilirubin,ADAPTER_DOSE,UGT1A1,,1.0,1.0
1.0,,,,,1.0,1.0,0.5,1.0,1.0,1.0,1.0,1.0,,1.0,1.0,1.0,,,,1.0,1.0,1.0,,1.0,1.0,1.0,1.0,methadone,ADAPTER_DOSE,CYP2C9,,1.0,1.0
1.0,,,,,1.0,1.0,1.0,1.0,1.0,0.5,1.0,1.0,,1.0,1.0,1.0,,,,1.0,1.0,1.0,,1.0,1.0,1.0,1.0,methadone,ADAPTER_DOSE,CYP3A5,,1.0,1.0
1.0,,,,,1.0,0.5,1.0,1.0,1.0,1.0,1.0,1.0,,1.0,1.0,1.0,,,,1.0,1.0,1.0,,1.0,1.0,1.0,1.0,methadone,ADAPTER_DOSE,CYP2C19,,1.0,1.0
1.0,,,,,1.0,1.0,0.5,1.0,1.0,1.0,1.0,1.0,,1.0,1.0,1.0,,,,1.0,1.0,1.0,,1.0,1.0,1.0,1.0,losartan,ADAPTER_DOSE,CYP2C9,,1.0,1.0
1.0,,,,,1.0,0.5,1.0,1.0,1.0,1.0,1.0,1.0,,1.0,1.0,1.0,,,,1.0,1.0,1.0,,1.0,1.0,1.0,1.0,clobazam,ADAPTER_DOSE,CYP2C19,,1.0,1.0
1.0,,,,,0.5,1.0,1.0,1.0,1.0,1.0,1.0,1.0,,1.0,1.0,1.0,,,,1.0,1.0,1.0,,1.0,1.0,1.0,1.0,bupropion,SURVEILLER,CYP2B6,,1.0,1.0
1.0,,,,,1.0,1.0,1.0,1.0,1.0,1.0,1.0,1.0,,1.0,1.0,1.0,,,,1.0,1.0,1.0,,1.0,0.5,1.0,1.0,cisplatin,EVITER,TPMT,,1.0,1.0
1.0,,,,,1.0,1.0,1.0,1.0,1.0,1.0,1.0,1.0,,1.0,1.0,1.0,,,,1.0,1.0,1.0,,1.0,0.5,1.0,1.0,fluorouracil,EVITER,TPMT,,1.0,1.0
1.0,,,,,1.0,1.0,1.0,0.0,1.0,1.0,1.0,1.0,,1.0,1.0,1.0,,,,1.0,1.0,1.0,,1.0,1.0,1.0,1.0,gefitinib,ADAPTER_DOSE,CYP2D6,,1.0,1.0
1.0,,,,,1.0,1.0,1.0,1.0,0.5,1.0,1.0,1.0,,1.0,1.0,1.0,,,,1.0,1.0,1.0,,1.0,1.0,1.0,1.0,midazolam,ADAPTER_DOSE,CYP3A4,,1.0,1.0
1.0,,,,,1.0,1.0,1.0,1.0,1.0,1.0,1.0,1.0,,1.0,1.0,0.5,,,,1.0,1.0,1.0,,1.0,1.0,1.0,1.0,measles vaccines,EVITER,HLA-B,,1.0,1.0
1.0,,,,,1.0,1.0,1.0,1.0,1.0,1.0,1.0,0.0,,1.0,1.0,1.0,,,,1.0,1.0,1.0,,1.0,1.0,1.0,1.0,fluorouracil,ADAPTER_DOSE,DPYD,,1.0,1.0
1.0,,,,,1.0,1.0,1.0,0.5,1.0,1.0,1.0,1.0,,1.0,1.0,1.0,,,,1.0,1.0,1.0,,1.0,1.0,1.0,1.0,amitriptyline,ADAPTER_DOSE,CYP2D6,,1.0,1.0
1.0,,,,,1.0,1.0,1.0,1.0,1.0,0.5,1.0,1.0,,1.0,1.0,1.0,,,,1.0,1.0,1.0,,1.0,1.0,1.0,1.0,granisetron,ADAPTER_DOSE,CYP3A5,,1.0,1.0
1.0,,,,,1.0,1.0,1.0,0.5,1.0,1.0,1.0,1.0,,1.0,1.0,1.0,,,,1.0,1.0,1.0,,1.0,1.0,1.0,1.0,codeine,EVITER,CYP2D6,,1.0,1.0
1.0,,,,,1.0,0.5,1.0,1.0,1.0,1.0,1.0,1.0,,1.0,1.0,1.0,,,,1.0,1.0,1.0,,1.0,1.0,1.0,1.0,clomipramine,ADAPTER_DOSE,CYP2C19,,1.0,1.0
1.0,,,,,1.0,1.0,1.0,1.0,1.0,1.0,1.0,1.0,,1.0,1.0,1.0,,,,1.0,1.0,1.0,,1.0,1.0,0.5,1.0,hmg-coa reductase inhibitors,EVITER,UGT1A1,,1.0,1.0
1.0,,,,,1.0,1.0,1.0,1.0,0.5,1.0,1.0,1.0,,1.0,1.0,1.0,,,,1.0,1.0,1.0,,1.0,1.0,1.0,1.0,voriconazole,ADAPTER_DOSE,CYP3A4,,1.0,1.0
1.0,,,,,1.0,1.0,1.0,1.0,1.0,1.0,0.5,1.0,,1.0,1.0,1.0,,,,1.0,1.0,1.0,,1.0,1.0,1.0,1.0,vitamin k1,ADAPTER_DOSE,CYP4F2,,1.0,1.0
1.0,,,,,1.0,1.0,1.0,0.0,1.0,1.0,1.0,1.0,,1.0,1.0,1.0,,,,1.0,1.0,1.0,,1.0,1.0,1.0,1.0,tropisetron,ADAPTER_DOSE,CYP2D6,,1.0,1.0
1.0,,,,,1.0,1.0,1.0,0.5,1.0,1.0,1.0,1.0,,1.0,1.0,1.0,,,,1.0,1.0,1.0,,1.0,1.0,1.0,1.0,tropisetron,ADAPTER_DOSE,CYP2D6,,1.0,1.0
1.0,,,,,1.0,1.0,1.0,1.0,1.0,1.0,1.0,1.0,,1.0,1.0,1.0,,,,1.0,1.0,1.0,,1.0,1.0,1.0,1.0,varenicline,EVITER,CYP2A6,,1.0,1.0
1.0,,,,,1.0,0.5,1.0,1.0,1.0,1.0,1.0,1.0,,1.0,1.0,1.0,,,,1.0,1.0,1.0,,1.0,1.0,1.0,1.0,phenazepam,EVITER,CYP2C19,,1.0,1.0
1.0,,,,,1.0,1.0,0.5,1.0,1.0,1.0,1.0,1.0,,1.0,1.0,1.0,,,,1.0,1.0,1.0,,1.0,1.0,1.0,1.0,celecoxib,ADAPTER_DOSE,CYP2C9,,1.0,1.0
1.0,,,,,1.0,1.0,1.0,2.0,1.0,1.0,1.0,1.0,,1.0,1.0,1.0,,,,1.0,1.0,1.0,,1.0,1.0,1.0,1.0,o-desmethyltramadol,ADAPTER_DOSE,CYP2D6,,1.0,1.0
1.0,,,,,1.0,1.0,1.0,0.5,1.0,1.0,1.0,1.0,,1.0,1.0,1.0,,,,1.0,1.0,1.0,,1.0,1.0,1.0,1.0,primaquine,EVITER,CYP2D6,,1.0,1.0
1.0,,,,,1.0,1.0,1.0,1.0,1.0,0.5,1.0,1.0,,1.0,1.0,1.0,,,,1.0,1.0,1.0,,1.0,1.0,1.0,1.0,clopidogrel,ADAPTER_DOSE,CYP3A5,,1.0,1.0
1.0,,,,,1.0,0.5,1.0,1.0,1.0,1.0,1.0,1.0,,1.0,1.0,1.0,,,,1.0,1.0,1.0,,1.0,1.0,1.0,1.0,tamoxifen,ADAPTER_DOSE,CYP2C19,,1.0,1.0
1.0,,,,,1.0,1.0,1.0,0.5,1.0,1.0,1.0,1.0,,1.0,1.0,1.0,,,,1.0,1.0,1.0,,1.0,1.0,1.0,1.0,doxepin,ADAPTER_DOSE,CYP2D6,,1.0,1.0
1.0,,,,,1.0,1.0,1.0,0.5,1.0,1.0,1.0,1.0,,1.0,1.0,1.0,,,,1.0,1.0,1.0,,1.0,1.0,1.0,1.0,mephedrone,ADAPTER_DOSE,CYP2D6,,1.0,1.0
1.0,,,,,1.0,0.5,1.0,1.0,1.0,1.0,1.0,1.0,,1.0,1.0,1.0,,,,1.0,1.0,1.0,,1.0,1.0,1.0,1.0,clopidogrel,SURVEILLER,CYP2C19,,1.0,1.0
1.0,,,,,1.0,0.5,1.0,1.0,1.0,1.0,1.0,1.0,,1.0,1.0,1.0,,,,1.0,1.0,1.0,,1.0,1.0,1.0,1.0,phenytoin,ADAPTER_DOSE,CYP2C19,,1.0,1.0
1.0,,,,,1.0,1.0,1.0,1.0,0.5,1.0,1.0,1.0,,1.0,1.0,1.0,,,,1.0,1.0,1.0,,1.0,1.0,1.0,1.0,ticagrelor,ADAPTER_DOSE,CYP3A4,,1.0,1.0
1.0,,,,,1.0,1.0,1.0,0.5,1.0,1.0,1.0,1.0,,1.0,1.0,1.0,,,,1.0,1.0,1.0,,1.0,1.0,1.0,1.0,ondansetron,ADAPTER_DOSE,CYP2D6,,1.0,1.0
1.0,,,,,1.0,1.0,1.0,1.0,1.0,1.0,1.0,1.0,,1.0,1.0,0.5,,,,1.0,1.0,1.0,,1.0,1.0,1.0,1.0,"""interferon alfa-2a",EVITER,HLA-B,,1.0,1.0
1.0,,,,,1.0,1.0,1.0,1.0,1.0,1.0,1.0,1.0,,1.0,1.0,0.5,,,,1.0,1.0,1.0,,1.0,1.0,1.0,1.0,"recombinant""",EVITER,HLA-B,,1.0,1.0
1.0,,,,,1.0,1.0,1.0,1.0,1.0,1.0,1.0,1.0,,1.0,1.0,0.5,,,,1.0,1.0,1.0,,1.0,1.0,1.0,1.0,"""ribavirin""",EVITER,HLA-B,,1.0,1.0
1.0,,,,,1.0,1.0,1.0,0.5,1.0,1.0,1.0,1.0,,1.0,1.0,1.0,,,,1.0,1.0,1.0,,1.0,1.0,1.0,1.0,ondansetron,EVITER,CYP2D6,,1.0,1.0
1.0,,,,,1.0,1.0,1.0,0.5,1.0,1.0,1.0,1.0,,1.0,1.0,1.0,,,,1.0,1.0,1.0,,1.0,1.0,1.0,1.0,tropisetron,EVITER,CYP2D6,,1.0,1.0
1.0,,,,,1.0,1.0,1.0,1.0,1.0,0.5,1.0,1.0,,1.0,1.0,1.0,,,,1.0,1.0,1.0,,1.0,1.0,1.0,1.0,cyclosporine,ADAPTER_DOSE,CYP3A5,,1.0,1.0
1.0,,,,,1.0,1.0,1.0,1.0,1.0,1.0,1.0,0.5,,1.0,1.0,1.0,,,,1.0,1.0,1.0,,1.0,1.0,1.0,1.0,capecitabine,ADAPTER_DOSE,DPYD,,1.0,1.0
1.0,,,,,1.0,1.0,1.0,1.0,1.0,1.0,1.0,0.5,,1.0,1.0,1.0,,,,1.0,1.0,1.0,,1.0,1.0,1.0,1.0,fluorouracil,ADAPTER_DOSE,DPYD,,1.0,1.0
0.5,,,,,1.0,1.0,1.0,1.0,1.0,1.0,1.0,1.0,,1.0,1.0,1.0,,,,1.0,1.0,1.0,,1.0,1.0,1.0,1.0,imatinib,ADAPTER_DOSE,ABCG2,,1.0,1.0
1.0,,,,,1.0,1.0,1.0,1.0,1.0,0.5,1.0,1.0,,1.0,1.0,1.0,,,,1.0,1.0,1.0,,1.0,1.0,1.0,1.0,vincristine,ADAPTER_DOSE,CYP3A5,,1.0,1.0
1.0,,,,,1.0,1.0,1.0,0.5,1.0,1.0,1.0,1.0,,1.0,1.0,1.0,,,,1.0,1.0,1.0,,1.0,1.0,1.0,1.0,metoprolol,EVITER,CYP2D6,,1.0,1.0
1.0,,,,,1.0,0.5,1.0,1.0,1.0,1.0,1.0,1.0,,1.0,1.0,1.0,,,,1.0,1.0,1.0,,1.0,1.0,1.0,1.0,amoxicillin,EVITER,CYP2C19,,1.0,1.0
1.0,,,,,1.0,1.0,1.0,1.0,1.0,1.0,1.0,1.0,,1.0,1.0,1.0,,,,1.0,1.0,1.0,,0.5,1.0,1.0,1.0,estrone sulfate,ADAPTER_DOSE,SLCO1B1,,1.0,1.0
1.0,,,,,1.0,1.0,1.0,0.5,1.0,1.0,1.0,1.0,,1.0,1.0,1.0,,,,1.0,1.0,1.0,,1.0,1.0,1.0,1.0,paroxetine,ADAPTER_DOSE,CYP2D6,,1.0,1.0
1.0,,,,,1.0,1.0,1.0,1.0,1.0,1.0,1.0,1.0,,1.0,1.0,1.0,,,,1.0,1.0,1.0,,1.0,1.0,0.5,1.0,atazanavir / ritonavir,EVITER,UGT1A1,,1.0,1.0
1.0,,,,,1.0,1.0,1.0,1.0,1.0,1.0,1.0,1.0,,1.0,1.0,1.0,,,,1.0,1.0,1.0,,0.5,1.0,1.0,1.0,estrone,EVITER,SLCO1B1,,1.0,1.0
1.0,,,,,1.0,0.5,1.0,1.0,1.0,1.0,1.0,1.0,,1.0,1.0,1.0,,,,1.0,1.0,1.0,,1.0,1.0,1.0,1.0,bupropion,ADAPTER_DOSE,CYP2C19,,1.0,1.0
1.0,,,,,1.0,1.0,1.0,1.0,1.0,1.0,1.0,1.0,,1.0,1.0,1.0,,,,1.0,1.0,1.0,,1.0,1.0,0.5,1.0,irinotecan,EVITER,UGT1A1,,1.0,1.0
1.0,,,,,1.0,1.0,1.0,1.0,1.0,1.0,1.0,1.0,,1.0,1.0,1.0,,,,1.0,1.0,1.0,,1.0,1.0,0.5,1.0,oxaliplatin,EVITER,UGT1A1,,1.0,1.0
1.0,,,,,1.0,1.0,1.0,1.0,1.0,1.0,1.0,1.0,,1.0,1.0,1.0,,,,1.0,1.0,1.0,,1.0,1.0,0.5,1.0,tegafur / gimeracil / oteracil,EVITER,UGT1A1,,1.0,1.0
1.0,,,,,1.0,1.0,1.0,0.5,1.0,1.0,1.0,1.0,,1.0,1.0,1.0,,,,1.0,1.0,1.0,,1.0,1.0,1.0,1.0,simvastatin,ADAPTER_DOSE,CYP2D6,,1.0,1.0
1.0,,,,,1.0,1.0,1.0,1.0,1.0,1.0,1.0,1.0,,1.0,1.0,1.0,,,,1.0,1.0,1.0,,1.0,1.0,1.0,1.0,irinotecan,EVITER,CYP2A6,,0.5,1.0
1.0,,,,,1.0,1.0,1.0,1.0,1.0,1.0,1.0,1.0,,1.0,1.0,1.0,,,,1.0,1.0,1.0,,1.0,1.0,1.0,1.0,oxaliplatin,EVITER,CYP2A6,,0.5,1.0
1.0,,,,,1.0,1.0,1.0,1.0,1.0,1.0,1.0,1.0,,1.0,1.0,1.0,,,,1.0,1.0,1.0,,1.0,1.0,1.0,1.0,tegafur / gimeracil / oteracil,EVITER,CYP2A6,,0.5,1.0
1.0,,,,,1.0,1.0,1.0,0.0,1.0,1.0,1.0,1.0,,1.0,1.0,1.0,,,,1.0,1.0,1.0,,1.0,1.0,1.0,1.0,donepezil,ADAPTER_DOSE,CYP2D6,,1.0,1.0
1.0,,,,,1.0,1.0,1.0,1.0,1.0,1.0,1.0,1.0,,1.0,1.0,1.0,,,,1.0,1.0,1.0,,1.0,1.0,1.0,1.0,nicotine,EVITER,CYP2A6,,0.5,1.0
1.0,,,,,1.0,1.0,1.0,1.0,1.0,1.0,1.0,1.0,,1.0,1.0,1.0,,,,1.0,1.0,1.0,,1.0,0.5,1.0,1.0,purine analogues,ADAPTER_DOSE,TPMT,,1.0,1.0
1.0,,,,,0.5,1.0,1.0,1.0,1.0,1.0,1.0,1.0,,1.0,1.0,1.0,,,,1.0,1.0,1.0,,1.0,1.0,1.0,1.0,levonorgestrel,ADAPTER_DOSE,CYP2B6,,1.0,1.0
1.0,,,,,1.0,1.0,1.0,0.5,1.0,1.0,1.0,1.0,,1.0,1.0,1.0,,,,1.0,1.0,1.0,,1.0,1.0,1.0,1.0,debrisoquine,ADAPTER_DOSE,CYP2D6,,1.0,1.0
1.0,,,,,1.0,0.5,1.0,1.0,1.0,1.0,1.0,1.0,,1.0,1.0,1.0,,,,1.0,1.0,1.0,,1.0,1.0,1.0,1.0,progesterone,ADAPTER_DOSE,CYP2C19,,1.0,1.0
1.0,,,,,1.0,1.0,1.0,2.0,1.0,1.0,1.0,1.0,,1.0,1.0,1.0,,,,1.0,1.0,1.0,,1.0,1.0,1.0,1.0,donepezil,ADAPTER_DOSE,CYP2D6,,1.0,1.0
1.0,,,,,0.5,1.0,1.0,1.0,1.0,1.0,1.0,1.0,,1.0,1.0,1.0,,,,1.0,1.0,1.0,,1.0,1.0,1.0,1.0,cyclophosphamide,EVITER,CYP2B6,,1.0,1.0
1.0,,,,,0.5,1.0,1.0,1.0,1.0,1.0,1.0,1.0,,1.0,1.0,1.0,,,,1.0,1.0,1.0,,1.0,1.0,1.0,1.0,fludarabine,EVITER,CYP2B6,,1.0,1.0
1.0,,,,,1.0,0.0,1.0,1.0,1.0,1.0,1.0,1.0,,1.0,1.0,1.0,,,,1.0,1.0,1.0,,1.0,1.0,1.0,1.0,clopidogrel,ADAPTER_DOSE,CYP2C19,,1.0,1.0
1.0,,,,,1.0,0.5,1.0,1.0,1.0,1.0,1.0,1.0,,1.0,1.0,1.0,,,,1.0,1.0,1.0,,1.0,1.0,1.0,1.0,cilostazol,ADAPTER_DOSE,CYP2C19,,1.0,1.0
1.0,,,,,1.0,1.0,1.0,1.0,1.0,1.0,1.0,1.0,,1.0,1.0,1.0,,,,1.0,1.0,1.0,,1.0,1.0,0.5,1.0,sorafenib,ADAPTER_DOSE,UGT1A1,,1.0,1.0
1.0,,,,,1.0,0.5,1.0,1.0,1.0,1.0,1.0,1.0,,1.0,1.0,1.0,,,,1.0,1.0,1.0,,1.0,1.0,1.0,1.0,clobazam,EVITER,CYP2C19,,1.0,1.0
1.0,,,,,1.0,1.0,1.0,1.0,0.5,1.0,1.0,1.0,,1.0,1.0,1.0,,,,1.0,1.0,1.0,,1.0,1.0,1.0,1.0,lopinavir,ADAPTER_DOSE,CYP3A4,,1.0,1.0
1.0,,,,,1.0,1.0,0.5,1.0,1.0,1.0,1.0,1.0,,1.0,1.0,1.0,,,,1.0,1.0,1.0,,1.0,1.0,1.0,1.0,phenytoin,SURVEILLER,CYP2C9,,1.0,1.0
1.0,,,,,1.0,0.5,1.0,1.0,1.0,1.0,1.0,1.0,,1.0,1.0,1.0,,,,1.0,1.0,1.0,,1.0,1.0,1.0,1.0,tamoxifen,SURVEILLER,CYP2C19,,1.0,1.0
1.0,,,,,1.0,1.0,1.0,1.0,1.0,0.5,1.0,1.0,,1.0,1.0,1.0,,,,1.0,1.0,1.0,,1.0,1.0,1.0,1.0,oxycodone,ADAPTER_DOSE,CYP3A5,,1.0,1.0
1.0,,,,,1.0,1.0,1.0,0.5,1.0,1.0,1.0,1.0,,1.0,1.0,1.0,,,,1.0,1.0,1.0,,1.0,1.0,1.0,1.0,primaquine,ADAPTER_DOSE,CYP2D6,,1.0,1.0
1.0,,,,,1.0,1.0,1.0,1.0,1.0,0.5,1.0,1.0,,1.0,1.0,1.0,,,,1.0,1.0,1.0,,1.0,1.0,1.0,1.0,cilostazol,ADAPTER_DOSE,CYP3A5,,1.0,1.0
1.0,,,,,1.0,1.0,1.0,1.0,1.0,1.0,1.0,1.0,,1.0,1.0,1.0,,,,1.0,1.0,1.0,,1.0,1.0,1.0,1.0,cotinine,ADAPTER_DOSE,CYP2A6,,0.5,1.0
1.0,,,,,0.5,1.0,1.0,1.0,1.0,1.0,1.0,1.0,,1.0,1.0,1.0,,,,1.0,1.0,1.0,,1.0,1.0,1.0,1.0,ketamine,ADAPTER_DOSE,CYP2B6,,1.0,1.0
1.0,,,,,1.0,1.0,0.5,1.0,1.0,1.0,1.0,1.0,,1.0,1.0,1.0,,,,1.0,1.0,1.0,,1.0,1.0,1.0,1.0,flurbiprofen,ADAPTER_DOSE,CYP2C9,,1.0,1.0
1.0,,,,,1.0,1.0,1.0,1.0,1.0,0.5,1.0,1.0,,1.0,1.0,1.0,,,,1.0,1.0,1.0,,1.0,1.0,1.0,1.0,vardenafil,SURVEILLER,CYP3A5,,1.0,1.0
1.0,,,,,1.0,1.0,1.0,0.5,1.0,1.0,1.0,1.0,,1.0,1.0,1.0,,,,1.0,1.0,1.0,,1.0,1.0,1.0,1.0,tolterodine,ADAPTER_DOSE,CYP2D6,,1.0,1.0
1.0,,,,,1.0,1.0,1.0,0.5,1.0,1.0,1.0,1.0,,1.0,1.0,1.0,,,,1.0,1.0,1.0,,1.0,1.0,1.0,1.0,citalopram,EVITER,CYP2D6,,1.0,1.0
1.0,,,,,1.0,1.0,1.0,0.5,1.0,1.0,1.0,1.0,,1.0,1.0,1.0,,,,1.0,1.0,1.0,,1.0,1.0,1.0,1.0,mianserin,EVITER,CYP2D6,,1.0,1.0
1.0,,,,,1.0,1.0,1.0,0.5,1.0,1.0,1.0,1.0,,1.0,1.0,1.0,,,,1.0,1.0,1.0,,1.0,1.0,1.0,1.0,mirtazapine,EVITER,CYP2D6,,1.0,1.0
1.0,,,,,1.0,1.0,1.0,0.5,1.0,1.0,1.0,1.0,,1.0,1.0,1.0,,,,1.0,1.0,1.0,,1.0,1.0,1.0,1.0,nortriptyline,EVITER,CYP2D6,,1.0,1.0
1.0,,,,,1.0,1.0,1.0,0.5,1.0,1.0,1.0,1.0,,1.0,1.0,1.0,,,,1.0,1.0,1.0,,1.0,1.0,1.0,1.0,paroxetine,EVITER,CYP2D6,,1.0,1.0
1.0,,,,,1.0,1.0,1.0,0.5,1.0,1.0,1.0,1.0,,1.0,1.0,1.0,,,,1.0,1.0,1.0,,1.0,1.0,1.0,1.0,venlafaxine,EVITER,CYP2D6,,1.0,1.0
1.0,,,,,1.0,1.0,1.0,0.0,1.0,1.0,1.0,1.0,,1.0,1.0,1.0,,,,1.0,1.0,1.0,,1.0,1.0,1.0,1.0,venlafaxine,ADAPTER_DOSE,CYP2D6,,1.0,1.0
1.0,,,,,1.0,1.0,1.0,1.0,1.0,1.0,1.0,1.0,,1.0,1.0,1.0,,,,1.0,1.0,1.0,,1.0,1.0,1.0,1.0,venlafaxine,ADAPTER_DOSE,CYP2D6,,1.0,1.0
1.0,,,,,1.0,1.0,1.0,1.0,1.0,1.0,1.0,1.0,,1.0,1.0,1.0,,,,1.0,1.0,1.0,,1.0,1.0,1.0,1.0,escitalopram,ADAPTER_DOSE,CYP2C19,,1.0,1.0
1.0,,,,,1.0,1.0,0.5,1.0,1.0,1.0,1.0,1.0,,1.0,1.0,1.0,,,,1.0,1.0,1.0,,1.0,1.0,1.0,1.0,phenytoin,EVITER,CYP2C9,,1.0,1.0
1.0,,,,,1.0,1.0,1.0,1.0,1.0,1.0,1.0,1.0,,1.0,1.0,1.0,,,,1.0,1.0,1.0,,0.5,1.0,1.0,1.0,lovastatin acid,ADAPTER_DOSE,SLCO1B1,,1.0,1.0
1.0,,,,,1.0,0.5,1.0,1.0,1.0,1.0,1.0,1.0,,1.0,1.0,1.0,,,,1.0,1.0,1.0,,1.0,1.0,1.0,1.0,ambrisentan,ADAPTER_DOSE,CYP2C19,,1.0,1.0
1.0,,,,,1.0,0.0,1.0,1.0,1.0,1.0,1.0,1.0,,1.0,1.0,1.0,,,,1.0,1.0,1.0,,1.0,1.0,1.0,1.0,rabeprazole,ADAPTER_DOSE,CYP2C19,,1.0,1.0
1.0,,,,,1.0,0.5,1.0,1.0,1.0,1.0,1.0,1.0,,1.0,1.0,1.0,,,,1.0,1.0,1.0,,1.0,1.0,1.0,1.0,dipyrone,ADAPTER_DOSE,CYP2C19,,1.0,1.0
1.0,,,,,1.0,1.0,1.0,1.0,1.0,1.0,1.0,1.0,,1.0,1.0,1.0,,,,1.0,1.0,1.0,,1.0,1.0,1.0,1.0,tegafur,ADAPTER_DOSE,CYP2A6,,0.5,1.0
1.0,,,,,1.0,1.0,1.0,1.0,1.0,1.0,1.0,1.0,,1.0,1.0,1.0,,,,1.0,1.0,1.0,,1.0,1.0,0.5,1.0,nilotinib,ADAPTER_DOSE,UGT1A1,,1.0,1.0
1.0,,,,,0.5,1.0,1.0,1.0,1.0,1.0,1.0,1.0,,1.0,1.0,1.0,,,,1.0,1.0,1.0,,1.0,1.0,1.0,1.0,cotinine,ADAPTER_DOSE,CYP2B6,,1.0,1.0
1.0,,,,,0.5,1.0,1.0,1.0,1.0,1.0,1.0,1.0,,1.0,1.0,1.0,,,,1.0,1.0,1.0,,1.0,1.0,1.0,1.0,nicotine,ADAPTER_DOSE,CYP2B6,,1.0,1.0
1.0,,,,,1.0,0.5,1.0,1.0,1.0,1.0,1.0,1.0,,1.0,1.0,1.0,,,,1.0,1.0,1.0,,1.0,1.0,1.0,1.0,citalopram,ADAPTER_DOSE,CYP2C19,,1.0,1.0
1.0,,,,,1.0,1.0,0.5,1.0,1.0,1.0,1.0,1.0,,1.0,1.0,1.0,,,,1.0,1.0,1.0,,1.0,1.0,1.0,1.0,trimipramine,ADAPTER_DOSE,CYP2C9,,1.0,1.0
1.0,,,,,1.0,1.0,1.0,0.0,1.0,1.0,1.0,1.0,,1.0,1.0,1.0,,,,1.0,1.0,1.0,,1.0,1.0,1.0,1.0,fluvoxamine,ADAPTER_DOSE,CYP2D6,,1.0,1.0
1.0,,,,,1.0,1.0,1.0,1.0,0.5,1.0,1.0,1.0,,1.0,1.0,1.0,,,,1.0,1.0,1.0,,1.0,1.0,1.0,1.0,4-hydroxytamoxifen,ADAPTER_DOSE,CYP3A4,,1.0,1.0
1.0,,,,,1.0,1.0,1.0,1.0,0.5,1.0,1.0,1.0,,1.0,1.0,1.0,,,,1.0,1.0,1.0,,1.0,1.0,1.0,1.0,tamoxifen,ADAPTER_DOSE,CYP3A4,,1.0,1.0
1.0,,,,,1.0,1.0,1.0,0.5,1.0,1.0,1.0,1.0,,1.0,1.0,1.0,,,,1.0,1.0,1.0,,1.0,1.0,1.0,1.0,hydroxyamitriptyline,ADAPTER_DOSE,CYP2D6,,1.0,1.0
1.0,,,,,1.0,1.0,1.0,1.0,1.0,0.5,1.0,1.0,,1.0,1.0,1.0,,,,1.0,1.0,1.0,,1.0,1.0,1.0,1.0,atazanavir,ADAPTER_DOSE,CYP3A5,,1.0,1.0
1.0,,,,,1.0,0.5,1.0,1.0,1.0,1.0,1.0,1.0,,1.0,1.0,1.0,,,,1.0,1.0,1.0,,1.0,1.0,1.0,1.0,thalidomide,ADAPTER_DOSE,CYP2C19,,1.0,1.0
1.0,,,,,1.0,1.0,1.0,1.0,1.0,0.5,1.0,1.0,,1.0,1.0,1.0,,,,1.0,1.0,1.0,,1.0,1.0,1.0,1.0,imatinib,ADAPTER_DOSE,CYP3A5,,1.0,1.0
1.0,,,,,1.0,1.0,1.0,1.0,1.0,1.0,1.0,1.0,,1.0,1.0,1.0,,,,1.0,1.0,1.0,,0.5,1.0,1.0,1.0,paclitaxel,ADAPTER_DOSE,SLCO1B1,,1.0,1.0
1.0,,,,,1.0,1.0,0.5,1.0,1.0,1.0,1.0,1.0,,1.0,1.0,1.0,,,,1.0,1.0,1.0,,1.0,1.0,1.0,1.0,zafirlukast,ADAPTER_DOSE,CYP2C9,,1.0,1.0
1.0,,,,,1.0,0.5,1.0,1.0,1.0,1.0,1.0,1.0,,1.0,1.0,1.0,,,,1.0,1.0,1.0,,1.0,1.0,1.0,1.0,dexlansoprazole,ADAPTER_DOSE,CYP2C19,,1.0,1.0
1.0,,,,,1.0,0.5,1.0,1.0,1.0,1.0,1.0,1.0,,1.0,1.0,1.0,,,,1.0,1.0,1.0,,1.0,1.0,1.0,1.0,nelfinavir,ADAPTER_DOSE,CYP2C19,,1.0,1.0
1.0,,,,,1.0,0.5,1.0,1.0,1.0,1.0,1.0,1.0,,1.0,1.0,1.0,,,,1.0,1.0,1.0,,1.0,1.0,1.0,1.0,warfarin,ADAPTER_DOSE,CYP2C19,,1.0,1.0
0.5,,,,,1.0,1.0,1.0,1.0,1.0,1.0,1.0,1.0,,1.0,1.0,1.0,,,,1.0,1.0,1.0,,1.0,1.0,1.0,1.0,imatinib,EVITER,ABCG2,,1.0,1.0
1.0,,,,,1.0,1.0,1.0,0.5,1.0,1.0,1.0,1.0,,1.0,1.0,1.0,,,,1.0,1.0,1.0,,1.0,1.0,1.0,1.0,bepridil,ADAPTER_DOSE,CYP2D6,,1.0,1.0
1.0,,,,,1.0,1.0,1.0,1.0,1.0,1.0,1.0,1.0,,0.5,1.0,1.0,,,,1.0,1.0,1.0,,1.0,1.0,1.0,1.0,daunorubicin,ADAPTER_DOSE,G6PD,,1.0,1.0
1.0,,,,,1.0,1.0,1.0,1.0,1.0,1.0,1.0,1.0,,1.0,1.0,1.0,,,,1.0,1.0,1.0,,1.0,1.0,1.0,1.0,efavirenz,SURVEILLER,CYP2A6,,0.5,1.0
1.0,,,,,1.0,1.0,1.0,1.0,0.5,1.0,1.0,1.0,,1.0,1.0,1.0,,,,1.0,1.0,1.0,,1.0,1.0,1.0,1.0,atorvastatin,EVITER,CYP3A4,,1.0,1.0
1.0,,,,,1.0,1.0,1.0,1.0,1.0,1.0,1.0,1.0,,1.0,1.0,1.0,,,,0.5,1.0,1.0,,1.0,1.0,1.0,1.0,caffeine,ADAPTER_DOSE,NAT2,,1.0,1.0
1.0,,,,,1.0,0.5,1.0,1.0,1.0,1.0,1.0,1.0,,1.0,1.0,1.0,,,,1.0,1.0,1.0,,1.0,1.0,1.0,1.0,diazepam,SURVEILLER,CYP2C19,,1.0,1.0
1.0,,,,,1.0,1.0,1.0,1.0,1.0,1.0,1.0,1.0,,1.0,1.0,1.0,,,,1.0,1.0,1.0,,1.0,0.0,1.0,1.0,thioguanosine diphosphate,ADAPTER_DOSE,TPMT,,1.0,1.0
1.0,,,,,1.0,1.0,1.0,1.0,1.0,1.0,1.0,1.0,,1.0,1.0,1.0,,,,1.0,1.0,1.0,,1.0,0.0,1.0,1.0,thioguanosine monophosphate,ADAPTER_DOSE,TPMT,,1.0,1.0
1.0,,,,,1.0,1.0,1.0,1.0,1.0,1.0,1.0,1.0,,1.0,1.0,1.0,,,,1.0,1.0,1.0,,1.0,0.0,1.0,1.0,thioguanosine triphosphate,ADAPTER_DOSE,TPMT,,1.0,1.0
1.0,,,,,1.0,1.0,1.0,1.0,1.0,1.0,1.0,1.0,,1.0,1.0,1.0,,,,1.0,1.0,1.0,,1.0,1.0,1.0,1.0,valproic acid,ADAPTER_DOSE,CYP2A6,,0.5,1.0
1.0,,,,,1.0,1.0,1.0,1.0,1.0,1.0,1.0,1.0,,1.0,1.0,1.0,,,,1.0,1.0,1.0,,1.0,1.0,1.0,1.0,caffeine,SURVEILLER,CYP2A6,,0.5,1.0
1.0,,,,,0.5,1.0,1.0,1.0,1.0,1.0,1.0,1.0,,1.0,1.0,1.0,,,,1.0,1.0,1.0,,1.0,1.0,1.0,1.0,mirtazapine,EVITER,CYP2B6,,1.0,1.0
1.0,,,,,1.0,1.0,1.0,1.0,1.0,1.0,1.0,1.0,,1.0,1.0,1.0,,,,0.5,1.0,1.0,,1.0,1.0,1.0,1.0,sulfapyridine,ADAPTER_DOSE,NAT2,,1.0,1.0
1.0,,,,,1.0,1.0,1.0,1.0,1.0,1.0,1.0,1.0,,1.0,1.0,1.0,,,,1.0,1.0,1.0,,0.5,1.0,1.0,1.0,olmesartan,ADAPTER_DOSE,SLCO1B1,,1.0,1.0
1.0,,,,,1.0,0.5,1.0,1.0,1.0,1.0,1.0,1.0,,1.0,1.0,1.0,,,,1.0,1.0,1.0,,1.0,1.0,1.0,1.0,tacrolimus,ADAPTER_DOSE,CYP2C19,,1.0,1.0
1.0,,,,,1.0,1.0,1.0,1.0,0.5,1.0,1.0,1.0,,1.0,1.0,1.0,,,,1.0,1.0,1.0,,1.0,1.0,1.0,1.0,simvastatin,EVITER,CYP3A4,,1.0,1.0
1.0,,,,,1.0,1.0,0.5,1.0,1.0,1.0,1.0,1.0,,1.0,1.0,1.0,,,,1.0,1.0,1.0,,1.0,1.0,1.0,1.0,nateglinide,ADAPTER_DOSE,CYP2C9,,1.0,1.0
1.0,,,,,1.0,1.0,1.0,0.5,1.0,1.0,1.0,1.0,,1.0,1.0,1.0,,,,1.0,1.0,1.0,,1.0,1.0,1.0,1.0,risperidone,EVITER,CYP2D6,,1.0,1.0
1.0,,,,,1.0,1.0,1.0,0.5,1.0,1.0,1.0,1.0,,1.0,1.0,1.0,,,,1.0,1.0,1.0,,1.0,1.0,1.0,1.0,fluoxetine,EVITER,CYP2D6,,1.0,1.0
1.0,,,,,1.0,1.0,1.0,0.5,1.0,1.0,1.0,1.0,,1.0,1.0,1.0,,,,1.0,1.0,1.0,,1.0,1.0,1.0,1.0,amitriptyline,SURVEILLER,CYP2D6,,1.0,1.0
1.0,,,,,1.0,1.0,1.0,0.5,1.0,1.0,1.0,1.0,,1.0,1.0,1.0,,,,1.0,1.0,1.0,,1.0,1.0,1.0,1.0,clomipramine,SURVEILLER,CYP2D6,,1.0,1.0
1.0,,,,,1.0,1.0,1.0,0.5,1.0,1.0,1.0,1.0,,1.0,1.0,1.0,,,,1.0,1.0,1.0,,1.0,1.0,1.0,1.0,doxepin,SURVEILLER,CYP2D6,,1.0,1.0
1.0,,,,,1.0,1.0,1.0,0.5,1.0,1.0,1.0,1.0,,1.0,1.0,1.0,,,,1.0,1.0,1.0,,1.0,1.0,1.0,1.0,imipramine,SURVEILLER,CYP2D6,,1.0,1.0
1.0,,,,,1.0,1.0,1.0,0.5,1.0,1.0,1.0,1.0,,1.0,1.0,1.0,,,,1.0,1.0,1.0,,1.0,1.0,1.0,1.0,maprotiline,SURVEILLER,CYP2D6,,1.0,1.0
1.0,,,,,1.0,1.0,1.0,0.5,1.0,1.0,1.0,1.0,,1.0,1.0,1.0,,,,1.0,1.0,1.0,,1.0,1.0,1.0,1.0,nortriptyline,SURVEILLER,CYP2D6,,1.0,1.0
1.0,,,,,1.0,1.0,1.0,0.5,1.0,1.0,1.0,1.0,,1.0,1.0,1.0,,,,1.0,1.0,1.0,,1.0,1.0,1.0,1.0,opipramol,SURVEILLER,CYP2D6,,1.0,1.0
1.0,,,,,1.0,1.0,1.0,1.0,1.0,0.5,1.0,1.0,,1.0,1.0,1.0,,,,1.0,1.0,1.0,,1.0,1.0,1.0,1.0,sufentanil,ADAPTER_DOSE,CYP3A5,,1.0,1.0
1.0,,,,,1.0,1.0,1.0,0.5,1.0,1.0,1.0,1.0,,1.0,1.0,1.0,,,,1.0,1.0,1.0,,1.0,1.0,1.0,1.0,risperidone,SURVEILLER,CYP2D6,,1.0,1.0
1.0,,,,,1.0,1.0,1.0,0.5,1.0,1.0,1.0,1.0,,1.0,1.0,1.0,,,,1.0,1.0,1.0,,1.0,1.0,1.0,1.0,lovastatin,ADAPTER_DOSE,CYP2D6,,1.0,1.0
1.0,,,,,1.0,1.0,0.5,1.0,1.0,1.0,1.0,1.0,,1.0,1.0,1.0,,,,1.0,1.0,1.0,,1.0,1.0,1.0,1.0,benzbromarone,ADAPTER_DOSE,CYP2C9,,1.0,1.0
1.0,,,,,1.0,0.5,1.0,1.0,1.0,1.0,1.0,1.0,,1.0,1.0,1.0,,,,1.0,1.0,1.0,,1.0,1.0,1.0,1.0,labetalol,ADAPTER_DOSE,CYP2C19,,1.0,1.0
1.0,,,,,1.0,1.0,1.0,1.0,1.0,1.0,1.0,1.0,,1.0,0.5,1.0,,,,1.0,1.0,1.0,,1.0,1.0,1.0,1.0,peginterferon alfa-2a,EVITER,HLA-A,,1.0,1.0
1.0,,,,,1.0,1.0,1.0,1.0,1.0,1.0,1.0,1.0,,1.0,0.5,1.0,,,,1.0,1.0,1.0,,1.0,1.0,1.0,1.0,peginterferon alfa-2b,EVITER,HLA-A,,1.0,1.0
1.0,,,,,1.0,1.0,1.0,1.0,1.0,1.0,1.0,1.0,,1.0,0.5,1.0,,,,1.0,1.0,1.0,,1.0,1.0,1.0,1.0,ribavirin,EVITER,HLA-A,,1.0,1.0
1.0,,,,,1.0,1.0,1.0,1.0,1.0,1.0,1.0,1.0,,1.0,1.0,0.5,,,,1.0,1.0,1.0,,1.0,1.0,1.0,1.0,lamivudine,EVITER,HLA-B,,1.0,1.0
1.0,,,,,1.0,1.0,1.0,1.0,1.0,1.0,1.0,1.0,,1.0,1.0,0.5,,,,1.0,1.0,1.0,,1.0,1.0,1.0,1.0,nevirapine,EVITER,HLA-B,,1.0,1.0
1.0,,,,,1.0,1.0,1.0,1.0,1.0,1.0,1.0,1.0,,1.0,1.0,0.5,,,,1.0,1.0,1.0,,1.0,1.0,1.0,1.0,stavudine,EVITER,HLA-B,,1.0,1.0
1.0,,,,,1.0,1.0,1.0,1.0,1.0,1.0,1.0,1.0,,1.0,1.0,1.0,,,,1.0,1.0,1.0,,1.0,1.0,0.5,1.0,belinostat,ADAPTER_DOSE,UGT1A1,,1.0,1.0
1.0,,,,,1.0,1.0,1.0,1.0,1.0,1.0,1.0,1.0,,1.0,1.0,1.0,,,,1.0,1.0,1.0,,1.0,1.0,0.5,1.0,deferasirox,ADAPTER_DOSE,UGT1A1,,1.0,1.0
1.0,,,,,1.0,0.5,1.0,1.0,1.0,1.0,1.0,1.0,,1.0,1.0,1.0,,,,1.0,1.0,1.0,,1.0,1.0,1.0,1.0,prasugrel,EVITER,CYP2C19,,1.0,1.0
1.0,,,,,1.0,0.5,1.0,1.0,1.0,1.0,1.0,1.0,,1.0,1.0,1.0,,,,1.0,1.0,1.0,,1.0,1.0,1.0,1.0,ticagrelor,EVITER,CYP2C19,,1.0,1.0
1.0,,,,,1.0,1.0,0.5,1.0,1.0,1.0,1.0,1.0,,1.0,1.0,1.0,,,,1.0,1.0,1.0,,1.0,1.0,1.0,1.0,valproic acid,ADAPTER_DOSE,CYP2C9,,1.0,1.0
1.0,,,,,1.0,1.0,1.0,1.0,1.0,0.5,1.0,1.0,,1.0,1.0,1.0,,,,1.0,1.0,1.0,,1.0,1.0,1.0,1.0,clozapine,ADAPTER_DOSE,CYP3A5,,1.0,1.0
1.0,,,,,1.0,1.0,1.0,1.0,1.0,0.5,1.0,1.0,,1.0,1.0,1.0,,,,1.0,1.0,1.0,,1.0,1.0,1.0,1.0,nimodipine,EVITER,CYP3A5,,1.0,1.0
1.0,,,,,1.0,1.0,1.0,1.0,1.0,0.5,1.0,1.0,,1.0,1.0,1.0,,,,1.0,1.0,1.0,,1.0,1.0,1.0,1.0,carbamazepine,ADAPTER_DOSE,CYP3A5,,1.0,1.0
1.0,,,,,1.0,1.0,1.0,1.0,1.0,0.5,1.0,1.0,,1.0,1.0,1.0,,,,1.0,1.0,1.0,,1.0,1.0,1.0,1.0,imatinib,EVITER,CYP3A5,,1.0,1.0
1.0,,,,,1.0,1.0,1.0,1.0,1.0,0.0,1.0,1.0,,1.0,1.0,1.0,,,,1.0,1.0,1.0,,1.0,1.0,1.0,1.0,fentanyl,ADAPTER_DOSE,CYP3A5,,1.0,1.0
1.0,,,,,1.0,1.0,1.0,1.0,1.0,0.0,1.0,1.0,,1.0,1.0,1.0,,,,1.0,1.0,1.0,,1.0,1.0,1.0,1.0,meperidine,ADAPTER_DOSE,CYP3A5,,1.0,1.0
1.0,,,,,1.0,1.0,1.0,1.0,1.0,0.0,1.0,1.0,,1.0,1.0,1.0,,,,1.0,1.0,1.0,,1.0,1.0,1.0,1.0,midazolam,ADAPTER_DOSE,CYP3A5,,1.0,1.0
1.0,,,,,1.0,0.0,1.0,1.0,1.0,1.0,1.0,1.0,,1.0,1.0,1.0,,,,1.0,1.0,1.0,,1.0,1.0,1.0,1.0,fentanyl,ADAPTER_DOSE,CYP2C19,,1.0,1.0
1.0,,,,,1.0,0.0,1.0,1.0,1.0,1.0,1.0,1.0,,1.0,1.0,1.0,,,,1.0,1.0,1.0,,1.0,1.0,1.0,1.0,meperidine,ADAPTER_DOSE,CYP2C19,,1.0,1.0
1.0,,,,,1.0,0.0,1.0,1.0,1.0,1.0,1.0,1.0,,1.0,1.0,1.0,,,,1.0,1.0,1.0,,1.0,1.0,1.0,1.0,midazolam,ADAPTER_DOSE,CYP2C19,,1.0,1.0
1.0,,,,,1.0,1.0,1.0,1.0,1.0,1.0,1.0,1.0,,1.0,1.0,1.0,,,,1.0,1.0,1.0,,1.0,1.0,0.0,1.0,fentanyl,ADAPTER_DOSE,UGT1A1,,1.0,1.0
1.0,,,,,1.0,1.0,1.0,1.0,1.0,1.0,1.0,1.0,,1.0,1.0,1.0,,,,1.0,1.0,1.0,,1.0,1.0,0.0,1.0,meperidine,ADAPTER_DOSE,UGT1A1,,1.0,1.0
1.0,,,,,1.0,1.0,1.0,1.0,1.0,1.0,1.0,1.0,,1.0,1.0,1.0,,,,1.0,1.0,1.0,,1.0,1.0,0.0,1.0,midazolam,ADAPTER_DOSE,UGT1A1,,1.0,1.0
1.0,,,,,1.0,0.5,1.0,1.0,1.0,1.0,1.0,1.0,,1.0,1.0,1.0,,,,1.0,1.0,1.0,,1.0,1.0,1.0,1.0,4-hydroxytamoxifen,ADAPTER_DOSE,CYP2C19,,1.0,1.0
1.0,,,,,1.0,1.0,1.0,0.5,1.0,1.0,1.0,1.0,,1.0,1.0,1.0,,,,1.0,1.0,1.0,,1.0,1.0,1.0,1.0,tamsulosin,EVITER,CYP2D6,,1.0,1.0
1.0,,,,,1.0,1.0,1.0,1.0,0.5,1.0,1.0,1.0,,1.0,1.0,1.0,,,,1.0,1.0,1.0,,1.0,1.0,1.0,1.0,imatinib,EVITER,CYP3A4,,1.0,1.0
1.0,,,,,1.0,1.0,0.0,1.0,1.0,1.0,1.0,1.0,,1.0,1.0,1.0,,,,1.0,1.0,1.0,,1.0,1.0,1.0,1.0,fulvestrant,ADAPTER_DOSE,CYP2C9,,1.0,1.0
1.0,,,,,1.0,1.0,0.0,1.0,1.0,1.0,1.0,1.0,,1.0,1.0,1.0,,,,1.0,1.0,1.0,,1.0,1.0,1.0,1.0,anastrozole,ADAPTER_DOSE,CYP2C9,,1.0,1.0
1.0,,,,,1.0,1.0,1.0,1.0,0.5,1.0,1.0,1.0,,1.0,1.0,1.0,,,,1.0,1.0,1.0,,1.0,1.0,1.0,1.0,anastrozole,ADAPTER_DOSE,CYP3A4,,1.0,1.0
1.0,,,,,1.0,1.5,1.0,1.0,1.0,1.0,1.0,1.0,,1.0,1.0,1.0,,,,1.0,1.0,1.0,,1.0,1.0,1.0,1.0,esomeprazole,ADAPTER_DOSE,CYP2C19,,1.0,1.0
1.0,,,,,1.0,1.0,1.0,1.0,1.0,0.5,1.0,1.0,,1.0,1.0,1.0,,,,1.0,1.0,1.0,,1.0,1.0,1.0,1.0,apatinib,ADAPTER_DOSE,CYP3A5,,1.0,1.0
1.0,,,,,1.0,2.0,1.0,1.0,1.0,1.0,1.0,1.0,,1.0,1.0,1.0,,,,1.0,1.0,1.0,,1.0,1.0,1.0,1.0,escitalopram,ADAPTER_DOSE,CYP2C19,,1.0,1.0
1.0,,,,,1.0,1.0,1.0,0.0,1.0,1.0,1.0,1.0,,1.0,1.0,1.0,,,,1.0,1.0,1.0,,1.0,1.0,1.0,1.0,duloxetine,ADAPTER_DOSE,CYP2D6,,1.0,1.0
1.0,,,,,1.0,1.0,1.0,0.5,1.0,1.0,1.0,1.0,,1.0,1.0,1.0,,,,1.0,1.0,1.0,,1.0,1.0,1.0,1.0,alpha-hydroxymetoprolol,ADAPTER_DOSE,CYP2D6,,1.0,1.0
1.0,,,,,1.0,0.0,1.0,1.0,1.0,1.0,1.0,1.0,,1.0,1.0,1.0,,,,1.0,1.0,1.0,,1.0,1.0,1.0,1.0,tolperisone,ADAPTER_DOSE,CYP2C19,,1.0,1.0
1.0,,,,,1.0,1.0,1.0,0.5,1.0,1.0,1.0,1.0,,1.0,1.0,1.0,,,,1.0,1.0,1.0,,1.0,1.0,1.0,1.0,dapoxetine,ADAPTER_DOSE,CYP2D6,,1.0,1.0
1.0,,,,,1.0,1.0,1.0,1.0,1.0,0.5,1.0,1.0,,1.0,1.0,1.0,,,,1.0,1.0,1.0,,1.0,1.0,1.0,1.0,naldemedine,ADAPTER_DOSE,CYP3A5,,1.0,1.0
1.0,,,,,1.0,1.0,1.0,1.0,1.0,0.5,1.0,1.0,,1.0,1.0,1.0,,,,1.0,1.0,1.0,,1.0,1.0,1.0,1.0,quetiapine,ADAPTER_DOSE,CYP3A5,,1.0,1.0
1.0,,,,,1.0,1.0,1.0,0.5,1.0,1.0,1.0,1.0,,1.0,1.0,1.0,,,,1.0,1.0,1.0,,1.0,1.0,1.0,1.0,primaquine 5,ADAPTER_DOSE,CYP2D6,,1.0,1.0
1.0,,,,,1.0,1.0,1.0,0.5,1.0,1.0,1.0,1.0,,1.0,1.0,1.0,,,,1.0,1.0,1.0,,1.0,1.0,1.0,1.0,6-orthoquinone,ADAPTER_DOSE,CYP2D6,,1.0,1.0
1.0,,,,,1.0,1.0,1.0,1.0,1.0,1.0,1.0,1.0,,1.0,1.0,1.0,,,,1.0,1.0,1.0,,1.0,1.0,0.5,1.0,cisplatin,EVITER,UGT1A1,,1.0,1.0
1.0,,,,,1.0,1.0,1.0,0.0,1.0,1.0,1.0,1.0,,1.0,1.0,1.0,,,,1.0,1.0,1.0,,1.0,1.0,1.0,1.0,desvenlafaxine,ADAPTER_DOSE,CYP2D6,,1.0,1.0
1.0,,,,,1.0,0.5,1.0,1.0,1.0,1.0,1.0,1.0,,1.0,1.0,1.0,,,,1.0,1.0,1.0,,1.0,1.0,1.0,1.0,praziquantel,ADAPTER_DOSE,CYP2C19,,1.0,1.0
1.0,,,,,1.0,1.0,1.0,1.0,1.0,1.0,1.0,1.0,,1.0,1.0,1.0,,,,1.5,1.0,1.0,,1.0,1.0,1.0,1.0,sulfamethoxazole,ADAPTER_DOSE,NAT2,,1.0,1.0
1.0,,,,,1.0,0.5,1.0,1.0,1.0,1.0,1.0,1.0,,1.0,1.0,1.0,,,,1.0,1.0,1.0,,1.0,1.0,1.0,1.0,icotinib,ADAPTER_DOSE,CYP2C19,,1.0,1.0
1.0,,,,,1.0,0.0,1.0,1.0,1.0,1.0,1.0,1.0,,1.0,1.0,1.0,,,,1.0,1.0,1.0,,1.0,1.0,1.0,1.0,imipramine,ADAPTER_DOSE,CYP2C19,,1.0,1.0
1.0,,,,,1.0,2.0,1.0,1.0,1.0,1.0,1.0,1.0,,1.0,1.0,1.0,,,,1.0,1.0,1.0,,1.0,1.0,1.0,1.0,3,ADAPTER_DOSE,CYP2C19,,1.0,1.0
1.0,,,,,1.0,2.0,1.0,1.0,1.0,1.0,1.0,1.0,,1.0,1.0,1.0,,,,1.0,1.0,1.0,,1.0,1.0,1.0,1.0,4-methylenedioxymethamphetamine,ADAPTER_DOSE,CYP2C19,,1.0,1.0
1.0,,,,,1.0,1.0,1.0,2.0,1.0,1.0,1.0,1.0,,1.0,1.0,1.0,,,,1.0,1.0,1.0,,1.0,1.0,1.0,1.0,methadone,ADAPTER_DOSE,CYP2D6,,1.0,1.0
1.0,,,,,1.0,1.0,1.0,0.0,1.0,1.0,1.0,1.0,,1.0,1.0,1.0,,,,1.0,1.0,1.0,,1.0,1.0,1.0,1.0,morphine,ADAPTER_DOSE,CYP2D6,,1.0,1.0
1.0,,,,,1.0,0.0,1.0,1.0,1.0,1.0,1.0,1.0,,1.0,1.0,1.0,,,,1.0,1.0,1.0,,1.0,1.0,1.0,1.0,atomoxetine,ADAPTER_DOSE,CYP2C19,,1.0,1.0
1.0,,,,,1.0,1.0,1.0,1.0,1.0,1.0,1.0,1.0,,1.0,1.0,1.0,,,,1.5,1.0,1.0,,1.0,1.0,1.0,1.0,hydralazine,ADAPTER_DOSE,NAT2,,1.0,1.0
1.0,,,,,1.0,1.0,1.0,0.0,1.0,1.0,1.0,1.0,,1.0,1.0,1.0,,,,1.0,1.0,1.0,,1.0,1.0,1.0,1.0,haloperidol,ADAPTER_DOSE,CYP2D6,,1.0,1.0
1.0,,,,,1.0,1.0,1.0,1.0,1.0,1.0,1.0,1.0,,1.0,1.0,1.0,,,,1.5,1.0,1.0,,1.0,1.0,1.0,1.0,isoniazid,SURVEILLER,NAT2,,1.0,1.0
1.0,,,,,1.0,1.0,1.0,1.0,1.0,1.0,1.0,1.0,,1.0,1.0,1.0,,,,1.0,1.0,1.0,,1.0,1.0,1.0,0.5,warfarin,SURVEILLER,VKORC1,,1.0,1.0
1.0,,,,,1.0,0.0,1.0,1.0,1.0,1.0,1.0,1.0,,1.0,1.0,1.0,,,,1.0,1.0,1.0,,1.0,1.0,1.0,1.0,diazepam,ADAPTER_DOSE,CYP2C19,,1.0,1.0
1.0,,,,,1.0,1.0,1.0,2.0,1.0,1.0,1.0,1.0,,1.0,1.0,1.0,,,,1.0,1.0,1.0,,1.0,1.0,1.0,1.0,methadone,EVITER,CYP2D6,,1.0,1.0
1.0,,,,,1.0,1.0,1.0,2.0,1.0,1.0,1.0,1.0,,1.0,1.0,1.0,,,,1.0,1.0,1.0,,1.0,1.0,1.0,1.0,fluoxetine,EVITER,CYP2D6,,1.0,1.0
1.0,,,,,1.0,1.0,1.0,1.0,1.0,1.0,1.0,1.0,,1.0,1.0,1.0,,,,0.5,1.0,1.0,,1.0,1.0,1.0,1.0,hydralazine,EVITER,NAT2,,1.0,1.0
1.0,,,,,1.0,1.0,1.0,1.0,1.0,1.0,1.0,1.0,,1.0,1.0,1.0,,,,0.5,1.0,1.0,,1.0,1.0,1.0,1.0,acetylisoniazid,ADAPTER_DOSE,NAT2,,1.0,1.0
1.0,,,,,1.0,1.0,1.0,1.0,1.0,1.0,1.0,1.0,,1.0,1.0,1.0,,,,0.5,1.0,1.0,,1.0,1.0,1.0,1.0,dipyrone,ADAPTER_DOSE,NAT2,,1.0,1.0
1.0,,,,,1.0,1.0,1.0,2.0,1.0,1.0,1.0,1.0,,1.0,1.0,1.0,,,,1.0,1.0,1.0,,1.0,1.0,1.0,1.0,codeine,ADAPTER_DOSE,CYP2D6,,1.0,1.0
1.0,,,,,1.0,1.0,1.0,1.0,1.0,1.0,1.0,1.0,,1.0,1.0,1.0,,,,1.0,1.0,1.0,,1.0,1.0,1.0,1.0,paramethoxymethamphetamine,ADAPTER_DOSE,CYP2D6,,1.0,1.0
1.0,,,,,1.0,1.0,1.0,1.0,1.0,0.5,1.0,1.0,,1.0,1.0,1.0,,,,1.0,1.0,1.0,,1.0,1.0,1.0,1.0,maraviroc,ADAPTER_DOSE,CYP3A5,,1.0,1.0
1.0,,,,,1.0,1.0,1.0,0.0,1.0,1.0,1.0,1.0,,1.0,1.0,1.0,,,,1.0,1.0,1.0,,1.0,1.0,1.0,1.0,endoxifen,EVITER,CYP2D6,,1.0,1.0
1.0,,,,,1.0,1.0,1.0,2.0,1.0,1.0,1.0,1.0,,1.0,1.0,1.0,,,,1.0,1.0,1.0,,1.0,1.0,1.0,1.0,nortriptyline,ADAPTER_DOSE,CYP2D6,,1.0,1.0
1.0,,,,,1.0,1.0,1.0,1.0,1.0,0.0,1.0,1.0,,1.0,1.0,1.0,,,,1.0,1.0,1.0,,1.0,1.0,1.0,1.0,maraviroc,ADAPTER_DOSE,CYP3A5,,1.0,1.0
1.0,,,,,1.0,2.0,1.0,1.0,1.0,1.0,1.0,1.0,,1.0,1.0,1.0,,,,1.0,1.0,1.0,,1.0,1.0,1.0,1.0,citalopram,ADAPTER_DOSE,CYP2C19,,1.0,1.0
1.0,,,,,1.0,1.0,1.0,0.0,1.0,1.0,1.0,1.0,,1.0,1.0,1.0,,,,1.0,1.0,1.0,,1.0,1.0,1.0,1.0,hydrocodone,ADAPTER_DOSE,CYP2D6,,1.0,1.0
1.0,,,,,1.0,1.0,1.0,0.0,1.0,1.0,1.0,1.0,,1.0,1.0,1.0,,,,1.0,1.0,1.0,,1.0,1.0,1.0,1.0,imipramine,ADAPTER_DOSE,CYP2D6,,1.0,1.0
1.0,,,,,1.0,0.0,1.0,1.0,1.0,1.0,1.0,1.0,,1.0,1.0,1.0,,,,1.0,1.0,1.0,,1.0,1.0,1.0,1.0,clopidogrel,SURVEILLER,CYP2C19,,1.0,1.0
1.0,,,,,1.0,1.0,1.0,0.5,1.0,1.0,1.0,1.0,,1.0,1.0,1.0,,,,1.0,1.0,1.0,,1.0,1.0,1.0,1.0,tamoxifen,ADAPTER_DOSE,CYP2D6,,1.0,1.0
1.0,,,,,1.0,1.0,1.0,0.0,1.0,1.0,1.0,1.0,,1.0,1.0,1.0,,,,1.0,1.0,1.0,,1.0,1.0,1.0,1.0,propafenone,ADAPTER_DOSE,CYP2D6,,1.0,1.0
1.0,,,,,1.0,1.0,1.0,0.5,1.0,1.0,1.0,1.0,,1.0,1.0,1.0,,,,1.0,1.0,1.0,,1.0,1.0,1.0,1.0,methamphetamine,ADAPTER_DOSE,CYP2D6,,1.0,1.0
1.0,,,,,1.0,1.0,1.0,0.0,1.0,1.0,1.0,1.0,,1.0,1.0,1.0,,,,1.0,1.0,1.0,,1.0,1.0,1.0,1.0,tolterodine,ADAPTER_DOSE,CYP2D6,,1.0,1.0
1.0,,,,,1.0,1.0,0.0,1.0,1.0,1.0,1.0,1.0,,1.0,1.0,1.0,,,,1.0,1.0,1.0,,1.0,1.0,1.0,1.0,4-hydroxytamoxifen,ADAPTER_DOSE,CYP2C9,,1.0,1.0
1.0,,,,,1.0,1.0,0.0,1.0,1.0,1.0,1.0,1.0,,1.0,1.0,1.0,,,,1.0,1.0,1.0,,1.0,1.0,1.0,1.0,endoxifen,ADAPTER_DOSE,CYP2C9,,1.0,1.0
1.0,,,,,1.0,1.0,1.0,0.0,1.0,1.0,1.0,1.0,,1.0,1.0,1.0,,,,1.0,1.0,1.0,,1.0,1.0,1.0,1.0,desipramine,ADAPTER_DOSE,CYP2D6,,1.0,1.0
1.0,,,,,1.0,1.0,1.0,0.0,1.0,1.0,1.0,1.0,,1.0,1.0,1.0,,,,1.0,1.0,1.0,,1.0,1.0,1.0,1.0,perphenazine,ADAPTER_DOSE,CYP2D6,,1.0,1.0
1.0,,,,,1.0,0.0,1.0,1.0,1.0,1.0,1.0,1.0,,1.0,1.0,1.0,,,,1.0,1.0,1.0,,1.0,1.0,1.0,1.0,tacrolimus,SURVEILLER,CYP2C19,,1.0,1.0
1.0,,,,,1.0,1.0,1.0,1.0,1.0,1.0,1.0,1.0,,1.0,1.0,1.0,,,,1.0,1.0,1.0,,1.0,1.0,1.0,1.0,warfarin,ADAPTER_DOSE,CYP2C9,,1.0,1.0
1.0,,,,,1.0,1.0,1.0,0.0,1.0,1.0,1.0,1.0,,1.0,1.0,1.0,,,,1.0,1.0,1.0,,1.0,1.0,1.0,1.0,nortriptyline,ADAPTER_DOSE,CYP2D6,,1.0,1.0
1.0,,,,,1.0,0.0,1.0,1.0,1.0,1.0,1.0,1.0,,1.0,1.0,1.0,,,,1.0,1.0,1.0,,1.0,1.0,1.0,1.0,proton pump inhibitors,EVITER,CYP2C19,,1.0,1.0
1.0,,,,,1.0,1.0,1.0,2.0,1.0,1.0,1.0,1.0,,1.0,1.0,1.0,,,,1.0,1.0,1.0,,1.0,1.0,1.0,1.0,tramadol,ADAPTER_DOSE,CYP2D6,,1.0,1.0
1.0,,,,,1.0,1.0,1.0,0.0,1.0,1.0,1.0,1.0,,1.0,1.0,1.0,,,,1.0,1.0,1.0,,1.0,1.0,1.0,1.0,metoprolol,ADAPTER_DOSE,CYP2D6,,1.0,1.0
1.0,,,,,1.0,1.0,1.0,0.0,1.0,1.0,1.0,1.0,,1.0,1.0,1.0,,,,1.0,1.0,1.0,,1.0,1.0,1.0,1.0,paroxetine,ADAPTER_DOSE,CYP2D6,,1.0,1.0
1.0,,,,,1.0,1.0,1.0,1.0,1.0,1.0,1.0,1.0,,1.0,1.0,1.0,,,,1.0,1.0,1.0,,1.0,1.0,1.0,1.0,dextromethorphan,ADAPTER_DOSE,CYP2D6,,1.0,1.0
1.0,,,,,0.0,1.0,1.0,1.0,1.0,1.0,1.0,1.0,,1.0,1.0,1.0,,,,1.0,1.0,1.0,,1.0,1.0,1.0,1.0,hydroxybupropion,ADAPTER_DOSE,CYP2B6,,1.0,1.0
1.0,,,,,1.0,1.0,1.0,1.0,1.0,1.0,1.0,1.0,,1.0,1.0,1.0,,,,1.0,1.0,1.0,,1.0,1.0,1.0,1.0,tramadol,ADAPTER_DOSE,CYP2D6,,1.0,1.0
1.0,,,,,1.0,1.0,1.0,1.0,1.0,1.0,1.0,1.0,,1.0,1.0,1.0,,,,1.0,1.0,1.0,,1.0,1.0,1.0,1.0,amoxicillin,EVITER,CYP2C19,,1.0,1.0
1.0,,,,,1.0,1.0,1.0,1.0,1.0,1.0,1.0,1.0,,1.0,1.0,1.0,,,,1.0,1.0,1.0,,1.0,1.0,1.0,1.0,clarithromycin,EVITER,CYP2C19,,1.0,1.0
1.0,,,,,1.0,1.0,1.0,1.0,1.0,1.0,1.0,1.0,,1.0,1.0,1.0,,,,1.0,1.0,1.0,,1.0,1.0,1.0,1.0,esomeprazole,EVITER,CYP2C19,,1.0,1.0
1.0,,,,,1.0,1.0,1.0,0.0,1.0,1.0,1.0,1.0,,1.0,1.0,1.0,,,,1.0,1.0,1.0,,1.0,1.0,1.0,1.0,dabigatran,ADAPTER_DOSE,CYP2D6,,1.0,1.0
1.0,,,,,1.0,1.0,1.0,0.0,1.0,1.0,1.0,1.0,,1.0,1.0,1.0,,,,1.0,1.0,1.0,,1.0,1.0,1.0,1.0,fentanyl,EVITER,CYP2D6,,1.0,1.0
1.0,,,,,1.0,1.0,1.0,0.0,1.0,1.0,1.0,1.0,,1.0,1.0,1.0,,,,1.0,1.0,1.0,,1.0,1.0,1.0,1.0,hydromorphone,EVITER,CYP2D6,,1.0,1.0
1.0,,,,,1.0,1.0,1.0,0.0,1.0,1.0,1.0,1.0,,1.0,1.0,1.0,,,,1.0,1.0,1.0,,1.0,1.0,1.0,1.0,methadone,EVITER,CYP2D6,,1.0,1.0
1.0,,,,,1.0,1.0,1.0,0.0,1.0,1.0,1.0,1.0,,1.0,1.0,1.0,,,,1.0,1.0,1.0,,1.0,1.0,1.0,1.0,morphine,EVITER,CYP2D6,,1.0,1.0
1.0,,,,,1.0,1.0,1.0,0.0,1.0,1.0,1.0,1.0,,1.0,1.0,1.0,,,,1.0,1.0,1.0,,1.0,1.0,1.0,1.0,oxycodone,EVITER,CYP2D6,,1.0,1.0
1.0,,,,,1.0,1.0,1.0,1.0,1.0,1.0,1.0,1.0,,1.0,1.0,1.0,,,,1.0,1.0,1.0,,1.0,1.0,1.0,1.0,lansoprazole,EVITER,CYP2C19,,1.0,1.0
1.0,,,,,1.0,1.0,1.0,1.0,1.0,1.0,1.0,1.0,,1.0,1.0,1.0,,,,1.0,1.0,1.0,,1.0,1.0,1.0,1.0,omeprazole,EVITER,CYP2C19,,1.0,1.0
1.0,,,,,1.0,1.0,1.0,0.0,1.0,1.0,1.0,1.0,,1.0,1.0,1.0,,,,1.0,1.0,1.0,,1.0,1.0,1.0,1.0,oxymorphone,ADAPTER_DOSE,CYP2D6,,1.0,1.0
1.0,,,,,1.0,1.0,1.0,0.0,1.0,1.0,1.0,1.0,,1.0,1.0,1.0,,,,1.0,1.0,1.0,,1.0,1.0,1.0,1.0,noroxymorphone,ADAPTER_DOSE,CYP2D6,,1.0,1.0
1.0,,,,,1.0,1.0,1.0,0.5,1.0,1.0,1.0,1.0,,1.0,1.0,1.0,,,,1.0,1.0,1.0,,1.0,1.0,1.0,1.0,tamsulosin,ADAPTER_DOSE,CYP2D6,,1.0,1.0
1.0,,,,,1.0,1.0,1.0,2.0,1.0,1.0,1.0,1.0,,1.0,1.0,1.0,,,,1.0,1.0,1.0,,1.0,1.0,1.0,1.0,noroxycodone,ADAPTER_DOSE,CYP2D6,,1.0,1.0
1.0,,,,,1.0,1.0,1.0,0.0,1.0,1.0,1.0,1.0,,1.0,1.0,1.0,,,,1.0,1.0,1.0,,1.0,1.0,1.0,1.0,trimipramine,ADAPTER_DOSE,CYP2D6,,1.0,1.0
1.0,,,,,1.0,1.0,1.0,0.0,1.0,1.0,1.0,1.0,,1.0,1.0,1.0,,,,1.0,1.0,1.0,,1.0,1.0,1.0,1.0,tamsulosin,EVITER,CYP2D6,,1.0,1.0
1.0,,,,,1.0,1.0,1.0,0.0,1.0,1.0,1.0,1.0,,1.0,1.0,1.0,,,,1.0,1.0,1.0,,1.0,1.0,1.0,1.0,solanidine,ADAPTER_DOSE,CYP2D6,,1.0,1.0
1.0,,,,,1.0,1.0,1.0,1.0,1.0,1.0,1.0,1.0,,1.0,1.0,1.0,,,,1.0,1.0,1.0,,1.0,1.0,1.0,1.0,flecainide,ADAPTER_DOSE,CYP2D6,,1.0,1.0
1.0,,,,,1.0,1.0,1.0,0.0,1.0,1.0,1.0,1.0,,1.0,1.0,1.0,,,,1.0,1.0,1.0,,1.0,1.0,1.0,1.0,pridopidine,ADAPTER_DOSE,CYP2D6,,1.0,1.0
1.0,,,,,1.0,1.0,1.0,2.0,1.0,1.0,1.0,1.0,,1.0,1.0,1.0,,,,1.0,1.0,1.0,,1.0,1.0,1.0,1.0,morphine,ADAPTER_DOSE,CYP2D6,,1.0,1.0
1.0,,,,,1.0,1.0,1.0,0.0,1.0,1.0,1.0,1.0,,1.0,1.0,1.0,,,,1.0,1.0,1.0,,1.0,1.0,1.0,1.0,tramadol,ADAPTER_DOSE,CYP2D6,,1.0,1.0
1.0,,,,,1.0,0.0,1.0,1.0,1.0,1.0,1.0,1.0,,1.0,1.0,1.0,,,,1.0,1.0,1.0,,1.0,1.0,1.0,1.0,bupropion,ADAPTER_DOSE,CYP2C19,,1.0,1.0
1.0,,,,,1.0,1.0,1.0,1.0,1.0,1.0,1.0,1.0,,1.0,1.0,1.0,,,,1.0,1.0,1.0,,1.0,1.0,1.0,1.0,metronidazole,ADAPTER_DOSE,CYP2A6,,0.5,1.0
1.0,,,,,1.0,1.0,1.0,2.0,1.0,1.0,1.0,1.0,,1.0,1.0,1.0,,,,1.0,1.0,1.0,,1.0,1.0,1.0,1.0,morphine,SURVEILLER,CYP2D6,,1.0,1.0
1.0,,,,,1.0,1.0,1.0,0.0,1.0,1.0,1.0,1.0,,1.0,1.0,1.0,,,,1.0,1.0,1.0,,1.0,1.0,1.0,1.0,codeine,ADAPTER_DOSE,CYP2D6,,1.0,1.0
1.0,,,,,1.0,0.0,1.0,1.0,1.0,1.0,1.0,1.0,,1.0,1.0,1.0,,,,1.0,1.0,1.0,,1.0,1.0,1.0,1.0,clomipramine,ADAPTER_DOSE,CYP2C19,,1.0,1.0
1.0,,,,,1.0,1.0,1.0,2.0,1.0,1.0,1.0,1.0,,1.0,1.0,1.0,,,,1.0,1.0,1.0,,1.0,1.0,1.0,1.0,s-methadone,ADAPTER_DOSE,CYP2D6,,1.0,1.0
1.0,,,,,1.0,1.0,1.0,0.0,1.0,1.0,1.0,1.0,,1.0,1.0,1.0,,,,1.0,1.0,1.0,,1.0,1.0,1.0,1.0,n-desmethyltramadol,ADAPTER_DOSE,CYP2D6,,1.0,1.0
1.0,,,,,1.0,1.0,1.0,0.0,1.0,1.0,1.0,1.0,,1.0,1.0,1.0,,,,1.0,1.0,1.0,,1.0,1.0,1.0,1.0,4-hydroxytamoxifen,ADAPTER_DOSE,CYP2D6,,1.0,1.0
1.0,,,,,1.0,1.0,1.0,1.0,1.0,1.0,1.0,1.0,,1.0,1.0,1.0,,,,1.0,1.0,1.0,,1.0,1.0,1.0,1.0,oxymorphone,ADAPTER_DOSE,CYP2D6,,1.0,1.0
1.0,,,,,0.0,1.0,1.0,1.0,1.0,1.0,1.0,1.0,,1.0,1.0,1.0,,,,1.0,1.0,1.0,,1.0,1.0,1.0,1.0,sertraline,ADAPTER_DOSE,CYP2B6,,1.0,1.0
1.0,,,,,1.0,1.0,0.0,1.0,1.0,1.0,1.0,1.0,,1.0,1.0,1.0,,,,1.0,1.0,1.0,,1.0,1.0,1.0,1.0,olanzapine,ADAPTER_DOSE,CYP2C9,,1.0,1.0
1.0,,,,,1.0,1.0,1.0,1.0,1.0,1.0,1.0,1.0,,1.0,1.0,1.0,,,,1.0,1.0,1.0,,1.0,1.0,1.0,1.0,3-hydroxycotinine glucuronide,ADAPTER_DOSE,CYP2A6,,0.5,1.0
1.0,,,,,1.0,1.0,1.0,2.0,1.0,1.0,1.0,1.0,,1.0,1.0,1.0,,,,1.0,1.0,1.0,,1.0,1.0,1.0,1.0,risperidone,ADAPTER_DOSE,CYP2D6,,1.0,1.0
1.0,,,,,1.0,0.5,1.0,1.0,1.0,1.0,1.0,1.0,,1.0,1.0,1.0,,,,1.0,1.0,1.0,,1.0,1.0,1.0,1.0,carisoprodol,ADAPTER_DOSE,CYP2C19,,1.0,1.0
1.0,,,,,1.0,1.0,0.5,1.0,1.0,1.0,1.0,1.0,,1.0,1.0,1.0,,,,1.0,1.0,1.0,,1.0,1.0,1.0,1.0,gliclazide,ADAPTER_DOSE,CYP2C9,,1.0,1.0
1.0,,,,,1.0,1.0,1.0,0.0,1.0,1.0,1.0,1.0,,1.0,1.0,1.0,,,,1.0,1.0,1.0,,1.0,1.0,1.0,1.0,n-desalkylquetiapine,ADAPTER_DOSE,CYP2D6,,1.0,1.0
1.0,,,,,1.0,1.0,1.0,2.0,1.0,1.0,1.0,1.0,,1.0,1.0,1.0,,,,1.0,1.0,1.0,,1.0,1.0,1.0,1.0,tropisetron,ADAPTER_DOSE,CYP2D6,,1.0,1.0
1.0,,,,,1.0,0.0,1.0,1.0,1.0,1.0,1.0,1.0,,1.0,1.0,1.0,,,,1.0,1.0,1.0,,1.0,1.0,1.0,1.0,citalopram,ADAPTER_DOSE,CYP2C19,,1.0,1.0
1.0,,,,,1.0,1.0,0.5,1.0,1.0,1.0,1.0,1.0,,1.0,1.0,1.0,,,,1.0,1.0,1.0,,1.0,1.0,1.0,1.0,indomethacin,EVITER,CYP2C9,,1.0,1.0
1.0,,,,,1.0,1.0,1.0,1.0,1.0,1.0,1.0,1.0,,1.0,1.0,1.0,,,,1.0,1.0,1.0,,1.0,1.0,1.0,1.0,metoprolol,ADAPTER_DOSE,CYP2D6,,1.0,1.0
1.0,,,,,1.0,1.0,1.0,2.0,1.0,1.0,1.0,1.0,,1.0,1.0,1.0,,,,1.0,1.0,1.0,,1.0,1.0,1.0,1.0,fentanyl,ADAPTER_DOSE,CYP2D6,,1.0,1.0
1.0,,,,,1.0,1.0,1.0,2.0,1.0,1.0,1.0,1.0,,1.0,1.0,1.0,,,,1.0,1.0,1.0,,1.0,1.0,1.0,1.0,hydromorphone,ADAPTER_DOSE,CYP2D6,,1.0,1.0
1.0,,,,,1.0,1.0,1.0,2.0,1.0,1.0,1.0,1.0,,1.0,1.0,1.0,,,,1.0,1.0,1.0,,1.0,1.0,1.0,1.0,opioids,ADAPTER_DOSE,CYP2D6,,1.0,1.0
1.0,,,,,1.0,1.0,1.0,2.0,1.0,1.0,1.0,1.0,,1.0,1.0,1.0,,,,1.0,1.0,1.0,,1.0,1.0,1.0,1.0,oxycodone,ADAPTER_DOSE,CYP2D6,,1.0,1.0
1.0,,,,,1.0,1.0,1.0,0.0,1.0,1.0,1.0,1.0,,1.0,1.0,1.0,,,,1.0,1.0,1.0,,1.0,1.0,1.0,1.0,ibogaine,ADAPTER_DOSE,CYP2D6,,1.0,1.0
1.0,,,,,1.0,1.0,1.0,1.0,0.5,1.0,1.0,1.0,,1.0,1.0,1.0,,,,1.0,1.0,1.0,,1.0,1.0,1.0,1.0,atorvastatin lactone,ADAPTER_DOSE,CYP3A4,,1.0,1.0
1.0,,,,,1.0,1.0,1.0,0.5,1.0,1.0,1.0,1.0,,1.0,1.0,1.0,,,,1.0,1.0,1.0,,1.0,1.0,1.0,1.0,atomoxetine,EVITER,CYP2D6,,1.0,1.0
1.0,,,,,1.0,1.0,1.0,0.0,1.0,1.0,1.0,1.0,,1.0,1.0,1.0,,,,1.0,1.0,1.0,,1.0,1.0,1.0,1.0,amphetamine,EVITER,CYP2D6,,1.0,1.0
1.0,,,,,1.0,1.0,1.0,0.0,1.0,1.0,1.0,1.0,,1.0,1.0,1.0,,,,1.0,1.0,1.0,,1.0,1.0,1.0,1.0,lisdexamfetamine,EVITER,CYP2D6,,1.0,1.0
1.0,,,,,1.0,1.0,1.0,1.0,0.5,1.0,1.0,1.0,,1.0,1.0,1.0,,,,1.0,1.0,1.0,,1.0,1.0,1.0,1.0,1-hydroxymidazolam,ADAPTER_DOSE,CYP3A4,,1.0,1.0
1.0,,,,,0.5,1.0,1.0,1.0,1.0,1.0,1.0,1.0,,1.0,1.0,1.0,,,,1.0,1.0,1.0,,1.0,1.0,1.0,1.0,dihydroartemisinin,ADAPTER_DOSE,CYP2B6,,1.0,1.0
1.0,,,,,1.0,1.0,1.0,1.0,1.0,0.5,1.0,1.0,,1.0,1.0,1.0,,,,1.0,1.0,1.0,,1.0,1.0,1.0,1.0,desbutyl lumefantrine,ADAPTER_DOSE,CYP3A5,,1.0,1.0
1.0,,,,,1.0,1.0,1.0,0.5,1.0,1.0,1.0,1.0,,1.0,1.0,1.0,,,,1.0,1.0,1.0,,1.0,1.0,1.0,1.0,sertraline,ADAPTER_DOSE,CYP2D6,,1.0,1.0
1.0,,,,,0.0,1.0,1.0,1.0,1.0,1.0,1.0,1.0,,1.0,1.0,1.0,,,,1.0,1.0,1.0,,1.0,1.0,1.0,1.0,levonorgestrel,ADAPTER_DOSE,CYP2B6,,1.0,1.0
1.0,,,,,1.0,1.0,1.0,2.0,1.0,1.0,1.0,1.0,,1.0,1.0,1.0,,,,1.0,1.0,1.0,,1.0,1.0,1.0,1.0,paroxetine,ADAPTER_DOSE,CYP2D6,,1.0,1.0
1.0,,,,,1.0,1.0,1.0,2.0,1.0,1.0,1.0,1.0,,1.0,1.0,1.0,,,,1.0,1.0,1.0,,1.0,1.0,1.0,1.0,paroxetine,EVITER,CYP2D6,,1.0,1.0
1.0,,,,,1.0,0.0,1.0,1.0,1.0,1.0,1.0,1.0,,1.0,1.0,1.0,,,,1.0,1.0,1.0,,1.0,1.0,1.0,1.0,atorvastatin,EVITER,CYP2C19,,1.0,1.0
1.0,,,,,1.0,1.0,1.0,1.0,1.0,0.5,1.0,1.0,,1.0,1.0,1.0,,,,1.0,1.0,1.0,,1.0,1.0,1.0,1.0,apixaban,ADAPTER_DOSE,CYP3A5,,1.0,1.0
1.0,,,,,1.0,1.0,1.0,1.0,1.0,0.5,1.0,1.0,,1.0,1.0,1.0,,,,1.0,1.0,1.0,,1.0,1.0,1.0,1.0,edoxaban,ADAPTER_DOSE,CYP3A5,,1.0,1.0
1.0,,,,,1.0,1.0,1.0,1.0,1.0,0.5,1.0,1.0,,1.0,1.0,1.0,,,,1.0,1.0,1.0,,1.0,1.0,1.0,1.0,rivaroxaban,ADAPTER_DOSE,CYP3A5,,1.0,1.0
1.0,,,,,1.0,0.5,1.0,1.0,1.0,1.0,1.0,1.0,,1.0,1.0,1.0,,,,1.0,1.0,1.0,,1.0,1.0,1.0,1.0,famotidine,EVITER,CYP2C19,,1.0,1.0
1.0,,,,,1.0,1.0,1.0,1.0,0.5,1.0,1.0,1.0,,1.0,1.0,1.0,,,,1.0,1.0,1.0,,1.0,1.0,1.0,1.0,quetiapine,ADAPTER_DOSE,CYP3A4,,1.0,1.0
1.0,,,,,1.0,0.5,1.0,1.0,1.0,1.0,1.0,1.0,,1.0,1.0,1.0,,,,1.0,1.0,1.0,,1.0,1.0,1.0,1.0,trimipramine,ADAPTER_DOSE,CYP2C19,,1.0,1.0
1.0,,,,,1.0,1.0,1.0,0.5,1.0,1.0,1.0,1.0,,1.0,1.0,1.0,,,,1.0,1.0,1.0,,1.0,1.0,1.0,1.0,duloxetine,EVITER,CYP2D6,,1.0,1.0
1.0,,,,,1.0,1.0,1.0,1.0,0.5,1.0,1.0,1.0,,1.0,1.0,1.0,,,,1.0,1.0,1.0,,1.0,1.0,1.0,1.0,sunitinib,ADAPTER_DOSE,CYP3A4,,1.0,1.0
1.0,,,,,1.0,1.0,1.0,1.0,0.5,1.0,1.0,1.0,,1.0,1.0,1.0,,,,1.0,1.0,1.0,,1.0,1.0,1.0,1.0,hydroxychloroquine,ADAPTER_DOSE,CYP3A4,,1.0,1.0
1.0,,,,,0.5,1.0,1.0,1.0,1.0,1.0,1.0,1.0,,1.0,1.0,1.0,,,,1.0,1.0,1.0,,1.0,1.0,1.0,1.0,mirtazapine,ADAPTER_DOSE,CYP2B6,,1.0,1.0
1.0,,,,,1.0,1.0,1.0,1.0,1.0,1.0,1.0,1.0,,1.0,1.0,1.0,,,,1.0,1.0,1.0,,1.0,1.0,1.0,1.0,fluoxetine,ADAPTER_DOSE,CYP2D6,,1.0,1.0
1.0,,,,,1.0,1.0,1.0,1.0,1.0,1.0,1.0,1.0,,1.0,1.0,1.0,,,,1.0,1.0,1.0,,1.0,1.0,1.0,1.0,noscapine,ADAPTER_DOSE,CYP2C9,,1.0,1.0
1.0,,,,,1.0,1.0,1.0,1.0,1.0,0.5,1.0,1.0,,1.0,1.0,1.0,,,,1.0,1.0,1.0,,1.0,1.0,1.0,1.0,temsirolimus,ADAPTER_DOSE,CYP3A5,,1.0,1.0
1.0,,,,,1.0,1.0,1.0,1.0,1.0,0.5,1.0,1.0,,1.0,1.0,1.0,,,,1.0,1.0,1.0,,1.0,1.0,1.0,1.0,perampanel,SURVEILLER,CYP3A5,,1.0,1.0
1.0,,,,,1.0,1.0,1.0,0.5,1.0,1.0,1.0,1.0,,1.0,1.0,1.0,,,,1.0,1.0,1.0,,1.0,1.0,1.0,1.0,n-desmethyltamoxifen,ADAPTER_DOSE,CYP2D6,,1.0,1.0
1.0,,,,,1.0,1.0,1.0,1.0,1.0,0.5,1.0,1.0,,1.0,1.0,1.0,,,,1.0,1.0,1.0,,1.0,1.0,1.0,1.0,atorvastatin,EVITER,CYP3A5,,1.0,1.0
1.0,,,,,1.0,1.0,1.0,0.0,1.0,1.0,1.0,1.0,,1.0,1.0,1.0,,,,1.0,1.0,1.0,,1.0,1.0,1.0,1.0,escitalopram,ADAPTER_DOSE,CYP2D6,,1.0,1.0
1.0,,,,,1.0,1.0,1.0,0.5,1.0,1.0,1.0,1.0,,1.0,1.0,1.0,,,,1.0,1.0,1.0,,1.0,1.0,1.0,1.0,escitalopram,ADAPTER_DOSE,CYP2D6,,1.0,1.0
1.0,,,,,1.0,1.0,1.0,1.0,1.0,1.0,1.0,1.0,,1.0,0.5,1.0,,,,1.0,1.0,1.0,,1.0,1.0,1.0,1.0,bcr-abl tyrosine kinase inhibitors,EVITER,HLA-A,,1.0,1.0
1.0,,,,,1.0,1.0,1.0,1.0,1.0,1.0,1.0,1.0,,1.0,1.0,0.5,,,,1.0,1.0,1.0,,1.0,1.0,1.0,1.0,bcr-abl tyrosine kinase inhibitors,EVITER,HLA-B,,1.0,1.0
1.0,,,,,1.0,0.0,1.0,1.0,1.0,1.0,1.0,1.0,,1.0,1.0,1.0,,,,1.0,1.0,1.0,,1.0,1.0,1.0,1.0,antidepressants,EVITER,CYP2C19,,1.0,1.0
1.0,,,,,0.5,1.0,1.0,1.0,1.0,1.0,1.0,1.0,,1.0,1.0,1.0,,,,1.0,1.0,1.0,,1.0,1.0,1.0,1.0,propofol,EVITER,CYP2B6,,1.0,1.0
1.0,,,,,1.0,0.0,1.0,1.0,1.0,1.0,1.0,1.0,,1.0,1.0,1.0,,,,1.0,1.0,1.0,,1.0,1.0,1.0,1.0,valproic acid,ADAPTER_DOSE,CYP2C19,,1.0,1.0
1.0,,,,,1.0,1.0,1.0,1.0,1.0,0.0,1.0,1.0,,1.0,1.0,1.0,,,,1.0,1.0,1.0,,1.0,1.0,1.0,1.0,carbamazepine,ADAPTER_DOSE,CYP3A5,,1.0,1.0
1.0,,,,,1.0,1.0,1.0,1.0,1.0,1.0,1.0,1.0,,1.0,1.0,1.0,,,,1.0,1.0,1.0,,1.0,1.0,0.5,1.0,folfiri,ADAPTER_DOSE,UGT1A1,,1.0,1.0
1.0,,,,,1.0,1.0,1.0,0.5,1.0,1.0,1.0,1.0,,1.0,1.0,1.0,,,,1.0,1.0,1.0,,1.0,1.0,1.0,1.0,mirabegron,ADAPTER_DOSE,CYP2D6,,1.0,1.0
1.0,,,,,1.0,1.0,1.0,1.0,1.0,0.5,1.0,1.0,,1.0,1.0,1.0,,,,1.0,1.0,1.0,,1.0,1.0,1.0,1.0,cyclosporine,SURVEILLER,CYP3A5,,1.0,1.0
1.0,,,,,1.0,1.0,1.0,1.0,0.0,1.0,1.0,1.0,,1.0,1.0,1.0,,,,1.0,1.0,1.0,,1.0,1.0,1.0,1.0,aripiprazole,ADAPTER_DOSE,CYP3A4,,1.0,1.0
1.0,,,,,1.0,1.0,1.0,0.0,1.0,1.0,1.0,1.0,,1.0,1.0,1.0,,,,1.0,1.0,1.0,,1.0,1.0,1.0,1.0,dehydroaripiprazole,ADAPTER_DOSE,CYP2D6,,1.0,1.0
1.0,,,,,1.0,1.0,1.0,1.0,0.5,1.0,1.0,1.0,,1.0,1.0,1.0,,,,1.0,1.0,1.0,,1.0,1.0,1.0,1.0,pimozide,ADAPTER_DOSE,CYP3A4,,1.0,1.0
1.0,,,,,1.0,1.0,1.0,2.0,1.0,1.0,1.0,1.0,,1.0,1.0,1.0,,,,1.0,1.0,1.0,,1.0,1.0,1.0,1.0,fesoterodine,ADAPTER_DOSE,CYP2D6,,1.0,1.0
1.0,,,,,1.0,1.0,1.0,1.0,1.0,1.0,1.0,1.0,,1.0,1.0,1.0,,,,1.0,1.0,1.0,,1.0,1.0,1.0,1.0,lacosamide,ADAPTER_DOSE,CYP2C19,,1.0,1.0
1.0,,,,,1.0,1.0,1.0,0.0,1.0,1.0,1.0,1.0,,1.0,1.0,1.0,,,,1.0,1.0,1.0,,1.0,1.0,1.0,1.0,fesoterodine,ADAPTER_DOSE,CYP2D6,,1.0,1.0
1.0,,,,,1.0,1.0,1.0,1.0,0.5,1.0,1.0,1.0,,1.0,1.0,1.0,,,,1.0,1.0,1.0,,1.0,1.0,1.0,1.0,fesoterodine,ADAPTER_DOSE,CYP3A4,,1.0,1.0
1.0,,,,,1.0,1.0,1.0,1.0,1.0,1.0,1.0,1.0,,1.0,1.0,1.0,,,,1.0,1.0,1.0,,1.0,1.0,1.0,1.0,phenytoin,ADAPTER_DOSE,CYP2C9,,1.0,1.0
1.0,,,,,1.0,1.0,1.0,1.0,1.0,1.0,1.0,1.0,,1.0,1.0,1.0,,,,1.0,1.0,1.0,,1.0,1.0,1.0,1.0,clozapine,ADAPTER_DOSE,CYP2D6,,1.0,1.0
1.0,,,,,1.0,1.0,1.0,1.0,1.0,0.5,1.0,1.0,,1.0,1.0,1.0,,,,1.0,1.0,1.0,,1.0,1.0,1.0,1.0,n-desalkylquetiapine,ADAPTER_DOSE,CYP3A5,,1.0,1.0
1.0,,,,,1.0,1.0,1.0,0.0,1.0,1.0,1.0,1.0,,1.0,1.0,1.0,,,,1.0,1.0,1.0,,1.0,1.0,1.0,1.0,berberine,ADAPTER_DOSE,CYP2D6,,1.0,1.0
1.0,,,,,1.0,1.0,1.0,0.0,1.0,1.0,1.0,1.0,,1.0,1.0,1.0,,,,1.0,1.0,1.0,,1.0,1.0,1.0,1.0,ondansetron,ADAPTER_DOSE,CYP2D6,,1.0,1.0
1.0,,,,,1.0,1.0,1.0,1.0,0.5,1.0,1.0,1.0,,1.0,1.0,1.0,,,,1.0,1.0,1.0,,1.0,1.0,1.0,1.0,alectinib,ADAPTER_DOSE,CYP3A4,,1.0,1.0
1.0,,,,,1.0,1.0,1.0,0.0,1.0,1.0,1.0,1.0,,1.0,1.0,1.0,,,,1.0,1.0,1.0,,1.0,1.0,1.0,1.0,n,ADAPTER_DOSE,CYP2D6,,1.0,1.0
1.0,,,,,1.0,1.0,1.0,0.0,1.0,1.0,1.0,1.0,,1.0,1.0,1.0,,,,1.0,1.0,1.0,,1.0,1.0,1.0,1.0,n-didesmethyltramadol,ADAPTER_DOSE,CYP2D6,,1.0,1.0
0.0,,,,,1.0,1.0,1.0,1.0,1.0,1.0,1.0,1.0,,1.0,1.0,1.0,,,,1.0,1.0,1.0,,1.0,1.0,1.0,1.0,rosuvastatin,ADAPTER_DOSE,ABCG2,,1.0,1.0
1.0,,,,,1.0,1.0,1.0,1.0,1.0,1.0,1.0,1.0,,1.0,1.0,1.0,,,,0.5,1.0,1.0,,1.0,1.0,1.0,1.0,rosuvastatin,ADAPTER_DOSE,NAT2,,1.0,1.0
1.0,,,,,1.0,1.0,1.0,1.0,1.0,1.0,1.0,1.0,,1.0,1.0,1.0,,,,1.0,1.0,1.0,,1.0,0.5,1.0,1.0,rosuvastatin,ADAPTER_DOSE,TPMT,,1.0,1.0
1.0,,,,,1.0,1.0,1.0,1.0,1.0,1.0,1.0,1.0,,1.0,1.0,1.0,,,,1.0,1.0,1.0,,0.5,1.0,1.0,1.0,ramipril,ADAPTER_DOSE,SLCO1B1,,1.0,1.0
0.0,,,,,1.0,1.0,1.0,1.0,1.0,1.0,1.0,1.0,,1.0,1.0,1.0,,,,1.0,1.0,1.0,,1.0,1.0,1.0,1.0,ramipril,ADAPTER_DOSE,ABCG2,,1.0,1.0
1.0,,,,,1.0,0.0,1.0,1.0,1.0,1.0,1.0,1.0,,1.0,1.0,1.0,,,,1.0,1.0,1.0,,1.0,1.0,1.0,1.0,rabeprazole,EVITER,CYP2C19,,1.0,1.0
1.0,,,,,1.0,1.0,1.0,0.5,1.0,1.0,1.0,1.0,,1.0,1.0,1.0,,,,1.0,1.0,1.0,,1.0,1.0,1.0,1.0,vortioxetine,ADAPTER_DOSE,CYP2D6,,1.0,1.0
1.0,,,,,1.0,1.0,1.0,1.0,1.0,1.0,1.0,1.0,,1.0,1.0,1.0,,,,0.5,1.0,1.0,,1.0,1.0,1.0,1.0,pregabalin,ADAPTER_DOSE,NAT2,,1.0,1.0
1.0,,,,,1.0,1.0,0.0,1.0,1.0,1.0,1.0,1.0,,1.0,1.0,1.0,,,,1.0,1.0,1.0,,1.0,1.0,1.0,1.0,pitavastatin,ADAPTER_DOSE,CYP2C9,,1.0,1.0
1.0,,,,,1.0,0.0,1.0,1.0,1.0,1.0,1.0,1.0,,1.0,1.0,1.0,,,,1.0,1.0,1.0,,1.0,1.0,1.0,1.0,clozapine,ADAPTER_DOSE,CYP2C19,,1.0,1.0
1.0,,,,,1.0,0.0,1.0,1.0,1.0,1.0,1.0,1.0,,1.0,1.0,1.0,,,,1.0,1.0,1.0,,1.0,1.0,1.0,1.0,n-desmethylclozapine,ADAPTER_DOSE,CYP2C19,,1.0,1.0
1.0,,,,,1.0,1.0,1.0,1.0,1.0,0.5,1.0,1.0,,1.0,1.0,1.0,,,,1.0,1.0,1.0,,1.0,1.0,1.0,1.0,nifedipine,ADAPTER_DOSE,CYP3A5,,1.0,1.0
1.0,,,,,1.0,1.0,1.0,1.0,1.0,1.0,1.0,1.0,,1.0,1.0,1.0,,,,1.0,1.0,1.0,,1.0,1.0,1.0,1.0,clozapine,ADAPTER_DOSE,CYP1A2,,1.0,2.0
1.0,,,,,1.0,1.0,1.0,1.0,1.0,1.0,1.0,1.0,,1.0,1.0,1.0,,,,1.0,1.0,1.0,,1.0,1.0,1.0,1.0,n-desmethylclozapine,ADAPTER_DOSE,CYP1A2,,1.0,2.0
1.0,,,,,1.0,1.0,1.0,0.5,1.0,1.0,1.0,1.0,,1.0,1.0,1.0,,,,1.0,1.0,1.0,,1.0,1.0,1.0,1.0,methadone,ADAPTER_DOSE,CYP2D6,,1.0,1.0
1.0,,,,,1.0,1.0,1.0,0.5,1.0,1.0,1.0,1.0,,1.0,1.0,1.0,,,,1.0,1.0,1.0,,1.0,1.0,1.0,1.0,r-eddp,ADAPTER_DOSE,CYP2D6,,1.0,1.0
1.0,,,,,1.0,1.0,1.0,0.5,1.0,1.0,1.0,1.0,,1.0,1.0,1.0,,,,1.0,1.0,1.0,,1.0,1.0,1.0,1.0,s-eddp,ADAPTER_DOSE,CYP2D6,,1.0,1.0
1.0,,,,,1.0,1.0,1.0,1.0,1.0,1.0,1.0,1.0,,1.0,1.0,1.0,,,,1.0,0.5,1.0,,1.0,1.0,1.0,1.0,azathioprine,ADAPTER_DOSE,NUDT15,,1.0,1.0
1.0,,,,,1.0,1.0,1.0,1.0,1.0,1.0,1.0,1.0,,1.0,1.0,1.0,,,,1.0,1.0,1.0,,1.0,1.0,1.0,1.0,caffeine,ADAPTER_DOSE,CYP1A2,,1.0,0.5
1.0,,,,,1.0,1.0,1.0,1.0,1.0,1.0,1.0,1.0,,1.0,1.0,1.0,,,,1.0,1.0,1.0,,1.0,1.0,1.0,0.5,phenprocoumon,ADAPTER_DOSE,VKORC1,,1.0,1.0
1.0,,,,,1.0,1.0,1.0,1.0,1.0,1.0,1.0,1.0,,1.0,1.0,1.0,,,,1.0,1.0,1.0,,1.0,1.0,1.0,1.0,quetiapine,ADAPTER_DOSE,CYP1A2,,1.0,0.5
0.5,,,,,1.0,1.0,1.0,1.0,1.0,1.0,1.0,1.0,,1.0,1.0,1.0,,,,1.0,1.0,1.0,,1.0,1.0,1.0,1.0,axitinib,ADAPTER_DOSE,ABCG2,,1.0,1.0
1.0,,,,,1.0,1.0,1.0,1.0,1.0,1.0,1.0,1.0,,1.0,1.0,1.0,,,,1.0,1.0,1.0,,0.5,1.0,1.0,1.0,sn-38,ADAPTER_DOSE,SLCO1B1,,1.0,1.0
1.0,,,,,1.0,1.0,1.0,1.0,0.5,1.0,1.0,1.0,,1.0,1.0,1.0,,,,1.0,1.0,1.0,,1.0,1.0,1.0,1.0,s-methadone,ADAPTER_DOSE,CYP3A4,,1.0,1.0
1.0,,,,,1.0,1.0,1.0,0.5,1.0,1.0,1.0,1.0,,1.0,1.0,1.0,,,,1.0,1.0,1.0,,1.0,1.0,1.0,1.0,atorvastatin,EVITER,CYP2D6,,1.0,1.0
1.0,,,,,1.0,1.0,1.0,0.5,1.0,1.0,1.0,1.0,,1.0,1.0,1.0,,,,1.0,1.0,1.0,,1.0,1.0,1.0,1.0,rosuvastatin,EVITER,CYP2D6,,1.0,1.0
1.0,,,,,1.0,1.0,1.0,0.5,1.0,1.0,1.0,1.0,,1.0,1.0,1.0,,,,1.0,1.0,1.0,,1.0,1.0,1.0,1.0,simvastatin,EVITER,CYP2D6,,1.0,1.0
1.0,,,,,1.0,1.0,1.0,1.0,1.0,1.0,1.0,1.0,,1.0,1.0,1.0,,,,1.0,1.0,1.0,,1.0,1.0,1.0,1.0,efavirenz,ADAPTER_DOSE,CYP2A6,,0.5,1.0
1.0,,,,,0.5,1.0,1.0,1.0,1.0,1.0,1.0,1.0,,1.0,1.0,1.0,,,,1.0,1.0,1.0,,1.0,1.0,1.0,1.0,lamivudine,EVITER,CYP2B6,,1.0,1.0
1.0,,,,,0.5,1.0,1.0,1.0,1.0,1.0,1.0,1.0,,1.0,1.0,1.0,,,,1.0,1.0,1.0,,1.0,1.0,1.0,1.0,tenofovir,EVITER,CYP2B6,,1.0,1.0
1.0,,,,,1.0,0.5,1.0,1.0,1.0,1.0,1.0,1.0,,1.0,1.0,1.0,,,,1.0,1.0,1.0,,1.0,1.0,1.0,1.0,omeprazole,SURVEILLER,CYP2C19,,1.0,1.0
1.0,,,,,1.0,0.5,1.0,1.0,1.0,1.0,1.0,1.0,,1.0,1.0,1.0,,,,1.0,1.0,1.0,,1.0,1.0,1.0,1.0,mephenytoin,SURVEILLER,CYP2C19,,1.0,1.0
1.0,,,,,1.0,1.0,1.0,1.0,1.0,1.0,1.0,1.0,,1.0,1.0,1.0,,,,1.0,1.0,1.0,,0.5,1.0,1.0,1.0,mercaptopurine,ADAPTER_DOSE,SLCO1B1,,1.0,1.0
1.0,,,,,1.0,1.0,1.0,1.0,1.0,1.0,1.0,1.0,,1.0,1.0,1.0,,,,1.0,1.0,1.0,,0.5,1.0,1.0,1.0,repaglinide,ADAPTER_DOSE,SLCO1B1,,1.0,1.0
1.0,,,,,1.0,1.0,1.0,1.0,1.0,1.0,1.0,1.0,,1.0,1.0,1.0,,,,1.0,1.0,1.0,,1.0,1.0,1.0,0.5,phenprocoumon,SURVEILLER,VKORC1,,1.0,1.0
1.0,,,,,1.0,1.0,1.0,1.0,0.5,1.0,1.0,1.0,,1.0,1.0,1.0,,,,1.0,1.0,1.0,,1.0,1.0,1.0,1.0,buprenorphine,EVITER,CYP3A4,,1.0,1.0
0.5,,,,,1.0,1.0,1.0,1.0,1.0,1.0,1.0,1.0,,1.0,1.0,1.0,,,,1.0,1.0,1.0,,1.0,1.0,1.0,1.0,lamotrigine,ADAPTER_DOSE,ABCG2,,1.0,1.0
1.0,,,,,1.0,1.0,1.0,1.0,1.0,1.0,1.0,1.0,,1.0,1.0,1.0,,,,1.0,1.0,1.0,,0.5,1.0,1.0,1.0,glucose,ADAPTER_DOSE,SLCO1B1,,1.0,1.0
1.0,,,,,1.0,1.0,1.0,1.0,1.0,1.0,1.0,1.0,,1.0,1.0,1.0,,,,1.0,1.0,1.0,,0.5,1.0,1.0,1.0,conjugated estrogens,EVITER,SLCO1B1,,1.0,1.0
1.0,,,,,1.0,0.5,1.0,1.0,1.0,1.0,1.0,1.0,,1.0,1.0,1.0,,,,1.0,1.0,1.0,,1.0,1.0,1.0,1.0,diazepam,EVITER,CYP2C19,,1.0,1.0
1.0,,,,,1.0,1.0,1.0,1.0,0.5,1.0,1.0,1.0,,1.0,1.0,1.0,,,,1.0,1.0,1.0,,1.0,1.0,1.0,1.0,alprazolam,ADAPTER_DOSE,CYP3A4,,1.0,1.0
1.0,,,,,1.0,1.0,1.0,1.0,0.5,1.0,1.0,1.0,,1.0,1.0,1.0,,,,1.0,1.0,1.0,,1.0,1.0,1.0,1.0,phenprocoumon,ADAPTER_DOSE,CYP3A4,,1.0,1.0
1.0,,,,,1.0,1.0,1.0,1.0,0.5,1.0,1.0,1.0,,1.0,1.0,1.0,,,,1.0,1.0,1.0,,1.0,1.0,1.0,1.0,diazepam,EVITER,CYP3A4,,1.0,1.0
0.5,,,,,1.0,1.0,1.0,1.0,1.0,1.0,1.0,1.0,,1.0,1.0,1.0,,,,1.0,1.0,1.0,,1.0,1.0,1.0,1.0,sulfasalazine,ADAPTER_DOSE,ABCG2,,1.0,1.0
0.5,,,,,1.0,1.0,1.0,1.0,1.0,1.0,1.0,1.0,,1.0,1.0,1.0,,,,1.0,1.0,1.0,,1.0,1.0,1.0,1.0,rosuvastatin,EVITER,ABCG2,,1.0,1.0
1.0,,,,,1.0,1.0,1.0,1.0,0.5,1.0,1.0,1.0,,1.0,1.0,1.0,,,,1.0,1.0,1.0,,1.0,1.0,1.0,1.0,carbamazepine,ADAPTER_DOSE,CYP3A4,,1.0,1.0
1.0,,,,,1.0,1.0,1.0,0.5,1.0,1.0,1.0,1.0,,1.0,1.0,1.0,,,,1.0,1.0,1.0,,1.0,1.0,1.0,1.0,o-desmethyltramadol,ADAPTER_DOSE,CYP2D6,,1.0,1.0
1.0,,,,,1.0,1.0,1.0,1.0,0.5,1.0,1.0,1.0,,1.0,1.0,1.0,,,,1.0,1.0,1.0,,1.0,1.0,1.0,1.0,n-desmethyltramadol,ADAPTER_DOSE,CYP3A4,,1.0,1.0
1.0,,,,,1.0,1.0,1.0,1.0,0.5,1.0,1.0,1.0,,1.0,1.0,1.0,,,,1.0,1.0,1.0,,1.0,1.0,1.0,1.0,tramadol,ADAPTER_DOSE,CYP3A4,,1.0,1.0
1.0,,,,,1.0,1.0,1.0,0.5,1.0,1.0,1.0,1.0,,1.0,1.0,1.0,,,,1.0,1.0,1.0,,1.0,1.0,1.0,1.0,desethyl hydroxychloroquine,ADAPTER_DOSE,CYP2D6,,1.0,1.0
0.5,,,,,1.0,1.0,1.0,1.0,1.0,1.0,1.0,1.0,,1.0,1.0,1.0,,,,1.0,1.0,1.0,,1.0,1.0,1.0,1.0,imatinib,SURVEILLER,ABCG2,,1.0,1.0
1.0,,,,,1.0,1.0,1.0,1.0,1.0,1.0,1.0,1.0,,1.0,1.0,1.0,,,,1.0,0.5,1.0,,1.0,1.0,1.0,1.0,mercaptopurine,ADAPTER_DOSE,NUDT15,,1.0,1.0
1.0,,,,,1.0,1.0,1.0,1.0,1.0,1.0,1.0,1.0,,1.0,1.0,1.0,,,,1.0,1.0,1.0,,0.5,1.0,1.0,1.0,atazanavir,ADAPTER_DOSE,SLCO1B1,,1.0,1.0
1.0,,,,,1.0,1.0,1.0,1.0,1.0,1.0,1.0,0.5,,1.0,1.0,1.0,,,,1.0,1.0,1.0,,1.0,1.0,1.0,1.0,fluorouracil,SURVEILLER,DPYD,,1.0,1.0
1.0,,,,,1.0,1.0,1.0,1.0,1.0,1.0,1.0,1.0,,1.0,1.0,1.0,,,,0.5,1.0,1.0,,1.0,1.0,1.0,1.0,isoniazid,SURVEILLER,NAT2,,1.0,1.0
1.0,,,,,1.0,1.0,1.0,0.5,1.0,1.0,1.0,1.0,,1.0,1.0,1.0,,,,1.0,1.0,1.0,,1.0,1.0,1.0,1.0,nevirapine,SURVEILLER,CYP2D6,,1.0,1.0
1.0,,,,,0.5,1.0,1.0,1.0,1.0,1.0,1.0,1.0,,1.0,1.0,1.0,,,,1.0,1.0,1.0,,1.0,1.0,1.0,1.0,nevirapine,SURVEILLER,CYP2B6,,1.0,1.0
0.5,,,,,1.0,1.0,1.0,1.0,1.0,1.0,1.0,1.0,,1.0,1.0,1.0,,,,1.0,1.0,1.0,,1.0,1.0,1.0,1.0,allopurinol,EVITER,ABCG2,,1.0,1.0
1.0,,,,,1.0,1.0,0.5,1.0,1.0,1.0,1.0,1.0,,1.0,1.0,1.0,,,,1.0,1.0,1.0,,1.0,1.0,1.0,1.0,losartan e-3174,ADAPTER_DOSE,CYP2C9,,1.0,1.0
0.5,,,,,1.0,1.0,1.0,1.0,1.0,1.0,1.0,1.0,,1.0,1.0,1.0,,,,1.0,1.0,1.0,,1.0,1.0,1.0,1.0,n-desmethyltamoxifen,ADAPTER_DOSE,ABCG2,,1.0,1.0
1.0,,,,,1.0,1.0,1.0,1.0,0.5,1.0,1.0,1.0,,1.0,1.0,1.0,,,,1.0,1.0,1.0,,1.0,1.0,1.0,1.0,amlodipine,EVITER,CYP3A4,,1.0,1.0
1.0,,,,,1.0,1.0,1.0,1.0,0.5,1.0,1.0,1.0,,1.0,1.0,1.0,,,,1.0,1.0,1.0,,1.0,1.0,1.0,1.0,teneligliptin,ADAPTER_DOSE,CYP3A4,,1.0,1.0
1.0,,,,,1.0,1.0,1.0,1.0,0.5,1.0,1.0,1.0,,1.0,1.0,1.0,,,,1.0,1.0,1.0,,1.0,1.0,1.0,1.0,lumefantrine,ADAPTER_DOSE,CYP3A4,,1.0,1.0
1.0,,,,,1.0,1.0,1.0,1.0,1.0,0.5,1.0,1.0,,1.0,1.0,1.0,,,,1.0,1.0,1.0,,1.0,1.0,1.0,1.0,lumefantrine,ADAPTER_DOSE,CYP3A5,,1.0,1.0
1.0,,,,,1.0,1.0,1.0,1.0,1.0,0.5,1.0,1.0,,1.0,1.0,1.0,,,,1.0,1.0,1.0,,1.0,1.0,1.0,1.0,sunitinib,ADAPTER_DOSE,CYP3A5,,1.0,1.0
1.0,,,,,1.0,1.0,1.0,1.0,0.5,1.0,1.0,1.0,,1.0,1.0,1.0,,,,1.0,1.0,1.0,,1.0,1.0,1.0,1.0,lumefantrine,EVITER,CYP3A4,,1.0,1.0
0.5,,,,,1.0,1.0,1.0,1.0,1.0,1.0,1.0,1.0,,1.0,1.0,1.0,,,,1.0,1.0,1.0,,1.0,1.0,1.0,1.0,voriconazole,ADAPTER_DOSE,ABCG2,,1.0,1.0
1.0,,,,,1.0,1.0,1.0,1.0,1.0,0.5,1.0,1.0,,1.0,1.0,1.0,,,,1.0,1.0,1.0,,1.0,1.0,1.0,1.0,amlodipine,ADAPTER_DOSE,CYP3A5,,1.0,1.0
1.0,,,,,1.0,0.5,1.0,1.0,1.0,1.0,1.0,1.0,,1.0,1.0,1.0,,,,1.0,1.0,1.0,,1.0,1.0,1.0,1.0,valproic acid,ADAPTER_DOSE,CYP2C19,,1.0,1.0
1.0,,,,,1.0,1.0,1.0,1.0,1.0,1.0,0.5,1.0,,1.0,1.0,1.0,,,,1.0,1.0,1.0,,1.0,1.0,1.0,1.0,acenocoumarol,ADAPTER_DOSE,CYP4F2,,1.0,1.0
1.0,,,,,1.0,1.0,1.0,1.0,1.0,1.0,1.0,1.0,,1.0,1.0,1.0,,,,1.0,1.0,1.0,,0.5,1.0,1.0,1.0,methotrexate,EVITER,SLCO1B1,,1.0,1.0
1.0,,,,,1.0,1.0,1.0,1.0,1.0,1.0,1.0,1.0,,1.0,1.0,1.0,,,,1.0,1.0,1.0,,1.0,1.0,0.5,1.0,mycophenolic acid,ADAPTER_DOSE,UGT1A1,,1.0,1.0
1.0,,,,,1.0,1.0,1.0,1.0,1.0,0.5,1.0,1.0,,1.0,1.0,1.0,,,,1.0,1.0,1.0,,1.0,1.0,1.0,1.0,docetaxel,EVITER,CYP3A5,,1.0,1.0
1.0,,,,,1.0,1.0,1.0,1.0,1.0,0.5,1.0,1.0,,1.0,1.0,1.0,,,,1.0,1.0,1.0,,1.0,1.0,1.0,1.0,paclitaxel,EVITER,CYP3A5,,1.0,1.0
1.0,,,,,1.0,1.0,1.0,1.0,1.0,1.0,1.0,0.5,,1.0,1.0,1.0,,,,1.0,1.0,1.0,,1.0,1.0,1.0,1.0,tegafur / gimeracil / oteracil,EVITER,DPYD,,1.0,1.0
1.0,,,,,1.0,1.0,1.0,1.0,1.0,1.0,1.0,1.0,,1.0,1.0,1.0,,,,1.0,1.0,1.0,,0.5,1.0,1.0,1.0,ticagrelor,ADAPTER_DOSE,SLCO1B1,,1.0,1.0
1.0,,,,,0.5,1.0,1.0,1.0,1.0,1.0,1.0,1.0,,1.0,1.0,1.0,,,,1.0,1.0,1.0,,1.0,1.0,1.0,1.0,nevirapine,ADAPTER_DOSE,CYP2B6,,1.0,1.0
0.5,,,,,1.0,1.0,1.0,1.0,1.0,1.0,1.0,1.0,,1.0,1.0,1.0,,,,1.0,1.0,1.0,,1.0,1.0,1.0,1.0,allopurinol,ADAPTER_DOSE,ABCG2,,1.0,1.0
1.0,,,,,1.0,1.0,1.0,1.0,1.0,1.0,1.0,1.0,,1.0,1.0,1.0,,,,1.0,1.0,1.0,,0.5,1.0,1.0,1.0,estrone sulfate,EVITER,SLCO1B1,,1.0,1.0
0.5,,,,,1.0,1.0,1.0,1.0,1.0,1.0,1.0,1.0,,1.0,1.0,1.0,,,,1.0,1.0,1.0,,1.0,1.0,1.0,1.0,hmg-coa reductase inhibitors,EVITER,ABCG2,,1.0,1.0
1.0,,,,,1.0,0.5,1.0,1.0,1.0,1.0,1.0,1.0,,1.0,1.0,1.0,,,,1.0,1.0,1.0,,1.0,1.0,1.0,1.0,clopidogrel thiol metabolite h4,ADAPTER_DOSE,CYP2C19,,1.0,1.0
1.0,,,,,1.0,1.0,1.0,1.0,1.0,1.0,0.5,1.0,,1.0,1.0,1.0,,,,1.0,1.0,1.0,,1.0,1.0,1.0,1.0,warfarin,SURVEILLER,CYP4F2,,1.0,1.0
1.0,,,,,1.0,1.0,1.0,1.0,1.0,1.0,1.0,1.0,,1.0,1.0,1.0,,,,1.0,1.0,1.0,,1.0,1.0,1.0,0.5,phenprocoumon,EVITER,VKORC1,,1.0,1.0
1.0,,,,,1.0,1.0,1.0,1.0,1.0,1.0,1.0,1.0,,1.0,1.0,1.0,,,,1.0,1.0,1.0,,0.5,1.0,1.0,1.0,pitavastatin lactone,ADAPTER_DOSE,SLCO1B1,,1.0,1.0
1.0,,,,,1.0,1.0,1.0,1.0,1.0,1.0,1.0,1.0,,1.0,1.0,1.0,,,,1.0,1.0,1.0,,0.5,1.0,1.0,1.0,grazoprevir,SURVEILLER,SLCO1B1,,1.0,1.0
1.0,,,,,1.0,1.0,1.0,0.5,1.0,1.0,1.0,1.0,,1.0,1.0,1.0,,,,1.0,1.0,1.0,,1.0,1.0,1.0,1.0,bisoprolol,ADAPTER_DOSE,CYP2D6,,1.0,1.0
1.0,,,,,1.0,1.0,1.0,1.0,1.0,0.5,1.0,1.0,,1.0,1.0,1.0,,,,1.0,1.0,1.0,,1.0,1.0,1.0,1.0,bisoprolol,ADAPTER_DOSE,CYP3A5,,1.0,1.0
1.0,,,,,1.0,1.0,1.0,1.0,1.0,1.0,0.5,1.0,,1.0,1.0,1.0,,,,1.0,1.0,1.0,,1.0,1.0,1.0,1.0,ticagrelor,ADAPTER_DOSE,CYP4F2,,1.0,1.0
1.0,,,,,1.0,1.0,1.0,1.0,1.0,1.0,1.0,1.0,,1.0,1.0,1.0,,,,1.0,1.0,1.0,,0.5,1.0,1.0,1.0,letermovir,ADAPTER_DOSE,SLCO1B1,,1.0,1.0
1.0,,,,,1.0,1.0,1.0,1.0,1.0,1.0,1.0,1.0,,1.0,1.0,1.0,,,,1.0,1.0,1.0,,1.0,1.0,0.5,1.0,clozapine,ADAPTER_DOSE,UGT1A1,,1.0,1.0
1.0,,,,,1.0,1.0,1.0,1.0,1.0,1.0,1.0,1.0,,1.0,1.0,1.0,,,,1.0,1.0,1.0,,1.0,1.0,0.5,1.0,letermovir,ADAPTER_DOSE,UGT1A1,,1.0,1.0
1.0,,,,,1.0,1.0,1.0,1.0,1.0,1.0,1.0,1.0,,1.0,1.0,1.0,,,,0.5,1.0,1.0,,1.0,1.0,1.0,1.0,iguratimod,EVITER,NAT2,,1.0,1.0
0.5,,,,,1.0,1.0,1.0,1.0,1.0,1.0,1.0,1.0,,1.0,1.0,1.0,,,,1.0,1.0,1.0,,1.0,1.0,1.0,1.0,iguratimod,EVITER,ABCG2,,1.0,1.0
1.0,,,,,1.0,1.0,1.0,0.5,1.0,1.0,1.0,1.0,,1.0,1.0,1.0,,,,1.0,1.0,1.0,,1.0,1.0,1.0,1.0,valproic acid,EVITER,CYP2D6,,1.0,1.0
1.0,,,,,1.0,1.0,1.0,1.0,1.0,1.0,1.0,1.0,,1.0,1.0,1.0,,,,1.0,1.0,1.0,,1.0,1.0,1.0,1.0,escitalopram,ADAPTER_DOSE,CYP1A2,,1.0,0.5
1.0,,,,,1.0,1.0,1.0,1.0,1.0,1.0,1.0,1.0,,1.0,1.0,1.0,,,,1.0,1.0,1.0,,0.5,1.0,1.0,1.0,atazanavir / ritonavir,ADAPTER_DOSE,SLCO1B1,,1.0,1.0
0.5,,,,,1.0,1.0,1.0,1.0,1.0,1.0,1.0,1.0,,1.0,1.0,1.0,,,,1.0,1.0,1.0,,1.0,1.0,1.0,1.0,deferasirox,ADAPTER_DOSE,ABCG2,,1.0,1.0
1.0,,,,,1.0,1.0,1.0,1.0,1.0,0.5,1.0,1.0,,1.0,1.0,1.0,,,,1.0,1.0,1.0,,1.0,1.0,1.0,1.0,atazanavir / ritonavir,ADAPTER_DOSE,CYP3A5,,1.0,1.0
1.0,,,,,0.5,1.0,1.0,1.0,1.0,1.0,1.0,1.0,,1.0,1.0,1.0,,,,1.0,1.0,1.0,,1.0,1.0,1.0,1.0,s-eddp,ADAPTER_DOSE,CYP2B6,,1.0,1.0
1.0,,,,,1.0,1.0,1.0,0.5,1.0,1.0,1.0,1.0,,1.0,1.0,1.0,,,,1.0,1.0,1.0,,1.0,1.0,1.0,1.0,hydrocodone,EVITER,CYP2D6,,1.0,1.0
1.0,,,,,1.0,1.0,1.0,0.5,1.0,1.0,1.0,1.0,,1.0,1.0,1.0,,,,1.0,1.0,1.0,,1.0,1.0,1.0,1.0,oxycodone,EVITER,CYP2D6,,1.0,1.0
1.0,,,,,1.0,1.0,1.0,1.0,1.0,1.0,1.0,1.0,,1.0,1.0,1.0,,,,1.0,1.0,1.0,,1.0,1.0,1.0,0.5,acenocoumarol,SURVEILLER,VKORC1,,1.0,1.0
1.0,,,,,1.0,1.0,1.0,0.5,1.0,1.0,1.0,1.0,,1.0,1.0,1.0,,,,1.0,1.0,1.0,,1.0,1.0,1.0,1.0,carbamazepine,EVITER,CYP2D6,,1.0,1.0
1.0,,,,,1.0,1.0,1.0,0.5,1.0,1.0,1.0,1.0,,1.0,1.0,1.0,,,,1.0,1.0,1.0,,1.0,1.0,1.0,1.0,lamotrigine,EVITER,CYP2D6,,1.0,1.0
1.0,,,,,1.0,1.0,1.0,0.5,1.0,1.0,1.0,1.0,,1.0,1.0,1.0,,,,1.0,1.0,1.0,,1.0,1.0,1.0,1.0,phenytoin,EVITER,CYP2D6,,1.0,1.0
1.0,,,,,1.0,1.0,1.0,0.5,1.0,1.0,1.0,1.0,,1.0,1.0,1.0,,,,1.0,1.0,1.0,,1.0,1.0,1.0,1.0,primidone,EVITER,CYP2D6,,1.0,1.0
1.0,,,,,1.0,1.0,0.5,1.0,1.0,1.0,1.0,1.0,,1.0,1.0,1.0,,,,1.0,1.0,1.0,,1.0,1.0,1.0,1.0,carbamazepine,EVITER,CYP2C9,,1.0,1.0
1.0,,,,,1.0,1.0,0.5,1.0,1.0,1.0,1.0,1.0,,1.0,1.0,1.0,,,,1.0,1.0,1.0,,1.0,1.0,1.0,1.0,lamotrigine,EVITER,CYP2C9,,1.0,1.0
1.0,,,,,1.0,1.0,0.5,1.0,1.0,1.0,1.0,1.0,,1.0,1.0,1.0,,,,1.0,1.0,1.0,,1.0,1.0,1.0,1.0,primidone,EVITER,CYP2C9,,1.0,1.0
1.0,,,,,1.0,1.0,0.5,1.0,1.0,1.0,1.0,1.0,,1.0,1.0,1.0,,,,1.0,1.0,1.0,,1.0,1.0,1.0,1.0,valproic acid,EVITER,CYP2C9,,1.0,1.0
1.0,,,,,1.0,1.0,1.0,1.0,0.5,1.0,1.0,1.0,,1.0,1.0,1.0,,,,1.0,1.0,1.0,,1.0,1.0,1.0,1.0,carbamazepine,EVITER,CYP3A4,,1.0,1.0
1.0,,,,,1.0,1.0,1.0,1.0,0.5,1.0,1.0,1.0,,1.0,1.0,1.0,,,,1.0,1.0,1.0,,1.0,1.0,1.0,1.0,lamotrigine,EVITER,CYP3A4,,1.0,1.0
1.0,,,,,1.0,1.0,1.0,1.0,0.5,1.0,1.0,1.0,,1.0,1.0,1.0,,,,1.0,1.0,1.0,,1.0,1.0,1.0,1.0,phenytoin,EVITER,CYP3A4,,1.0,1.0
1.0,,,,,1.0,1.0,1.0,1.0,0.5,1.0,1.0,1.0,,1.0,1.0,1.0,,,,1.0,1.0,1.0,,1.0,1.0,1.0,1.0,primidone,EVITER,CYP3A4,,1.0,1.0
1.0,,,,,1.0,1.0,1.0,1.0,0.5,1.0,1.0,1.0,,1.0,1.0,1.0,,,,1.0,1.0,1.0,,1.0,1.0,1.0,1.0,valproic acid,EVITER,CYP3A4,,1.0,1.0
1.0,,,,,1.0,1.0,1.0,1.0,1.0,0.5,1.0,1.0,,1.0,1.0,1.0,,,,1.0,1.0,1.0,,1.0,1.0,1.0,1.0,4-hydroxycyclophosphamide,ADAPTER_DOSE,CYP3A5,,1.0,1.0
0.5,,,,,1.0,1.0,1.0,1.0,1.0,1.0,1.0,1.0,,1.0,1.0,1.0,,,,1.0,1.0,1.0,,1.0,1.0,1.0,1.0,methotrexate,EVITER,ABCG2,,1.0,1.0
1.0,,,,,1.0,1.0,1.0,1.0,1.0,1.0,1.0,1.0,,1.0,1.0,1.0,,,,1.0,1.0,1.0,,0.5,1.0,1.0,1.0,isoniazid,ADAPTER_DOSE,SLCO1B1,,1.0,1.0
1.0,,,,,1.0,1.0,1.0,1.0,1.0,1.0,1.0,1.0,,1.0,1.0,1.0,,,,1.0,1.0,1.0,,0.5,1.0,1.0,1.0,hmg-coa reductase inhibitors,EVITER,SLCO1B1,,1.0,1.0
0.5,,,,,1.0,1.0,1.0,1.0,1.0,1.0,1.0,1.0,,1.0,1.0,1.0,,,,1.0,1.0,1.0,,1.0,1.0,1.0,1.0,risperidone,ADAPTER_DOSE,ABCG2,,1.0,1.0
1.0,,,,,1.0,0.5,1.0,1.0,1.0,1.0,1.0,1.0,,1.0,1.0,1.0,,,,1.0,1.0,1.0,,1.0,1.0,1.0,1.0,aspirin,SURVEILLER,CYP2C19,,1.0,1.0
1.0,,,,,1.0,1.0,1.0,1.0,1.0,1.0,1.0,1.0,,1.0,1.0,1.0,,,,1.0,1.0,1.0,,1.0,1.0,1.0,1.0,nevirapine,EVITER,CYP1A2,,1.0,0.5
1.0,,,,,1.0,1.0,1.0,1.0,0.5,1.0,1.0,1.0,,1.0,1.0,1.0,,,,1.0,1.0,1.0,,1.0,1.0,1.0,1.0,cyclosporine,EVITER,CYP3A4,,1.0,1.0
1.0,,,,,1.0,1.0,1.0,1.0,1.0,0.5,1.0,1.0,,1.0,1.0,1.0,,,,1.0,1.0,1.0,,1.0,1.0,1.0,1.0,lovastatin,EVITER,CYP3A5,,1.0,1.0
1.0,,,,,1.0,1.0,1.0,1.0,1.0,0.5,1.0,1.0,,1.0,1.0,1.0,,,,1.0,1.0,1.0,,1.0,1.0,1.0,1.0,simvastatin,EVITER,CYP3A5,,1.0,1.0
0.5,,,,,1.0,1.0,1.0,1.0,1.0,1.0,1.0,1.0,,1.0,1.0,1.0,,,,1.0,1.0,1.0,,1.0,1.0,1.0,1.0,sorafenib,ADAPTER_DOSE,ABCG2,,1.0,1.0
1.0,,,,,1.0,0.5,1.0,1.0,1.0,1.0,1.0,1.0,,1.0,1.0,1.0,,,,1.0,1.0,1.0,,1.0,1.0,1.0,1.0,citalopram,EVITER,CYP2C19,,1.0,1.0
1.0,,,,,1.0,1.0,1.0,1.0,1.0,1.0,1.0,1.0,,1.0,1.0,1.0,,,,1.0,1.0,1.0,,0.5,1.0,1.0,1.0,pravastatin,SURVEILLER,SLCO1B1,,1.0,1.0
1.0,,,,,1.0,1.0,0.5,1.0,1.0,1.0,1.0,1.0,,1.0,1.0,1.0,,,,1.0,1.0,1.0,,1.0,1.0,1.0,1.0,ketoprofen,EVITER,CYP2C9,,1.0,1.0
1.0,,,,,1.0,1.0,1.0,1.0,1.0,1.0,1.0,1.0,,1.0,1.0,1.0,,,,1.0,1.0,1.0,,0.5,1.0,1.0,1.0,simvastatin,ADAPTER_DOSE,SLCO1B1,,1.0,1.0
1.0,,,,,1.0,1.0,1.0,1.0,1.0,1.0,1.0,1.0,,1.0,1.0,1.0,,,,1.0,1.0,1.0,,0.5,1.0,1.0,1.0,lovastatin,EVITER,SLCO1B1,,1.0,1.0
1.0,,,,,1.0,1.0,1.0,1.0,0.5,1.0,1.0,1.0,,1.0,1.0,1.0,,,,1.0,1.0,1.0,,1.0,1.0,1.0,1.0,fluvastatin,EVITER,CYP3A4,,1.0,1.0
1.0,,,,,0.5,1.0,1.0,1.0,1.0,1.0,1.0,1.0,,1.0,1.0,1.0,,,,1.0,1.0,1.0,,1.0,1.0,1.0,1.0,varenicline,EVITER,CYP2B6,,1.0,1.0
0.5,,,,,1.0,1.0,1.0,1.0,1.0,1.0,1.0,1.0,,1.0,1.0,1.0,,,,1.0,1.0,1.0,,1.0,1.0,1.0,1.0,dolutegravir,ADAPTER_DOSE,ABCG2,,1.0,1.0
1.0,,,,,1.0,1.0,1.0,1.0,0.5,1.0,1.0,1.0,,1.0,1.0,1.0,,,,1.0,1.0,1.0,,1.0,1.0,1.0,1.0,apremilast,EVITER,CYP3A4,,1.0,1.0
1.0,,,,,1.0,1.0,1.0,1.0,1.0,1.0,1.0,1.0,,1.0,1.0,1.0,,,,1.0,1.0,1.0,,1.0,1.0,1.0,1.0,caffeine,SURVEILLER,CYP1A2,,1.0,0.5
1.0,,,,,1.0,1.0,1.0,1.0,1.0,1.0,1.0,1.0,,1.0,1.0,1.0,,,,1.0,0.5,1.0,,1.0,1.0,1.0,1.0,azathioprine,EVITER,NUDT15,,1.0,1.0
1.0,,,,,1.0,1.0,1.0,1.0,1.0,1.0,1.0,1.0,,1.0,1.0,1.0,,,,1.0,0.5,1.0,,1.0,1.0,1.0,1.0,mercaptopurine,EVITER,NUDT15,,1.0,1.0
1.0,,,,,1.0,1.0,1.0,0.5,1.0,1.0,1.0,1.0,,1.0,1.0,1.0,,,,1.0,1.0,1.0,,1.0,1.0,1.0,1.0,thioridazine,ADAPTER_DOSE,CYP2D6,,1.0,1.0
1.0,,,,,1.0,1.0,1.0,1.0,1.0,1.0,1.0,1.0,,1.0,1.0,1.0,,,,1.0,1.0,1.0,,1.0,1.0,1.0,1.0,deferasirox,ADAPTER_DOSE,CYP1A2,,1.0,0.5
1.0,,,,,1.0,1.0,1.0,0.5,1.0,1.0,1.0,1.0,,1.0,1.0,1.0,,,,1.0,1.0,1.0,,1.0,1.0,1.0,1.0,haloperidol,EVITER,CYP2D6,,1.0,1.0
1.0,,,,,0.5,1.0,1.0,1.0,1.0,1.0,1.0,1.0,,1.0,1.0,1.0,,,,1.0,1.0,1.0,,1.0,1.0,1.0,1.0,non-nucleoside reverse transcriptase inhibitors,EVITER,CYP2B6,,1.0,1.0
1.0,,,,,1.0,1.0,1.0,1.0,0.5,1.0,1.0,1.0,,1.0,1.0,1.0,,,,1.0,1.0,1.0,,1.0,1.0,1.0,1.0,warfarin,ADAPTER_DOSE,CYP3A4,,1.0,1.0
1.0,,,,,1.0,1.0,1.0,1.0,1.0,1.0,1.0,1.0,,1.0,1.0,1.0,,,,1.0,1.0,1.0,,1.0,1.0,1.0,1.0,warfarin,ADAPTER_DOSE,CYP1A2,,1.0,0.5
1.0,,,,,1.0,1.0,1.0,1.0,1.0,1.0,1.0,1.0,,1.0,1.0,1.0,,,,1.0,1.0,1.0,,0.5,1.0,1.0,1.0,ritonavir,ADAPTER_DOSE,SLCO1B1,,1.0,1.0
1.0,,,,,1.0,1.0,1.0,1.0,1.0,1.0,1.0,1.0,,1.0,1.0,1.0,,,,1.0,1.0,1.0,,1.0,1.0,1.0,1.0,erlotinib,ADAPTER_DOSE,CYP1A2,,1.0,0.5
1.0,,,,,1.0,1.0,1.0,1.0,1.0,1.0,1.0,1.0,,1.0,1.0,1.0,,,,1.0,1.0,1.0,,1.0,1.0,1.0,1.0,theophylline,SURVEILLER,CYP1A2,,1.0,0.5
1.0,,,,,1.0,1.0,1.0,1.0,1.0,1.0,1.0,1.0,,1.0,1.0,0.5,,,,1.0,1.0,1.0,,1.0,1.0,1.0,1.0,etanercept,EVITER,HLA-B,,1.0,1.0
1.0,,,,,1.0,1.0,1.0,1.0,1.0,0.5,1.0,1.0,,1.0,1.0,1.0,,,,1.0,1.0,1.0,,1.0,1.0,1.0,1.0,rosuvastatin,EVITER,CYP3A5,,1.0,1.0
1.0,,,,,1.0,1.0,1.0,0.5,1.0,1.0,1.0,1.0,,1.0,1.0,1.0,,,,1.0,1.0,1.0,,1.0,1.0,1.0,1.0,methylphenidate,EVITER,CYP2D6,,1.0,1.0
1.0,,,,,1.0,1.0,1.0,1.0,0.5,1.0,1.0,1.0,,1.0,1.0,1.0,,,,1.0,1.0,1.0,,1.0,1.0,1.0,1.0,docetaxel,ADAPTER_DOSE,CYP3A4,,1.0,1.0
1.0,,,,,1.0,1.0,1.0,1.0,1.0,0.5,1.0,1.0,,1.0,1.0,1.0,,,,1.0,1.0,1.0,,1.0,1.0,1.0,1.0,docetaxel,ADAPTER_DOSE,CYP3A5,,1.0,1.0
1.0,,,,,1.0,1.0,1.0,1.0,1.0,1.0,1.0,1.0,,1.0,1.0,1.0,,,,1.0,1.0,1.0,,1.0,1.0,1.0,1.0,nicotine,EVITER,CYP1A2,,1.0,0.5
1.0,,,,,1.0,1.0,1.0,1.0,1.0,1.0,1.0,1.0,,1.0,1.0,1.0,,,,1.0,1.0,1.0,,1.0,1.0,1.0,0.5,fluindione,ADAPTER_DOSE,VKORC1,,1.0,1.0
1.0,,,,,1.0,1.0,1.0,1.0,1.0,1.0,1.0,1.0,,1.0,1.0,1.0,,,,1.0,1.0,1.0,,1.0,1.0,1.0,1.0,olanzapine,ADAPTER_DOSE,CYP1A2,,1.0,0.5
1.0,,,,,1.0,1.0,1.0,1.0,1.0,1.0,0.5,1.0,,1.0,1.0,1.0,,,,1.0,1.0,1.0,,1.0,1.0,1.0,1.0,phenprocoumon,ADAPTER_DOSE,CYP4F2,,1.0,1.0
0.5,,,,,1.0,1.0,1.0,1.0,1.0,1.0,1.0,1.0,,1.0,1.0,1.0,,,,1.0,1.0,1.0,,1.0,1.0,1.0,1.0,antineoplastic agents,EVITER,ABCG2,,1.0,1.0
0.5,,,,,1.0,1.0,1.0,1.0,1.0,1.0,1.0,1.0,,1.0,1.0,1.0,,,,1.0,1.0,1.0,,1.0,1.0,1.0,1.0,sulfasalazine,EVITER,ABCG2,,1.0,1.0
1.0,,,,,0.5,1.0,1.0,1.0,1.0,1.0,1.0,1.0,,1.0,1.0,1.0,,,,1.0,1.0,1.0,,1.0,1.0,1.0,1.0,3,ADAPTER_DOSE,CYP2B6,,1.0,1.0
1.0,,,,,0.5,1.0,1.0,1.0,1.0,1.0,1.0,1.0,,1.0,1.0,1.0,,,,1.0,1.0,1.0,,1.0,1.0,1.0,1.0,4-methylenedioxymethamphetamine,ADAPTER_DOSE,CYP2B6,,1.0,1.0
1.0,,,,,1.0,1.0,1.0,1.0,1.0,1.0,0.5,1.0,,1.0,1.0,1.0,,,,1.0,1.0,1.0,,1.0,1.0,1.0,1.0,aspirin,EVITER,CYP4F2,,1.0,1.0
1.0,,,,,1.0,1.0,1.0,1.0,1.0,1.0,0.5,1.0,,1.0,1.0,1.0,,,,1.0,1.0,1.0,,1.0,1.0,1.0,1.0,clopidogrel,EVITER,CYP4F2,,1.0,1.0
1.0,,,,,1.0,1.0,1.0,1.0,1.0,1.0,1.0,1.0,,1.0,1.0,1.0,,,,1.0,1.0,1.0,,1.0,1.0,0.5,1.0,deferasirox,EVITER,UGT1A1,,1.0,1.0
1.0,,,,,1.0,1.0,1.0,1.0,1.0,1.0,1.0,1.0,,1.0,1.0,1.0,,,,1.0,1.0,1.0,,0.5,1.0,1.0,1.0,capecitabine,EVITER,SLCO1B1,,1.0,1.0
1.0,,,,,1.0,1.0,1.0,1.0,1.0,1.0,1.0,1.0,,1.0,1.0,1.0,,,,1.0,1.0,1.0,,0.5,1.0,1.0,1.0,fluorouracil,EVITER,SLCO1B1,,1.0,1.0
1.0,,,,,1.0,1.0,1.0,1.0,1.0,1.0,1.0,1.0,,1.0,1.0,1.0,,,,1.0,1.0,1.0,,0.5,1.0,1.0,1.0,irinotecan,EVITER,SLCO1B1,,1.0,1.0
1.0,,,,,1.0,1.0,1.0,1.0,1.0,1.0,1.0,1.0,,1.0,1.0,1.0,,,,1.0,1.0,1.0,,0.5,1.0,1.0,1.0,leucovorin,EVITER,SLCO1B1,,1.0,1.0
1.0,,,,,1.0,1.0,0.5,1.0,1.0,1.0,1.0,1.0,,1.0,1.0,1.0,,,,1.0,1.0,1.0,,1.0,1.0,1.0,1.0,ibuprofen,EVITER,CYP2C9,,1.0,1.0
1.0,,,,,1.0,1.0,1.0,1.0,1.0,1.0,1.0,1.0,,1.0,1.0,1.0,,,,1.0,1.0,1.0,,1.0,1.0,1.0,1.0,imatinib,ADAPTER_DOSE,CYP1A2,,1.0,0.5
1.0,,,,,1.0,1.0,1.0,1.0,1.0,1.0,1.0,1.0,,1.0,1.0,1.0,,,,1.0,1.0,1.0,,0.5,1.0,1.0,1.0,methotrexate,SURVEILLER,SLCO1B1,,1.0,1.0
1.0,,,,,1.0,1.0,1.0,1.0,1.0,1.0,1.0,1.0,,1.0,1.0,1.0,,,,1.0,1.0,1.0,,1.0,1.0,1.0,1.0,bupropion,EVITER,CYP2A6,,0.5,1.0
1.0,,,,,1.0,1.0,1.0,1.0,1.0,1.0,1.0,1.0,,1.0,1.0,1.0,,,,1.0,1.0,1.0,,1.0,1.0,1.0,1.0,drugs used in nicotine dependence,EVITER,CYP2A6,,0.5,1.0
1.0,,,,,1.0,1.0,1.0,1.0,0.5,1.0,1.0,1.0,,1.0,1.0,1.0,,,,1.0,1.0,1.0,,1.0,1.0,1.0,1.0,erythromycin,ADAPTER_DOSE,CYP3A4,,1.0,1.0
0.5,,,,,1.0,1.0,1.0,1.0,1.0,1.0,1.0,1.0,,1.0,1.0,1.0,,,,1.0,1.0,1.0,,1.0,1.0,1.0,1.0,sunitinib,ADAPTER_DOSE,ABCG2,,1.0,1.0
1.0,,,,,1.0,1.0,1.0,1.0,1.0,0.5,1.0,1.0,,1.0,1.0,1.0,,,,1.0,1.0,1.0,,1.0,1.0,1.0,1.0,clopidogrel,EVITER,CYP3A5,,1.0,1.0
1.0,,,,,1.0,1.0,1.0,1.0,0.5,1.0,1.0,1.0,,1.0,1.0,1.0,,,,1.0,1.0,1.0,,1.0,1.0,1.0,1.0,fentanyl,EVITER,CYP3A4,,1.0,1.0
1.0,,,,,1.0,1.0,1.0,1.0,1.0,0.5,1.0,1.0,,1.0,1.0,1.0,,,,1.0,1.0,1.0,,1.0,1.0,1.0,1.0,sirolimus,SURVEILLER,CYP3A5,,1.0,1.0
1.0,,,,,1.0,1.0,1.0,1.0,0.5,1.0,1.0,1.0,,1.0,1.0,1.0,,,,1.0,1.0,1.0,,1.0,1.0,1.0,1.0,sirolimus,SURVEILLER,CYP3A4,,1.0,1.0
1.0,,,,,1.0,0.5,1.0,1.0,1.0,1.0,1.0,1.0,,1.0,1.0,1.0,,,,1.0,1.0,1.0,,1.0,1.0,1.0,1.0,phenytoin,SURVEILLER,CYP2C19,,1.0,1.0
1.0,,,,,1.0,1.0,1.0,0.5,1.0,1.0,1.0,1.0,,1.0,1.0,1.0,,,,1.0,1.0,1.0,,1.0,1.0,1.0,1.0,desethylchloroquine,ADAPTER_DOSE,CYP2D6,,1.0,1.0
1.0,,,,,1.0,1.0,1.0,0.5,1.0,1.0,1.0,1.0,,1.0,1.0,1.0,,,,1.0,1.0,1.0,,1.0,1.0,1.0,1.0,hydroxychloroquine,ADAPTER_DOSE,CYP2D6,,1.0,1.0
1.0,,,,,0.5,1.0,1.0,1.0,1.0,1.0,1.0,1.0,,1.0,1.0,1.0,,,,1.0,1.0,1.0,,1.0,1.0,1.0,1.0,imatinib,EVITER,CYP2B6,,1.0,1.0
1.0,,,,,1.0,1.0,1.0,1.0,1.0,1.0,1.0,1.0,,1.0,1.0,1.0,,,,1.0,1.0,1.0,,0.5,1.0,1.0,1.0,rosiglitazone,EVITER,SLCO1B1,,1.0,1.0
0.5,,,,,1.0,1.0,1.0,1.0,1.0,1.0,1.0,1.0,,1.0,1.0,1.0,,,,1.0,1.0,1.0,,1.0,1.0,1.0,1.0,methotrexate,ADAPTER_DOSE,ABCG2,,1.0,1.0
1.0,,,,,1.0,1.0,1.0,1.0,1.0,1.0,1.0,1.0,,1.0,1.0,1.0,,,,1.0,1.0,1.0,,0.5,1.0,1.0,1.0,rosuvastatin,EVITER,SLCO1B1,,1.0,1.0
1.0,,,,,1.0,1.0,1.0,1.0,1.0,1.0,1.0,1.0,,1.0,1.0,1.0,,,,1.0,1.0,1.0,,1.0,1.0,0.5,1.0,2-hydroxyatorvastatin lactone,ADAPTER_DOSE,UGT1A1,,1.0,1.0
1.0,,,,,1.0,1.0,1.0,1.0,1.0,1.0,1.0,1.0,,1.0,1.0,1.0,,,,1.0,1.0,1.0,,1.0,1.0,0.5,1.0,4-hydroxyatorvastatin lactone,ADAPTER_DOSE,UGT1A1,,1.0,1.0
1.0,,,,,1.0,1.0,1.0,1.0,1.0,1.0,1.0,1.0,,1.0,1.0,1.0,,,,1.0,1.0,1.0,,1.0,1.0,0.5,1.0,atorvastatin lactone,ADAPTER_DOSE,UGT1A1,,1.0,1.0
1.0,,,,,1.0,1.0,1.0,1.0,1.0,1.0,1.0,1.0,,1.0,1.0,1.0,,,,1.0,1.0,1.0,,0.5,1.0,1.0,1.0,rocuronium,EVITER,SLCO1B1,,1.0,1.0
0.5,,,,,1.0,1.0,1.0,1.0,1.0,1.0,1.0,1.0,,1.0,1.0,1.0,,,,1.0,1.0,1.0,,1.0,1.0,1.0,1.0,ceftriaxone,ADAPTER_DOSE,ABCG2,,1.0,1.0
1.0,,,,,0.5,1.0,1.0,1.0,1.0,1.0,1.0,1.0,,1.0,1.0,1.0,,,,1.0,1.0,1.0,,1.0,1.0,1.0,1.0,propofol,ADAPTER_DOSE,CYP2B6,,1.0,1.0
1.0,,,,,1.0,0.5,1.0,1.0,1.0,1.0,1.0,1.0,,1.0,1.0,1.0,,,,1.0,1.0,1.0,,1.0,1.0,1.0,1.0,valproic acid,SURVEILLER,CYP2C19,,1.0,1.0
0.5,,,,,1.0,1.0,1.0,1.0,1.0,1.0,1.0,1.0,,1.0,1.0,1.0,,,,1.0,1.0,1.0,,1.0,1.0,1.0,1.0,apixaban,ADAPTER_DOSE,ABCG2,,1.0,1.0
1.0,,,,,1.0,1.0,0.5,1.0,1.0,1.0,1.0,1.0,,1.0,1.0,1.0,,,,1.0,1.0,1.0,,1.0,1.0,1.0,1.0,irbesartan,ADAPTER_DOSE,CYP2C9,,1.0,1.0
0.5,,,,,1.0,1.0,1.0,1.0,1.0,1.0,1.0,1.0,,1.0,1.0,1.0,,,,1.0,1.0,1.0,,1.0,1.0,1.0,1.0,felodipine,ADAPTER_DOSE,ABCG2,,1.0,1.0
1.0,,,,,1.0,1.0,1.0,1.0,1.0,1.0,1.0,1.0,,1.0,1.0,1.0,,,,1.0,1.0,1.0,,1.0,1.0,1.0,1.0,dexmedetomidine,ADAPTER_DOSE,CYP2A6,,0.5,1.0
1.0,,,,,1.0,1.0,0.5,1.0,1.0,1.0,1.0,1.0,,1.0,1.0,1.0,,,,1.0,1.0,1.0,,1.0,1.0,1.0,1.0,irbesartan,EVITER,CYP2C9,,1.0,1.0
1.0,,,,,0.5,1.0,1.0,1.0,1.0,1.0,1.0,1.0,,1.0,1.0,1.0,,,,1.0,1.0,1.0,,1.0,1.0,1.0,1.0,tramadol,ADAPTER_DOSE,CYP2B6,,1.0,1.0
1.0,,,,,1.0,1.0,1.0,0.5,1.0,1.0,1.0,1.0,,1.0,1.0,1.0,,,,1.0,1.0,1.0,,1.0,1.0,1.0,1.0,dexmedetomidine,ADAPTER_DOSE,CYP2D6,,1.0,1.0
1.0,,,,,1.0,1.0,1.0,1.0,1.0,1.0,1.0,1.0,,1.0,1.0,1.0,,,,1.0,1.0,1.0,,1.0,1.0,1.0,1.0,carbamazepine,ADAPTER_DOSE,CYP1A2,,1.0,0.5
1.0,,,,,1.0,1.0,1.0,1.0,0.5,1.0,1.0,1.0,,1.0,1.0,1.0,,,,1.0,1.0,1.0,,1.0,1.0,1.0,1.0,rivaroxaban,ADAPTER_DOSE,CYP3A4,,1.0,1.0
0.5,,,,,1.0,1.0,1.0,1.0,1.0,1.0,1.0,1.0,,1.0,1.0,1.0,,,,1.0,1.0,1.0,,1.0,1.0,1.0,1.0,opioid anesthetics,EVITER,ABCG2,,1.0,1.0
0.5,,,,,1.0,1.0,1.0,1.0,1.0,1.0,1.0,1.0,,1.0,1.0,1.0,,,,1.0,1.0,1.0,,1.0,1.0,1.0,1.0,other general anesthetics,EVITER,ABCG2,,1.0,1.0
0.5,,,,,1.0,1.0,1.0,1.0,1.0,1.0,1.0,1.0,,1.0,1.0,1.0,,,,1.0,1.0,1.0,,1.0,1.0,1.0,1.0,volatile anesthetics,EVITER,ABCG2,,1.0,1.0
1.0,,,,,1.0,1.0,1.0,1.0,1.0,1.0,1.0,1.0,,1.0,1.0,1.0,,,,1.0,1.0,1.0,,1.0,1.0,1.0,1.0,paroxetine,ADAPTER_DOSE,CYP1A2,,1.0,0.5
0.5,,,,,1.0,1.0,1.0,1.0,1.0,1.0,1.0,1.0,,1.0,1.0,1.0,,,,1.0,1.0,1.0,,1.0,1.0,1.0,1.0,topotecan,ADAPTER_DOSE,ABCG2,,1.0,1.0
1.0,,,,,1.0,1.0,1.0,1.0,0.5,1.0,1.0,1.0,,1.0,1.0,1.0,,,,1.0,1.0,1.0,,1.0,1.0,1.0,1.0,everolimus,ADAPTER_DOSE,CYP3A4,,1.0,1.0
1.0,,,,,1.0,1.0,1.0,1.0,1.0,0.5,1.0,1.0,,1.0,1.0,1.0,,,,1.0,1.0,1.0,,1.0,1.0,1.0,1.0,ondansetron,ADAPTER_DOSE,CYP3A5,,1.0,1.0
1.0,,,,,1.0,1.0,1.0,1.0,1.0,1.0,1.0,1.0,,1.0,1.0,1.0,,,,1.0,1.0,1.0,,0.5,1.0,1.0,1.0,2-hydroxyatorvastatin,ADAPTER_DOSE,SLCO1B1,,1.0,1.0
1.0,,,,,1.0,1.0,1.0,1.0,1.0,1.0,1.0,1.0,,1.0,1.0,1.0,,,,1.0,1.0,1.0,,0.5,1.0,1.0,1.0,2-hydroxyatorvastatin lactone,ADAPTER_DOSE,SLCO1B1,,1.0,1.0
1.0,,,,,1.0,1.0,1.0,1.0,1.0,1.0,1.0,1.0,,1.0,1.0,1.0,,,,1.0,1.0,1.0,,0.5,1.0,1.0,1.0,4-hydroxyatorvastatin,ADAPTER_DOSE,SLCO1B1,,1.0,1.0
1.0,,,,,1.0,1.0,1.0,1.0,1.0,1.0,1.0,1.0,,1.0,1.0,1.0,,,,1.0,1.0,1.0,,0.5,1.0,1.0,1.0,4-hydroxyatorvastatin lactone,ADAPTER_DOSE,SLCO1B1,,1.0,1.0
1.0,,,,,1.0,1.0,1.0,1.0,1.0,1.0,1.0,1.0,,1.0,1.0,1.0,,,,1.0,1.0,1.0,,0.5,1.0,1.0,1.0,atorvastatin lactone,ADAPTER_DOSE,SLCO1B1,,1.0,1.0
1.0,,,,,1.0,1.0,1.0,1.0,1.0,0.5,1.0,1.0,,1.0,1.0,1.0,,,,1.0,1.0,1.0,,1.0,1.0,1.0,1.0,lopinavir,ADAPTER_DOSE,CYP3A5,,1.0,1.0
1.0,,,,,1.0,1.0,0.5,1.0,1.0,1.0,1.0,1.0,,1.0,1.0,1.0,,,,1.0,1.0,1.0,,1.0,1.0,1.0,1.0,apatinib,ADAPTER_DOSE,CYP2C9,,1.0,1.0
1.0,,,,,1.0,1.0,0.5,1.0,1.0,1.0,1.0,1.0,,1.0,1.0,1.0,,,,1.0,1.0,1.0,,1.0,1.0,1.0,1.0,apatinib metabolite m1-1,ADAPTER_DOSE,CYP2C9,,1.0,1.0
1.0,,,,,1.0,1.0,1.0,1.0,1.0,1.0,1.0,1.0,,1.0,1.0,1.0,,,,1.0,1.0,1.0,,0.5,1.0,1.0,1.0,amprenavir,ADAPTER_DOSE,SLCO1B1,,1.0,1.0
1.0,,,,,1.0,1.0,1.0,1.0,1.0,0.5,1.0,1.0,,1.0,1.0,1.0,,,,1.0,1.0,1.0,,1.0,1.0,1.0,1.0,everolimus,ADAPTER_DOSE,CYP3A5,,1.0,1.0
1.0,,,,,1.0,1.0,1.0,1.0,1.0,1.0,1.0,1.0,,1.0,1.0,1.0,,,,1.0,1.0,1.0,,1.0,1.0,1.0,1.0,dehydroaripiprazole,ADAPTER_DOSE,CYP1A2,,1.0,0.5
1.0,,,,,1.0,1.0,1.0,1.0,1.0,1.0,1.0,1.0,,1.0,1.0,1.0,,,,1.0,1.0,1.0,,1.0,1.0,1.0,1.0,clozapine,EVITER,CYP1A2,,1.0,0.5
1.0,,,,,1.0,1.0,1.0,1.0,1.0,1.0,1.0,1.0,,1.0,1.0,1.0,,,,1.0,1.0,1.0,,0.5,1.0,1.0,1.0,lopinavir,ADAPTER_DOSE,SLCO1B1,,1.0,1.0
1.0,,,,,1.0,0.5,1.0,1.0,1.0,1.0,1.0,1.0,,1.0,1.0,1.0,,,,1.0,1.0,1.0,,1.0,1.0,1.0,1.0,doxorubicin,EVITER,CYP2C19,,1.0,1.0
0.5,,,,,1.0,1.0,1.0,1.0,1.0,1.0,1.0,1.0,,1.0,1.0,1.0,,,,1.0,1.0,1.0,,1.0,1.0,1.0,1.0,tenofovir,ADAPTER_DOSE,ABCG2,,1.0,1.0
1.0,,,,,1.0,1.0,1.0,1.0,1.0,1.0,1.0,0.5,,1.0,1.0,1.0,,,,1.0,1.0,1.0,,1.0,1.0,1.0,1.0,cisplatin,EVITER,DPYD,,1.0,1.0
1.0,,,,,1.0,1.0,1.0,1.0,0.0,1.0,1.0,1.0,,1.0,1.0,1.0,,,,1.0,1.0,1.0,,1.0,1.0,1.0,1.0,voriconazole,ADAPTER_DOSE,CYP3A4,,1.0,1.0
1.0,,,,,1.0,1.0,1.0,1.0,0.5,1.0,1.0,1.0,,1.0,1.0,1.0,,,,1.0,1.0,1.0,,1.0,1.0,1.0,1.0,tenofovir alafenamide,ADAPTER_DOSE,CYP3A4,,1.0,1.0
1.0,,,,,1.0,1.0,1.0,1.0,0.5,1.0,1.0,1.0,,1.0,1.0,1.0,,,,1.0,1.0,1.0,,1.0,1.0,1.0,1.0,pazopanib,ADAPTER_DOSE,CYP3A4,,1.0,1.0
1.0,,,,,1.0,1.0,1.0,1.0,1.0,1.0,1.0,1.0,,1.0,1.0,1.0,,,,1.0,1.0,1.0,,0.5,1.0,1.0,1.0,mycophenolic acid,ADAPTER_DOSE,SLCO1B1,,1.0,1.0
1.0,,,,,1.0,1.0,1.0,1.0,0.5,1.0,1.0,1.0,,1.0,1.0,1.0,,,,1.0,1.0,1.0,,1.0,1.0,1.0,1.0,dexamethasone,EVITER,CYP3A4,,1.0,1.0
1.0,,,,,1.0,1.0,1.0,1.0,1.0,1.0,1.0,1.0,,1.0,1.0,1.0,,,,1.0,1.0,0.5,,1.0,1.0,1.0,1.0,halothane,SURVEILLER,RYR1,,1.0,1.0
1.0,,,,,1.0,1.0,1.0,1.0,0.5,1.0,1.0,1.0,,1.0,1.0,1.0,,,,1.0,1.0,1.0,,1.0,1.0,1.0,1.0,2-hydroxyatorvastatin,ADAPTER_DOSE,CYP3A4,,1.0,1.0
1.0,,,,,0.5,1.0,1.0,1.0,1.0,1.0,1.0,1.0,,1.0,1.0,1.0,,,,1.0,1.0,1.0,,1.0,1.0,1.0,1.0,methadone,SURVEILLER,CYP2B6,,1.0,1.0
1.0,,,,,1.0,1.0,1.0,1.0,0.5,1.0,1.0,1.0,,1.0,1.0,1.0,,,,1.0,1.0,1.0,,1.0,1.0,1.0,1.0,methadone,ADAPTER_DOSE,CYP3A4,,1.0,1.0
1.0,,,,,1.0,1.0,1.0,1.0,0.5,1.0,1.0,1.0,,1.0,1.0,1.0,,,,1.0,1.0,1.0,,1.0,1.0,1.0,1.0,perampanel,EVITER,CYP3A4,,1.0,1.0
1.0,,,,,1.0,1.0,1.0,1.0,1.0,0.5,1.0,1.0,,1.0,1.0,1.0,,,,1.0,1.0,1.0,,1.0,1.0,1.0,1.0,gefitinib,ADAPTER_DOSE,CYP3A5,,1.0,1.0
1.0,,,,,1.0,1.0,0.5,1.0,1.0,1.0,1.0,1.0,,1.0,1.0,1.0,,,,1.0,1.0,1.0,,1.0,1.0,1.0,1.0,gefitinib,ADAPTER_DOSE,CYP2C9,,1.0,1.0
1.0,,,,,1.0,1.0,1.0,1.0,0.5,1.0,1.0,1.0,,1.0,1.0,1.0,,,,1.0,1.0,1.0,,1.0,1.0,1.0,1.0,cyclosporine,SURVEILLER,CYP3A4,,1.0,1.0
1.0,,,,,1.0,1.0,1.0,1.0,1.0,1.0,1.0,1.0,,1.0,1.0,1.0,,,,1.0,1.0,1.0,,1.0,0.5,1.0,1.0,deoxy-thioguanosine triphosphate,ADAPTER_DOSE,TPMT,,1.0,1.0
1.0,,,,,1.0,1.0,1.0,1.0,1.0,1.0,1.0,1.0,,1.0,1.0,1.0,,,,1.0,1.0,1.0,,1.0,0.5,1.0,1.0,thioguanosine triphosphate,ADAPTER_DOSE,TPMT,,1.0,1.0
1.0,,,,,1.0,1.0,1.0,0.0,1.0,1.0,1.0,1.0,,1.0,1.0,1.0,,,,1.0,1.0,1.0,,1.0,1.0,1.0,1.0,primaquine,EVITER,CYP2D6,,1.0,1.0
1.0,,,,,1.0,1.0,1.0,1.0,1.0,1.0,1.0,1.0,,1.0,1.0,1.0,,,,1.0,1.0,1.0,,0.5,1.0,1.0,1.0,n-desmethylclozapine,ADAPTER_DOSE,SLCO1B1,,1.0,1.0
1.0,,,,,1.0,0.0,1.0,1.0,1.0,1.0,1.0,1.0,,1.0,1.0,1.0,,,,1.0,1.0,1.0,,1.0,1.0,1.0,1.0,norclobazam,ADAPTER_DOSE,CYP2C19,,1.0,1.0
1.0,,,,,0.5,1.0,1.0,1.0,1.0,1.0,1.0,1.0,,1.0,1.0,1.0,,,,1.0,1.0,1.0,,1.0,1.0,1.0,1.0,artemether,EVITER,CYP2B6,,1.0,1.0
1.0,,,,,0.5,1.0,1.0,1.0,1.0,1.0,1.0,1.0,,1.0,1.0,1.0,,,,1.0,1.0,1.0,,1.0,1.0,1.0,1.0,lumefantrine,EVITER,CYP2B6,,1.0,1.0
1.0,,,,,1.0,1.0,0.5,1.0,1.0,1.0,1.0,1.0,,1.0,1.0,1.0,,,,1.0,1.0,1.0,,1.0,1.0,1.0,1.0,losartan,SURVEILLER,CYP2C9,,1.0,1.0
1.0,,,,,1.0,1.0,1.0,1.0,1.0,1.0,1.0,1.0,,1.0,1.0,1.0,,,,1.0,1.0,1.0,,1.0,1.0,1.0,1.0,zuclopenthixol,ADAPTER_DOSE,CYP2D6,,1.0,1.0
1.0,,,,,1.0,1.0,1.0,0.0,1.0,1.0,1.0,1.0,,1.0,1.0,1.0,,,,1.0,1.0,1.0,,1.0,1.0,1.0,1.0,zuclopenthixol,ADAPTER_DOSE,CYP2D6,,1.0,1.0
1.0,,,,,1.0,0.5,1.0,1.0,1.0,1.0,1.0,1.0,,1.0,1.0,1.0,,,,1.0,1.0,1.0,,1.0,1.0,1.0,1.0,antipsychotics,EVITER,CYP2C19,,1.0,1.0
1.0,,,,,1.0,1.0,1.0,0.5,1.0,1.0,1.0,1.0,,1.0,1.0,1.0,,,,1.0,1.0,1.0,,1.0,1.0,1.0,1.0,antipsychotics,EVITER,CYP2D6,,1.0,1.0
1.0,,,,,1.0,1.0,1.0,1.0,1.0,1.0,1.0,1.0,,1.0,1.0,1.0,,,,1.0,1.0,1.0,,1.0,1.0,1.0,1.0,antidepressants,EVITER,CYP1A2,,1.0,0.5
1.0,,,,,1.0,1.0,1.0,1.0,1.0,1.0,1.0,1.0,,1.0,1.0,1.0,,,,1.0,1.0,1.0,,1.0,1.0,1.0,1.0,antipsychotics,EVITER,CYP1A2,,1.0,0.5
1.0,,,,,1.0,1.0,1.0,1.0,0.5,1.0,1.0,1.0,,1.0,1.0,1.0,,,,1.0,1.0,1.0,,1.0,1.0,1.0,1.0,silodosin,ADAPTER_DOSE,CYP3A4,,1.0,1.0
1.0,,,,,1.0,1.0,1.0,0.5,1.0,1.0,1.0,1.0,,1.0,1.0,1.0,,,,1.0,1.0,1.0,,1.0,1.0,1.0,1.0,hydroxyurea,EVITER,CYP2D6,,1.0,1.0
1.0,,,,,1.0,1.0,1.0,1.0,1.0,1.0,1.0,1.0,,1.0,1.0,1.0,,,,1.0,1.0,1.0,,1.0,1.0,1.0,1.0,"""1",ADAPTER_DOSE,CYP2A6,,0.5,1.0
1.0,,,,,1.0,1.0,1.0,1.0,1.0,1.0,1.0,1.0,,1.0,1.0,1.0,,,,1.0,1.0,1.0,,1.0,1.0,1.0,1.0,"7-dimethylxanthine""",ADAPTER_DOSE,CYP2A6,,0.5,1.0
1.0,,,,,1.0,1.0,1.0,1.0,1.0,1.0,1.0,1.0,,1.0,1.0,1.0,,,,1.0,1.0,1.0,,1.0,1.0,1.0,1.0,"""caffeine""",ADAPTER_DOSE,CYP2A6,,0.5,1.0
1.0,,,,,1.0,1.0,1.0,1.0,1.0,1.0,1.0,1.0,,1.0,1.0,1.0,,,,1.0,1.0,1.0,,1.0,1.0,1.0,1.0,letrozole,EVITER,CYP2A6,,0.0,1.0
1.0,,,,,0.5,1.0,1.0,1.0,1.0,1.0,1.0,1.0,,1.0,1.0,1.0,,,,1.0,1.0,1.0,,1.0,1.0,1.0,1.0,levomethadone,ADAPTER_DOSE,CYP2B6,,1.0,1.0
1.0,,,,,1.0,1.0,1.0,0.5,1.0,1.0,1.0,1.0,,1.0,1.0,1.0,,,,1.0,1.0,1.0,,1.0,1.0,1.0,1.0,loratadine,ADAPTER_DOSE,CYP2D6,,1.0,1.0
1.0,,,,,1.0,1.0,1.0,0.5,1.0,1.0,1.0,1.0,,1.0,1.0,1.0,,,,1.0,1.0,1.0,,1.0,1.0,1.0,1.0,levomethadone,ADAPTER_DOSE,CYP2D6,,1.0,1.0
1.0,,,,,1.0,1.0,1.0,0.5,1.0,1.0,1.0,1.0,,1.0,1.0,1.0,,,,1.0,1.0,1.0,,1.0,1.0,1.0,1.0,s-methadone,ADAPTER_DOSE,CYP2D6,,1.0,1.0
1.0,,,,,1.0,1.0,1.0,0.5,1.0,1.0,1.0,1.0,,1.0,1.0,1.0,,,,1.0,1.0,1.0,,1.0,1.0,1.0,1.0,metoclopramide,ADAPTER_DOSE,CYP2D6,,1.0,1.0
1.0,,,,,1.0,1.0,1.0,1.0,0.5,1.0,1.0,1.0,,1.0,1.0,1.0,,,,1.0,1.0,1.0,,1.0,1.0,1.0,1.0,apixaban,ADAPTER_DOSE,CYP3A4,,1.0,1.0
1.0,,,,,1.0,1.0,1.0,1.0,1.0,0.0,1.0,1.0,,1.0,1.0,1.0,,,,1.0,1.0,1.0,,1.0,1.0,1.0,1.0,apixaban,ADAPTER_DOSE,CYP3A5,,1.0,1.0
1.0,,,,,1.0,1.0,1.0,1.0,1.0,1.0,0.5,1.0,,1.0,1.0,1.0,,,,1.0,1.0,1.0,,1.0,1.0,1.0,1.0,apixaban,ADAPTER_DOSE,CYP4F2,,1.0,1.0
1.0,,,,,1.0,0.5,1.0,1.0,1.0,1.0,1.0,1.0,,1.0,1.0,1.0,,,,1.0,1.0,1.0,,1.0,1.0,1.0,1.0,7-carboxycannabidiol,ADAPTER_DOSE,CYP2C19,,1.0,1.0
1.0,,,,,1.0,0.5,1.0,1.0,1.0,1.0,1.0,1.0,,1.0,1.0,1.0,,,,1.0,1.0,1.0,,1.0,1.0,1.0,1.0,7-hydroxycannabidiol,ADAPTER_DOSE,CYP2C19,,1.0,1.0
1.0,,,,,1.0,1.0,0.0,1.0,1.0,1.0,1.0,1.0,,1.0,1.0,1.0,,,,1.0,1.0,1.0,,1.0,1.0,1.0,1.0,dimolegin,ADAPTER_DOSE,CYP2C9,,1.0,1.0
0.5,,,,,1.0,1.0,1.0,1.0,1.0,1.0,1.0,1.0,,1.0,1.0,1.0,,,,1.0,1.0,1.0,,1.0,1.0,1.0,1.0,ibrutinib,ADAPTER_DOSE,ABCG2,,1.0,1.0
1.0,,,,,1.0,1.0,1.0,0.5,1.0,1.0,1.0,1.0,,1.0,1.0,1.0,,,,1.0,1.0,1.0,,1.0,1.0,1.0,1.0,ibrutinib,ADAPTER_DOSE,CYP2D6,,1.0,1.0
1.0,,,,,1.0,1.0,1.0,1.0,1.0,1.0,1.0,1.0,,1.0,1.0,1.0,,,,1.0,1.0,1.0,,1.0,1.0,0.0,1.0,dolutegravir,ADAPTER_DOSE,UGT1A1,,1.0,1.0
1.0,,,,,1.0,0.5,1.0,1.0,1.0,1.0,1.0,1.0,,1.0,1.0,1.0,,,,1.0,1.0,1.0,,1.0,1.0,1.0,1.0,docetaxel,EVITER,CYP2C19,,1.0,1.0
1.0,,,,,1.0,0.5,1.0,1.0,1.0,1.0,1.0,1.0,,1.0,1.0,1.0,,,,1.0,1.0,1.0,,1.0,1.0,1.0,1.0,cannabidiol,ADAPTER_DOSE,CYP2C19,,1.0,1.0
1.0,,,,,1.0,1.0,1.0,1.0,1.0,0.5,1.0,1.0,,1.0,1.0,1.0,,,,1.0,1.0,1.0,,1.0,1.0,1.0,1.0,7-carboxycannabidiol,ADAPTER_DOSE,CYP3A5,,1.0,1.0
1.0,,,,,1.0,0.0,1.0,1.0,1.0,1.0,1.0,1.0,,1.0,1.0,1.0,,,,1.0,1.0,1.0,,1.0,1.0,1.0,1.0,alpha-hydroxy sertraline ketone,ADAPTER_DOSE,CYP2C19,,1.0,1.0
1.0,,,,,1.0,2.0,1.0,1.0,1.0,1.0,1.0,1.0,,1.0,1.0,1.0,,,,1.0,1.0,1.0,,1.0,1.0,1.0,1.0,alpha-hydroxy sertraline ketone,ADAPTER_DOSE,CYP2C19,,1.0,1.0
1.0,,,,,0.0,1.0,1.0,1.0,1.0,1.0,1.0,1.0,,1.0,1.0,1.0,,,,1.0,1.0,1.0,,1.0,1.0,1.0,1.0,desmethylsertraline,ADAPTER_DOSE,CYP2B6,,1.0,1.0
1.0,,,,,1.0,0.0,1.0,1.0,1.0,1.0,1.0,1.0,,1.0,1.0,1.0,,,,1.0,1.0,1.0,,1.0,1.0,1.0,1.0,r-methylphenobarbital,ADAPTER_DOSE,CYP2C19,,1.0,1.0
1.0,,,,,1.0,0.5,1.0,1.0,1.0,1.0,1.0,1.0,,1.0,1.0,1.0,,,,1.0,1.0,1.0,,1.0,1.0,1.0,1.0,thalidomide,EVITER,CYP2C19,,1.0,1.0
1.0,,,,,1.0,1.0,1.0,0.0,1.0,1.0,1.0,1.0,,1.0,1.0,1.0,,,,1.0,1.0,1.0,,1.0,1.0,1.0,1.0,r-norfluoxetine,ADAPTER_DOSE,CYP2D6,,1.0,1.0
1.0,,,,,1.0,1.0,1.0,0.0,1.0,1.0,1.0,1.0,,1.0,1.0,1.0,,,,1.0,1.0,1.0,,1.0,1.0,1.0,1.0,s-norfluoxetine,ADAPTER_DOSE,CYP2D6,,1.0,1.0
1.0,,,,,1.0,1.0,1.0,1.0,1.0,1.0,1.0,1.0,,1.0,1.0,1.0,,,,1.0,0.0,1.0,,1.0,1.0,1.0,1.0,acyclovir,EVITER,NUDT15,,1.0,1.0
1.0,,,,,1.0,1.0,1.0,1.0,1.0,0.5,1.0,1.0,,1.0,1.0,1.0,,,,1.0,1.0,1.0,,1.0,1.0,1.0,1.0,desethylchloroquine,ADAPTER_DOSE,CYP3A5,,1.0,1.0
1.0,,,,,1.0,0.5,1.0,1.0,1.0,1.0,1.0,1.0,,1.0,1.0,1.0,,,,1.0,1.0,1.0,,1.0,1.0,1.0,1.0,desvenlafaxine,ADAPTER_DOSE,CYP2C19,,1.0,1.0
1.0,,,,,1.0,0.5,1.0,1.0,1.0,1.0,1.0,1.0,,1.0,1.0,1.0,,,,1.0,1.0,1.0,,1.0,1.0,1.0,1.0,venlafaxine,ADAPTER_DOSE,CYP2C19,,1.0,1.0
1.0,,,,,1.0,0.0,1.0,1.0,1.0,1.0,1.0,1.0,,1.0,1.0,1.0,,,,1.0,1.0,1.0,,1.0,1.0,1.0,1.0,4-hydroxybupropion,ADAPTER_DOSE,CYP2C19,,1.0,1.0
1.0,,,,,1.0,0.0,1.0,1.0,1.0,1.0,1.0,1.0,,1.0,1.0,1.0,,,,1.0,1.0,1.0,,1.0,1.0,1.0,1.0,erythro-4-hydroxyhydrobupropion,ADAPTER_DOSE,CYP2C19,,1.0,1.0
1.0,,,,,1.0,0.0,1.0,1.0,1.0,1.0,1.0,1.0,,1.0,1.0,1.0,,,,1.0,1.0,1.0,,1.0,1.0,1.0,1.0,threo-4-hydroxyhydrobupropion,ADAPTER_DOSE,CYP2C19,,1.0,1.0
1.0,,,,,1.0,1.0,1.0,1.0,1.0,1.0,1.0,1.0,,1.0,1.0,1.0,,,,1.0,1.0,1.0,,1.0,1.0,1.0,1.0,pentoxifylline,ADAPTER_DOSE,CYP1A2,,1.0,0.5
1.0,,,,,1.0,1.0,1.0,1.0,1.0,1.0,1.0,1.0,,1.0,1.0,1.0,,,,1.0,1.0,1.0,,1.0,1.0,1.0,1.0,pentoxifylline m5,ADAPTER_DOSE,CYP1A2,,1.0,0.5
1.0,,,,,1.0,1.0,1.0,1.0,1.0,1.0,1.0,1.0,,1.0,1.0,1.0,,,,1.0,1.0,1.0,,1.0,1.0,1.0,1.0,trametinib,EVITER,CYP2C19,,1.0,1.0
1.0,,,,,1.0,0.0,1.0,1.0,1.0,1.0,1.0,1.0,,1.0,1.0,1.0,,,,1.0,1.0,1.0,,1.0,1.0,1.0,1.0,lacosamide,EVITER,CYP2C19,,1.0,1.0
1.0,,,,,1.0,1.0,0.0,1.0,1.0,1.0,1.0,1.0,,1.0,1.0,1.0,,,,1.0,1.0,1.0,,1.0,1.0,1.0,1.0,lacosamide,EVITER,CYP2C9,,1.0,1.0
1.0,,,,,1.0,1.0,1.0,1.0,1.0,1.0,1.0,1.0,,1.0,1.0,1.0,,,,1.0,1.0,1.0,,1.0,1.0,1.0,1.0,lacosamide,EVITER,CYP1A2,,1.0,0.0
1.0,,,,,1.0,1.0,1.0,1.0,0.0,1.0,1.0,1.0,,1.0,1.0,1.0,,,,1.0,1.0,1.0,,1.0,1.0,1.0,1.0,lacosamide,EVITER,CYP3A4,,1.0,1.0
1.0,,,,,1.0,1.0,1.0,1.0,1.0,1.0,1.0,1.0,,1.0,1.0,1.0,,,,1.0,1.0,1.0,,1.0,1.0,1.0,1.0,pramipexole dihydrochloride,EVITER,CYP2C19,,1.0,1.0
1.0,,,,,1.0,1.0,1.0,1.0,1.0,1.0,1.0,1.0,,1.0,1.0,1.0,,,,1.0,1.0,1.0,,1.0,1.0,1.0,1.0,ziprasidone,EVITER,CYP2C19,,1.0,1.0
1.0,,,,,1.0,0.0,1.0,1.0,1.0,1.0,1.0,1.0,,1.0,1.0,1.0,,,,1.0,1.0,1.0,,1.0,1.0,1.0,1.0,mirabegron,EVITER,CYP2C19,,1.0,1.0
1.0,,,,,1.0,1.0,1.0,0.0,1.0,1.0,1.0,1.0,,1.0,1.0,1.0,,,,1.0,1.0,1.0,,1.0,1.0,1.0,1.0,mirabegron,EVITER,CYP2D6,,1.0,1.0
1.0,,,,,1.0,1.0,0.0,1.0,1.0,1.0,1.0,1.0,,1.0,1.0,1.0,,,,1.0,1.0,1.0,,1.0,1.0,1.0,1.0,mirabegron,EVITER,CYP2C9,,1.0,1.0
1.0,,,,,0.0,1.0,1.0,1.0,1.0,1.0,1.0,1.0,,1.0,1.0,1.0,,,,1.0,1.0,1.0,,1.0,1.0,1.0,1.0,mirabegron,EVITER,CYP2B6,,1.0,1.0
1.0,,,,,1.0,1.0,1.0,1.0,1.0,1.0,1.0,1.0,,1.0,1.0,1.0,,,,1.0,1.0,1.0,,1.0,1.0,1.0,1.0,mirabegron,EVITER,CYP1A2,,1.0,0.0
1.0,,,,,1.0,1.0,1.0,1.0,0.0,1.0,1.0,1.0,,1.0,1.0,1.0,,,,1.0,1.0,1.0,,1.0,1.0,1.0,1.0,mirabegron,EVITER,CYP3A4,,1.0,1.0
1.0,,,,,1.0,1.0,1.0,1.0,1.0,1.0,1.0,1.0,,1.0,1.0,1.0,,,,1.0,1.0,1.0,,1.0,1.0,1.0,1.0,azacitidine for,EVITER,CYP2C19,,1.0,1.0
1.0,,,,,1.0,1.0,1.0,1.0,1.0,1.0,1.0,1.0,,1.0,1.0,1.0,,,,1.0,1.0,1.0,,1.0,1.0,1.0,1.0,mirvetuximab soravtansine,EVITER,CYP2C19,,1.0,1.0
1.0,,,,,1.0,0.0,1.0,1.0,1.0,1.0,1.0,1.0,,1.0,1.0,1.0,,,,1.0,1.0,1.0,,1.0,1.0,1.0,1.0,doxepin hydrochloride,EVITER,CYP2C19,,1.0,1.0
1.0,,,,,1.0,1.0,1.0,0.0,1.0,1.0,1.0,1.0,,1.0,1.0,1.0,,,,1.0,1.0,1.0,,1.0,1.0,1.0,1.0,doxepin hydrochloride,EVITER,CYP2D6,,1.0,1.0
1.0,,,,,1.0,1.0,0.0,1.0,1.0,1.0,1.0,1.0,,1.0,1.0,1.0,,,,1.0,1.0,1.0,,1.0,1.0,1.0,1.0,doxepin hydrochloride,EVITER,CYP2C9,,1.0,1.0
1.0,,,,,1.0,1.0,1.0,1.0,1.0,1.0,1.0,1.0,,1.0,1.0,1.0,,,,1.0,1.0,1.0,,1.0,1.0,1.0,1.0,doxepin hydrochloride,EVITER,CYP1A2,,1.0,0.0
1.0,,,,,1.0,1.0,1.0,1.0,1.0,1.0,1.0,1.0,,1.0,1.0,1.0,,,,1.0,1.0,1.0,,1.0,1.0,1.0,1.0,ramelteon,EVITER,CYP2C19,,1.0,1.0
1.0,,,,,1.0,1.0,1.0,1.0,1.0,1.0,1.0,1.0,,1.0,1.0,1.0,,,,1.0,1.0,1.0,,1.0,1.0,1.0,1.0,pregabalin,EVITER,CYP2C19,,1.0,1.0
1.0,,,,,1.0,0.5,1.0,1.0,1.0,1.0,1.0,1.0,,1.0,1.0,1.0,,,,1.0,1.0,1.0,,1.0,1.0,1.0,1.0,lurasidone hydrochloride,EVITER,CYP2C19,,1.0,1.0
1.0,,,,,1.0,1.0,1.0,0.5,1.0,1.0,1.0,1.0,,1.0,1.0,1.0,,,,1.0,1.0,1.0,,1.0,1.0,1.0,1.0,lurasidone hydrochloride,EVITER,CYP2D6,,1.0,1.0
1.0,,,,,1.0,1.0,0.5,1.0,1.0,1.0,1.0,1.0,,1.0,1.0,1.0,,,,1.0,1.0,1.0,,1.0,1.0,1.0,1.0,lurasidone hydrochloride,EVITER,CYP2C9,,1.0,1.0
1.0,,,,,0.5,1.0,1.0,1.0,1.0,1.0,1.0,1.0,,1.0,1.0,1.0,,,,1.0,1.0,1.0,,1.0,1.0,1.0,1.0,lurasidone hydrochloride,EVITER,CYP2B6,,1.0,1.0
1.0,,,,,1.0,1.0,1.0,1.0,1.0,1.0,1.0,1.0,,1.0,1.0,1.0,,,,1.0,1.0,1.0,,1.0,1.0,1.0,1.0,lurasidone hydrochloride,EVITER,CYP2A6,,0.5,1.0
1.0,,,,,1.0,1.0,1.0,1.0,1.0,1.0,1.0,1.0,,1.0,1.0,1.0,,,,1.0,1.0,1.0,,1.0,1.0,1.0,1.0,lurasidone hydrochloride,EVITER,CYP1A2,,1.0,0.5
1.0,,,,,1.0,1.0,1.0,1.0,0.5,1.0,1.0,1.0,,1.0,1.0,1.0,,,,1.0,1.0,1.0,,1.0,1.0,1.0,1.0,lurasidone hydrochloride,EVITER,CYP3A4,,1.0,1.0
1.0,,,,,1.0,1.0,1.0,1.0,1.0,1.0,1.0,1.0,,1.0,1.0,1.0,,,,1.0,1.0,1.0,,1.0,1.0,1.0,1.0,gabapentin,EVITER,CYP2C19,,1.0,1.0
1.0,,,,,1.0,1.0,1.0,1.0,1.0,1.0,1.0,1.0,,1.0,1.0,1.0,,,,1.0,1.0,1.0,,1.0,1.0,1.0,1.0,topiramate,EVITER,CYP2C19,,1.0,1.0
1.0,,,,,1.0,0.0,1.0,1.0,1.0,1.0,1.0,1.0,,1.0,1.0,1.0,,,,1.0,1.0,1.0,,1.0,1.0,1.0,1.0,phenytoin,EVITER,CYP2C19,,1.0,1.0
1.0,,,,,1.0,1.0,1.0,0.0,1.0,1.0,1.0,1.0,,1.0,1.0,1.0,,,,1.0,1.0,1.0,,1.0,1.0,1.0,1.0,celecoxib,EVITER,CYP2D6,,1.0,1.0
1.0,,,,,1.0,1.0,1.0,1.0,1.0,1.0,1.0,1.0,,1.0,1.0,1.0,,,,1.0,1.0,1.0,,1.0,1.0,1.0,1.0,succinylcholine chloride,EVITER,RYR1,,1.0,1.0
1.0,,,,,1.0,1.0,0.5,1.0,1.0,1.0,1.0,1.0,,1.0,1.0,1.0,,,,1.0,1.0,1.0,,1.0,1.0,1.0,1.0,warfarin sodium,EVITER,CYP2C9,,1.0,1.0
1.0,,,,,1.0,1.0,1.0,1.0,1.0,1.0,1.0,1.0,,1.0,1.0,1.0,,,,1.0,1.0,1.0,,1.0,1.0,1.0,0.5,warfarin sodium,EVITER,VKORC1,,1.0,1.0
1.0,,,,,1.0,1.0,1.0,1.0,1.0,1.0,1.0,1.0,,1.0,1.0,1.0,,,,1.0,1.0,1.0,,1.0,1.0,1.0,1.0,warfarin sodium,EVITER,CYP1A2,,1.0,0.5
1.0,,,,,1.0,1.0,1.0,1.0,0.5,1.0,1.0,1.0,,1.0,1.0,1.0,,,,1.0,1.0,1.0,,1.0,1.0,1.0,1.0,warfarin sodium,EVITER,CYP3A4,,1.0,1.0
1.0,,,,,1.0,1.0,1.0,0.0,1.0,1.0,1.0,1.0,,1.0,1.0,1.0,,,,1.0,1.0,1.0,,1.0,1.0,1.0,1.0,galantamine hydrobromide,EVITER,CYP2D6,,1.0,1.0
1.0,,,,,1.0,1.0,1.0,1.0,1.0,1.0,1.0,1.0,,1.0,1.0,1.0,,,,1.0,1.0,1.0,,1.0,1.0,1.0,1.0,galantamine hydrobromide,EVITER,CYP2A6,,0.0,1.0
1.0,,,,,1.0,1.0,1.0,1.0,1.0,1.0,1.0,1.0,,1.0,1.0,1.0,,,,1.0,1.0,1.0,,1.0,1.0,1.0,1.0,galantamine hydrobromide,EVITER,CYP1A2,,1.0,0.0
1.0,,,,,1.0,1.0,1.0,1.0,0.0,1.0,1.0,1.0,,1.0,1.0,1.0,,,,1.0,1.0,1.0,,1.0,1.0,1.0,1.0,galantamine hydrobromide,EVITER,CYP3A4,,1.0,1.0
1.0,,,,,1.0,0.0,1.0,1.0,1.0,1.0,1.0,1.0,,1.0,1.0,1.0,,,,1.0,1.0,1.0,,1.0,1.0,1.0,1.0,extended phenytoin sodium,EVITER,CYP2C19,,1.0,1.0
1.0,,,,,1.0,1.0,0.0,1.0,1.0,1.0,1.0,1.0,,1.0,1.0,1.0,,,,1.0,1.0,1.0,,1.0,1.0,1.0,1.0,extended phenytoin sodium,EVITER,CYP2C9,,1.0,1.0
1.0,,,,,1.0,1.0,1.0,0.0,1.0,1.0,1.0,1.0,,1.0,1.0,1.0,,,,1.0,1.0,1.0,,1.0,1.0,1.0,1.0,tamsulosin hydrochloride,EVITER,CYP2D6,,1.0,1.0
1.0,,,,,1.0,1.0,1.0,1.0,0.0,1.0,1.0,1.0,,1.0,1.0,1.0,,,,1.0,1.0,1.0,,1.0,1.0,1.0,1.0,tamsulosin hydrochloride,EVITER,CYP3A4,,1.0,1.0
1.0,,,,,1.0,1.0,1.0,0.5,1.0,1.0,1.0,1.0,,1.0,1.0,1.0,,,,1.0,1.0,1.0,,1.0,1.0,1.0,1.0,ondansetron hydrochloride,EVITER,CYP2D6,,1.0,1.0
1.0,,,,,1.0,1.0,1.0,1.0,1.0,1.0,1.0,1.0,,1.0,1.0,1.0,,,,1.0,1.0,1.0,,1.0,1.0,1.0,1.0,ondansetron hydrochloride,EVITER,CYP1A2,,1.0,0.5
1.0,,,,,1.0,1.0,1.0,1.0,0.5,1.0,1.0,1.0,,1.0,1.0,1.0,,,,1.0,1.0,1.0,,1.0,1.0,1.0,1.0,ondansetron hydrochloride,EVITER,CYP3A4,,1.0,1.0
1.0,,,,,1.0,1.0,1.0,1.0,1.0,1.0,1.0,1.0,,1.0,1.0,1.0,,,,1.0,1.0,1.0,,1.0,1.0,1.0,1.0,sitagliptin and metformin hydrochloride,EVITER,CYP2C9,,1.0,1.0
1.0,,,,,1.0,1.0,1.0,0.5,1.0,1.0,1.0,1.0,,1.0,1.0,1.0,,,,1.0,1.0,1.0,,1.0,1.0,1.0,1.0,nitisinone,EVITER,CYP2D6,,1.0,1.0
1.0,,,,,1.0,1.0,0.5,1.0,1.0,1.0,1.0,1.0,,1.0,1.0,1.0,,,,1.0,1.0,1.0,,1.0,1.0,1.0,1.0,nitisinone,EVITER,CYP2C9,,1.0,1.0
1.0,,,,,1.0,1.0,1.0,1.0,1.0,1.0,1.0,1.0,,1.0,1.0,1.0,,,,1.0,1.0,1.0,,1.0,1.0,1.0,1.0,nitisinone,EVITER,CYP1A2,,1.0,0.5
1.0,,,,,1.0,1.0,1.0,1.0,0.5,1.0,1.0,1.0,,1.0,1.0,1.0,,,,1.0,1.0,1.0,,1.0,1.0,1.0,1.0,nitisinone,EVITER,CYP3A4,,1.0,1.0
1.0,,,,,1.0,1.0,1.0,0.5,1.0,1.0,1.0,1.0,,1.0,1.0,1.0,,,,1.0,1.0,1.0,,1.0,1.0,1.0,1.0,codeine sulfate,EVITER,CYP2D6,,1.0,1.0
1.0,,,,,1.0,1.0,1.0,1.0,0.5,1.0,1.0,1.0,,1.0,1.0,1.0,,,,1.0,1.0,1.0,,1.0,1.0,1.0,1.0,codeine sulfate,EVITER,CYP3A4,,1.0,1.0
1.0,,,,,1.0,0.0,1.0,1.0,1.0,1.0,1.0,1.0,,1.0,1.0,1.0,,,,1.0,1.0,1.0,,1.0,1.0,1.0,1.0,clobazam,EVITER,CYP2C19,,1.0,1.0
1.0,,,,,1.0,1.0,1.0,0.0,1.0,1.0,1.0,1.0,,1.0,1.0,1.0,,,,1.0,1.0,1.0,,1.0,1.0,1.0,1.0,clobazam,EVITER,CYP2D6,,1.0,1.0
1.0,,,,,1.0,1.0,0.0,1.0,1.0,1.0,1.0,1.0,,1.0,1.0,1.0,,,,1.0,1.0,1.0,,1.0,1.0,1.0,1.0,clobazam,EVITER,CYP2C9,,1.0,1.0
1.0,,,,,0.0,1.0,1.0,1.0,1.0,1.0,1.0,1.0,,1.0,1.0,1.0,,,,1.0,1.0,1.0,,1.0,1.0,1.0,1.0,clobazam,EVITER,CYP2B6,,1.0,1.0
1.0,,,,,1.0,1.0,1.0,1.0,1.0,1.0,1.0,1.0,,1.0,1.0,1.0,,,,1.0,1.0,1.0,,1.0,1.0,0.0,1.0,clobazam,EVITER,UGT1A1,,1.0,1.0
1.0,,,,,1.0,1.0,1.0,1.0,1.0,1.0,1.0,1.0,,1.0,1.0,1.0,,,,1.0,1.0,1.0,,1.0,1.0,1.0,1.0,clobazam,EVITER,CYP1A2,,1.0,0.0
1.0,,,,,1.0,1.0,1.0,1.0,0.0,1.0,1.0,1.0,,1.0,1.0,1.0,,,,1.0,1.0,1.0,,1.0,1.0,1.0,1.0,clobazam,EVITER,CYP3A4,,1.0,1.0
1.0,,,,,1.0,1.0,1.0,1.0,1.0,1.0,1.0,1.0,,1.0,1.0,1.0,,,,1.0,1.0,1.0,,1.0,1.0,1.0,1.0,arformoterol tartrate,EVITER,CYP2C19,,1.0,1.0
1.0,,,,,1.0,1.0,1.0,1.0,1.0,1.0,1.0,1.0,,1.0,1.0,1.0,,,,1.0,1.0,1.0,,1.0,1.0,1.0,1.0,warfarin,EVITER,CYP1A2,,1.0,0.5
1.0,,,,,1.0,1.0,1.0,1.0,0.5,1.0,1.0,1.0,,1.0,1.0,1.0,,,,1.0,1.0,1.0,,1.0,1.0,1.0,1.0,warfarin,EVITER,CYP3A4,,1.0,1.0
1.0,,,,,1.0,1.0,1.0,1.0,1.0,1.0,1.0,1.0,,1.0,1.0,1.0,,,,1.0,1.0,1.0,,1.0,1.0,1.0,1.0,ivermectin,EVITER,CYP2D6,,1.0,1.0
1.0,,,,,1.0,1.0,1.0,1.0,1.0,1.0,1.0,1.0,,1.0,1.0,1.0,,,,1.0,1.0,1.0,,1.0,1.0,1.0,1.0,odevixibat,EVITER,CYP3A4,,1.0,1.0
1.0,,,,,1.0,1.0,1.0,1.0,1.0,1.0,1.0,1.0,,1.0,1.0,1.0,,,,1.0,1.0,1.0,,1.0,1.0,1.0,1.0,dexlansoprazole,STANDARD,CYP2C19,,1.0,1.0
1.0,,,,,1.0,1.0,1.0,1.0,1.0,1.0,1.0,1.0,,1.0,1.0,1.0,,,,1.0,1.0,1.0,,1.0,1.0,1.0,1.0,voriconazole,STANDARD,CYP2C19,,1.0,1.0
1.0,,,,,1.0,1.0,1.0,1.0,1.0,1.0,1.0,1.0,,1.0,1.0,1.0,,,,1.0,1.0,1.0,,1.0,1.0,1.0,1.0,lansoprazole,STANDARD,CYP2C19,,1.0,1.0
1.0,,,,,1.0,1.0,1.0,1.0,1.0,1.0,1.0,1.0,,1.0,1.0,1.0,,,,1.0,1.0,1.0,,1.0,1.0,1.0,1.0,clopidogrel,STANDARD,CYP2C19,,1.0,1.0
1.0,,,,,1.0,1.0,1.0,1.0,1.0,1.0,1.0,1.0,,1.0,1.0,1.0,,,,1.0,1.0,1.0,,1.0,1.0,1.0,1.0,pantoprazole,STANDARD,CYP2C19,,1.0,1.0
1.0,,,,,1.0,1.0,1.0,1.0,1.0,1.0,1.0,1.0,,1.0,1.0,1.0,,,,1.0,1.0,1.0,,1.0,1.0,1.0,1.0,escitalopram,STANDARD,CYP2C19,,1.0,1.0
1.0,,,,,1.0,1.0,1.0,1.0,1.0,1.0,1.0,1.0,,1.0,1.0,1.0,,,,1.0,1.0,1.0,,1.0,1.0,1.0,1.0,omeprazole,STANDARD,CYP2C19,,1.0,1.0
1.0,,,,,1.0,1.0,1.0,1.0,1.0,1.0,1.0,1.0,,1.0,1.0,1.0,,,,1.0,1.0,1.0,,1.0,1.0,1.0,1.0,citalopram,STANDARD,CYP2C19,,1.0,1.0
1.0,,,,,1.0,1.0,1.0,1.0,1.0,1.0,1.0,1.0,,1.0,1.0,1.0,,,,1.0,1.0,1.0,,1.0,1.0,1.0,1.0,sertraline,STANDARD,CYP2C19,,1.0,1.0
1.0,,,,,1.0,1.0,1.0,1.0,1.0,1.0,1.0,1.0,,1.0,1.0,1.0,,,,1.0,1.0,1.0,,1.0,1.0,1.0,1.0,rabeprazole,STANDARD,CYP2C19,,1.0,1.0
1.0,,,,,1.0,1.0,1.0,1.0,1.0,1.0,1.0,1.0,,1.0,1.0,1.0,,,,1.0,1.0,1.0,,1.0,1.0,1.0,1.0,clobazam,STANDARD,CYP2C19,,1.0,1.0
1.0,,,,,1.0,1.0,1.0,1.0,1.0,1.0,1.0,1.0,,1.0,1.0,1.0,,,,1.0,1.0,1.0,,1.0,1.0,1.0,1.0,norclobazam,STANDARD,CYP2C19,,1.0,1.0
1.0,,,,,1.0,1.0,1.0,1.0,1.0,1.0,1.0,1.0,,1.0,1.0,1.0,,,,1.0,1.0,1.0,,1.0,1.0,1.0,1.0,phenytoin,STANDARD,CYP2C19,,1.0,1.0
1.0,,,,,1.0,1.0,1.0,1.0,1.0,1.0,1.0,1.0,,1.0,1.0,1.0,,,,1.0,1.0,1.0,,1.0,1.0,1.0,1.0,warfarin,STANDARD,CYP2C19,,1.0,1.0
1.0,,,,,1.0,1.0,1.0,1.0,1.0,1.0,1.0,1.0,,1.0,1.0,1.0,,,,1.0,1.0,1.0,,1.0,1.0,1.0,1.0,esomeprazole,STANDARD,CYP2C19,,1.0,1.0
1.0,,,,,1.0,1.0,1.0,1.0,1.0,1.0,1.0,1.0,,1.0,1.0,1.0,,,,1.0,1.0,1.0,,1.0,1.0,1.0,1.0,imipramine,STANDARD,CYP2C19,,1.0,1.0
1.0,,,,,1.0,1.0,1.0,1.0,1.0,1.0,1.0,1.0,,1.0,1.0,1.0,,,,1.0,1.0,1.0,,1.0,1.0,1.0,1.0,amitriptyline,STANDARD,CYP2C19,,1.0,1.0
1.0,,,,,1.0,1.0,1.0,1.0,1.0,1.0,1.0,1.0,,1.0,1.0,1.0,,,,1.0,1.0,1.0,,1.0,1.0,1.0,1.0,mavacamten,STANDARD,CYP2C19,,1.0,1.0
1.0,,,,,1.0,1.0,1.0,1.0,1.0,1.0,1.0,1.0,,1.0,1.0,1.0,,,,1.0,1.0,1.0,,1.0,1.0,1.0,1.0,doxepin,STANDARD,CYP2C19,,1.0,1.0
1.0,,,,,1.0,1.0,1.0,1.0,1.0,1.0,1.0,1.0,,1.0,1.0,1.0,,,,1.0,1.0,1.0,,1.0,1.0,1.0,1.0,clomipramine,STANDARD,CYP2C19,,1.0,1.0
1.0,,,,,1.0,1.0,1.0,1.0,1.0,1.0,1.0,1.0,,1.0,1.0,1.0,,,,1.0,1.0,1.0,,1.0,1.0,1.0,1.0,antidepressants,STANDARD,CYP2C19,,1.0,1.0
1.0,,,,,1.0,1.0,1.0,1.0,1.0,1.0,1.0,1.0,,1.0,1.0,1.0,,,,1.0,1.0,1.0,,1.0,1.0,1.0,1.0,prasugrel,STANDARD,CYP2C19,,1.0,1.0
1.0,,,,,1.0,1.0,1.0,1.0,1.0,1.0,1.0,1.0,,1.0,1.0,1.0,,,,1.0,1.0,1.0,,1.0,1.0,1.0,1.0,mirtazapine,STANDARD,CYP2C19,,1.0,1.0
1.0,,,,,1.0,1.0,1.0,1.0,1.0,1.0,1.0,1.0,,1.0,1.0,1.0,,,,1.0,1.0,1.0,,1.0,1.0,1.0,1.0,moclobemide,STANDARD,CYP2C19,,1.0,1.0
1.0,,,,,1.0,1.0,1.0,1.0,1.0,1.0,1.0,1.0,,1.0,1.0,1.0,,,,1.0,1.0,1.0,,1.0,1.0,1.0,1.0,fluvoxamine,STANDARD,CYP2C19,,1.0,1.0
1.0,,,,,1.0,1.0,1.0,1.0,1.0,1.0,1.0,1.0,,1.0,1.0,1.0,,,,1.0,1.0,1.0,,1.0,1.0,1.0,1.0,trimipramine,STANDARD,CYP2C19,,1.0,1.0
1.0,,,,,1.0,1.0,1.0,1.0,1.0,1.0,1.0,1.0,,1.0,1.0,1.0,,,,1.0,1.0,1.0,,1.0,1.0,1.0,1.0,ticagrelor,STANDARD,CYP2C19,,1.0,1.0
1.0,,,,,1.0,1.0,1.0,1.0,1.0,1.0,1.0,1.0,,1.0,1.0,1.0,,,,1.0,1.0,1.0,,1.0,1.0,1.0,1.0,trametinib,STANDARD,CYP2C19,,1.0,1.0
1.0,,,,,1.0,1.0,1.0,1.0,1.0,1.0,1.0,1.0,,1.0,1.0,1.0,,,,1.0,1.0,1.0,,1.0,1.0,1.0,1.0,lacosamide,STANDARD,CYP2C19,,1.0,1.0
1.0,,,,,1.0,1.0,1.0,1.0,1.0,1.0,1.0,1.0,,1.0,1.0,1.0,,,,1.0,1.0,1.0,,1.0,1.0,1.0,1.0,olanzapine,STANDARD,CYP2C19,,1.0,1.0
1.0,,,,,1.0,1.0,1.0,1.0,1.0,1.0,1.0,1.0,,1.0,1.0,1.0,,,,1.0,1.0,1.0,,1.0,1.0,1.0,1.0,lorlatinib,STANDARD,CYP2C19,,1.0,1.0
1.0,,,,,1.0,1.0,1.0,1.0,1.0,1.0,1.0,1.0,,1.0,1.0,1.0,,,,1.0,1.0,1.0,,1.0,1.0,1.0,1.0,tocilizumab,STANDARD,CYP2C19,,1.0,1.0
1.0,,,,,1.0,1.0,1.0,1.0,1.0,1.0,1.0,1.0,,1.0,1.0,1.0,,,,1.0,1.0,1.0,,1.0,1.0,1.0,1.0,pramipexole dihydrochloride,STANDARD,CYP2C19,,1.0,1.0
1.0,,,,,1.0,1.0,1.0,1.0,1.0,1.0,1.0,1.0,,1.0,1.0,1.0,,,,1.0,1.0,1.0,,1.0,1.0,1.0,1.0,leflunomide,STANDARD,CYP2C19,,1.0,1.0
1.0,,,,,1.0,1.0,1.0,1.0,1.0,1.0,1.0,1.0,,1.0,1.0,1.0,,,,1.0,1.0,1.0,,1.0,1.0,1.0,1.0,ziprasidone,STANDARD,CYP2C19,,1.0,1.0
1.0,,,,,1.0,1.0,1.0,1.0,1.0,1.0,1.0,1.0,,1.0,1.0,1.0,,,,1.0,1.0,1.0,,1.0,1.0,1.0,1.0,clopidogrel bisulfate,STANDARD,CYP2C19,,1.0,1.0
1.0,,,,,1.0,1.0,1.0,1.0,1.0,1.0,1.0,1.0,,1.0,1.0,1.0,,,,1.0,1.0,1.0,,1.0,1.0,1.0,1.0,mirabegron,STANDARD,CYP2C19,,1.0,1.0
1.0,,,,,1.0,1.0,1.0,1.0,1.0,1.0,1.0,1.0,,1.0,1.0,1.0,,,,1.0,1.0,1.0,,1.0,1.0,1.0,1.0,azacitidine for,STANDARD,CYP2C19,,1.0,1.0
1.0,,,,,1.0,1.0,1.0,1.0,1.0,1.0,1.0,1.0,,1.0,1.0,1.0,,,,1.0,1.0,1.0,,1.0,1.0,1.0,1.0,esomeprazole magnesium,STANDARD,CYP2C19,,1.0,1.0
1.0,,,,,1.0,1.0,1.0,1.0,1.0,1.0,1.0,1.0,,1.0,1.0,1.0,,,,1.0,1.0,1.0,,1.0,1.0,1.0,1.0,fenofibrate,STANDARD,CYP2C19,,1.0,1.0
1.0,,,,,1.0,1.0,1.0,1.0,1.0,1.0,1.0,1.0,,1.0,1.0,1.0,,,,1.0,1.0,1.0,,1.0,1.0,1.0,1.0,mirvetuximab soravtansine,STANDARD,CYP2C19,,1.0,1.0
1.0,,,,,1.0,1.0,1.0,1.0,1.0,1.0,1.0,1.0,,1.0,1.0,1.0,,,,1.0,1.0,1.0,,1.0,1.0,1.0,1.0,tadalafil,STANDARD,CYP2C19,,1.0,1.0
1.0,,,,,1.0,1.0,1.0,1.0,1.0,1.0,1.0,1.0,,1.0,1.0,1.0,,,,1.0,1.0,1.0,,1.0,1.0,1.0,1.0,sildenafil citrate,STANDARD,CYP2C19,,1.0,1.0
1.0,,,,,1.0,1.0,1.0,1.0,1.0,1.0,1.0,1.0,,1.0,1.0,1.0,,,,1.0,1.0,1.0,,1.0,1.0,1.0,1.0,doxepin hydrochloride,STANDARD,CYP2C19,,1.0,1.0
1.0,,,,,1.0,1.0,1.0,1.0,1.0,1.0,1.0,1.0,,1.0,1.0,1.0,,,,1.0,1.0,1.0,,1.0,1.0,1.0,1.0,ramelteon,STANDARD,CYP2C19,,1.0,1.0
1.0,,,,,1.0,1.0,1.0,1.0,1.0,1.0,1.0,1.0,,1.0,1.0,1.0,,,,1.0,1.0,1.0,,1.0,1.0,1.0,1.0,pregabalin,STANDARD,CYP2C19,,1.0,1.0
1.0,,,,,1.0,1.0,1.0,1.0,1.0,1.0,1.0,1.0,,1.0,1.0,1.0,,,,1.0,1.0,1.0,,1.0,1.0,1.0,1.0,metaxalone,STANDARD,CYP2C19,,1.0,1.0
1.0,,,,,1.0,1.0,1.0,1.0,1.0,1.0,1.0,1.0,,1.0,1.0,1.0,,,,1.0,1.0,1.0,,1.0,1.0,1.0,1.0,modafinil,STANDARD,CYP2C19,,1.0,1.0
1.0,,,,,1.0,1.0,1.0,1.0,1.0,1.0,1.0,1.0,,1.0,1.0,1.0,,,,1.0,1.0,1.0,,1.0,1.0,1.0,1.0,pantoprazole sodium,STANDARD,CYP2C19,,1.0,1.0
1.0,,,,,1.0,1.0,1.0,1.0,1.0,1.0,1.0,1.0,,1.0,1.0,1.0,,,,1.0,1.0,1.0,,1.0,1.0,1.0,1.0,rivastigmine tartrate,STANDARD,CYP2C19,,1.0,1.0
1.0,,,,,1.0,1.0,1.0,1.0,1.0,1.0,1.0,1.0,,1.0,1.0,1.0,,,,1.0,1.0,1.0,,1.0,1.0,1.0,1.0,duloxetine hydrochloride,STANDARD,CYP2C19,,1.0,1.0
1.0,,,,,1.0,1.0,1.0,1.0,1.0,1.0,1.0,1.0,,1.0,1.0,1.0,,,,1.0,1.0,1.0,,1.0,1.0,1.0,1.0,clonazepam,STANDARD,CYP2C19,,1.0,1.0
1.0,,,,,1.0,1.0,1.0,1.0,1.0,1.0,1.0,1.0,,1.0,1.0,1.0,,,,1.0,1.0,1.0,,1.0,1.0,1.0,1.0,citalopram hydrobromide,STANDARD,CYP2C19,,1.0,1.0
1.0,,,,,1.0,1.0,1.0,1.0,1.0,1.0,1.0,1.0,,1.0,1.0,1.0,,,,1.0,1.0,1.0,,1.0,1.0,1.0,1.0,lurasidone hydrochloride,STANDARD,CYP2C19,,1.0,1.0
1.0,,,,,1.0,1.0,1.0,1.0,1.0,1.0,1.0,1.0,,1.0,1.0,1.0,,,,1.0,1.0,1.0,,1.0,1.0,1.0,1.0,propranolol hydrochloride,STANDARD,CYP2C19,,1.0,1.0
1.0,,,,,1.0,1.0,1.0,1.0,1.0,1.0,1.0,1.0,,1.0,1.0,1.0,,,,1.0,1.0,1.0,,1.0,1.0,1.0,1.0,pomalidomide,STANDARD,CYP2C19,,1.0,1.0
1.0,,,,,1.0,1.0,1.0,1.0,1.0,1.0,1.0,1.0,,1.0,1.0,1.0,,,,1.0,1.0,1.0,,1.0,1.0,1.0,1.0,venlafaxine,STANDARD,CYP2C19,,1.0,1.0
1.0,,,,,1.0,1.0,1.0,1.0,1.0,1.0,1.0,1.0,,1.0,1.0,1.0,,,,1.0,1.0,1.0,,1.0,1.0,1.0,1.0,paliperidone,STANDARD,CYP2C19,,1.0,1.0
1.0,,,,,1.0,1.0,1.0,1.0,1.0,1.0,1.0,1.0,,1.0,1.0,1.0,,,,1.0,1.0,1.0,,1.0,1.0,1.0,1.0,gabapentin,STANDARD,CYP2C19,,1.0,1.0
1.0,,,,,1.0,1.0,1.0,1.0,1.0,1.0,1.0,1.0,,1.0,1.0,1.0,,,,1.0,1.0,1.0,,1.0,1.0,1.0,1.0,fluconazole,STANDARD,CYP2C19,,1.0,1.0
1.0,,,,,1.0,1.0,1.0,1.0,1.0,1.0,1.0,1.0,,1.0,1.0,1.0,,,,1.0,1.0,1.0,,1.0,1.0,1.0,1.0,topiramate,STANDARD,CYP2C19,,1.0,1.0
1.0,,,,,1.0,1.0,1.0,1.0,1.0,1.0,1.0,1.0,,1.0,1.0,1.0,,,,1.0,1.0,1.0,,1.0,1.0,1.0,1.0,phenytoin sodium,STANDARD,CYP2C19,,1.0,1.0
1.0,,,,,1.0,1.0,1.0,1.0,1.0,1.0,1.0,1.0,,1.0,1.0,1.0,,,,1.0,1.0,1.0,,1.0,1.0,1.0,1.0,atomoxetine,STANDARD,CYP2C19,,1.0,1.0
1.0,,,,,1.0,1.0,1.0,1.0,1.0,1.0,1.0,1.0,,1.0,1.0,1.0,,,,1.0,1.0,1.0,,1.0,1.0,1.0,1.0,rabeprazole sodium,STANDARD,CYP2C19,,1.0,1.0
1.0,,,,,1.0,1.0,1.0,1.0,1.0,1.0,1.0,1.0,,1.0,1.0,1.0,,,,1.0,1.0,1.0,,1.0,1.0,1.0,1.0,extended phenytoin sodium,STANDARD,CYP2C19,,1.0,1.0
1.0,,,,,1.0,1.0,1.0,1.0,1.0,1.0,1.0,1.0,,1.0,1.0,1.0,,,,1.0,1.0,1.0,,1.0,1.0,1.0,1.0,pazopanib,STANDARD,CYP2C19,,1.0,1.0
1.0,,,,,1.0,1.0,1.0,1.0,1.0,1.0,1.0,1.0,,1.0,1.0,1.0,,,,1.0,1.0,1.0,,1.0,1.0,1.0,1.0,esomeprazole sodium,STANDARD,CYP2C19,,1.0,1.0
1.0,,,,,1.0,1.0,1.0,1.0,1.0,1.0,1.0,1.0,,1.0,1.0,1.0,,,,1.0,1.0,1.0,,1.0,1.0,1.0,1.0,pazopanib hydrochloride,STANDARD,CYP2C19,,1.0,1.0
1.0,,,,,1.0,1.0,1.0,1.0,1.0,1.0,1.0,1.0,,1.0,1.0,1.0,,,,1.0,1.0,1.0,,1.0,1.0,1.0,1.0,arformoterol tartrate,STANDARD,CYP2C19,,1.0,1.0
1.0,,,,,1.0,1.0,1.0,1.0,1.0,1.0,1.0,1.0,,1.0,1.0,1.0,,,,1.0,1.0,1.0,,1.0,1.0,1.0,1.0,esomeprazole magnesium delayed release capsules,STANDARD,CYP2C19,,1.0,1.0
1.0,,,,,1.0,1.0,1.0,1.0,1.0,1.0,1.0,1.0,,1.0,1.0,1.0,,,,1.0,1.0,1.0,,1.0,1.0,1.0,1.0,pantoprazole sodium granules,STANDARD,CYP2C19,,1.0,1.0
1.0,,,,,1.0,1.0,1.0,1.0,1.0,1.0,1.0,1.0,,1.0,1.0,1.0,,,,1.0,1.0,1.0,,1.0,1.0,1.0,1.0,tamoxifen citrate,STANDARD,CYP2C19,,1.0,1.0
1.0,,,,,1.0,1.0,1.0,1.0,1.0,1.0,1.0,1.0,,1.0,1.0,1.0,,,,1.0,1.0,1.0,,1.0,1.0,1.0,1.0,omeprazole/sodiium bicarbonate,STANDARD,CYP2C19,,1.0,1.0
1.0,,,,,1.0,1.0,1.0,1.0,1.0,1.0,1.0,1.0,,1.0,1.0,1.0,,,,1.0,1.0,1.0,,1.0,1.0,1.0,1.0,atomoxetine hydrochloride,STANDARD,CYP2C19,,1.0,1.0
1.0,,,,,1.0,1.0,1.0,1.0,1.0,1.0,1.0,1.0,,1.0,1.0,1.0,,,,1.0,1.0,1.0,,1.0,1.0,1.0,1.0,belzutifan,STANDARD,CYP2C19,,1.0,1.0
1.0,,,,,1.0,1.0,1.0,1.0,1.0,1.0,1.0,1.0,,1.0,1.0,1.0,,,,1.0,1.0,1.0,,1.0,1.0,1.0,1.0,abrocitinib,STANDARD,CYP2C19,,1.0,1.0
1.0,,,,,1.0,1.0,1.0,1.0,1.0,1.0,1.0,1.0,,1.0,1.0,1.0,,,,1.0,1.0,1.0,,1.0,1.0,1.0,1.0,fluoxetine,STANDARD,CYP2C19,,1.0,1.0
1.0,,,,,1.0,1.0,1.0,1.0,1.0,1.0,1.0,1.0,,1.0,1.0,1.0,,,,1.0,1.0,1.0,,1.0,1.0,1.0,1.0,paroxetine,STANDARD,CYP2C19,,1.0,1.0
1.0,,,,,1.0,1.0,1.0,1.0,1.0,1.0,1.0,1.0,,1.0,1.0,1.0,,,,1.0,1.0,1.0,,1.0,1.0,1.0,1.0,sulfonamides,STANDARD,CYP2C19,,1.0,1.0
1.0,,,,,1.0,1.0,1.0,1.0,1.0,1.0,1.0,1.0,,1.0,1.0,1.0,,,,1.0,1.0,1.0,,1.0,1.0,1.0,1.0,urea derivatives,STANDARD,CYP2C19,,1.0,1.0
1.0,,,,,1.0,1.0,1.0,1.0,1.0,1.0,1.0,1.0,,1.0,1.0,1.0,,,,1.0,1.0,1.0,,1.0,1.0,1.0,1.0,aspirin,STANDARD,CYP2C19,,1.0,1.0
1.0,,,,,1.0,1.0,1.0,1.0,1.0,1.0,1.0,1.0,,1.0,1.0,1.0,,,,1.0,1.0,1.0,,1.0,1.0,1.0,1.0,proguanil,STANDARD,CYP2C19,,1.0,1.0
1.0,,,,,1.0,1.0,1.0,1.0,1.0,1.0,1.0,1.0,,1.0,1.0,1.0,,,,1.0,1.0,1.0,,1.0,1.0,1.0,1.0,n-desmethylclozapine,STANDARD,CYP2C19,,1.0,1.0
1.0,,,,,1.0,1.0,1.0,1.0,1.0,1.0,1.0,1.0,,1.0,1.0,1.0,,,,1.0,1.0,1.0,,1.0,1.0,1.0,1.0,clozapine,STANDARD,CYP2C19,,1.0,1.0
1.0,,,,,1.0,1.0,1.0,1.0,1.0,1.0,1.0,1.0,,1.0,1.0,1.0,,,,1.0,1.0,1.0,,1.0,1.0,1.0,1.0,cyclophosphamide,STANDARD,CYP2C19,,1.0,1.0
1.0,,,,,1.0,1.0,1.0,1.0,1.0,1.0,1.0,1.0,,1.0,1.0,1.0,,,,1.0,1.0,1.0,,1.0,1.0,1.0,1.0,oxycodone,STANDARD,CYP2C19,,1.0,1.0
1.0,,,,,1.0,1.0,1.0,1.0,1.0,1.0,1.0,1.0,,1.0,1.0,1.0,,,,1.0,1.0,1.0,,1.0,1.0,1.0,1.0,gliclazide,STANDARD,CYP2C19,,1.0,1.0
1.0,,,,,1.0,1.0,1.0,1.0,1.0,1.0,1.0,1.0,,1.0,1.0,1.0,,,,1.0,1.0,1.0,,1.0,1.0,1.0,1.0,mephenytoin,STANDARD,CYP2C19,,1.0,1.0
1.0,,,,,1.0,1.0,1.0,1.0,1.0,1.0,1.0,1.0,,1.0,1.0,1.0,,,,1.0,1.0,1.0,,1.0,1.0,1.0,1.0,nortriptyline,STANDARD,CYP2C19,,1.0,1.0
1.0,,,,,1.0,1.0,1.0,1.0,1.0,1.0,1.0,1.0,,1.0,1.0,1.0,,,,1.0,1.0,1.0,,1.0,1.0,1.0,1.0,methadone,STANDARD,CYP2C19,,1.0,1.0
1.0,,,,,1.0,1.0,1.0,1.0,1.0,1.0,1.0,1.0,,1.0,1.0,1.0,,,,1.0,1.0,1.0,,1.0,1.0,1.0,1.0,phenazepam,STANDARD,CYP2C19,,1.0,1.0
1.0,,,,,1.0,1.0,1.0,1.0,1.0,1.0,1.0,1.0,,1.0,1.0,1.0,,,,1.0,1.0,1.0,,1.0,1.0,1.0,1.0,tamoxifen,STANDARD,CYP2C19,,1.0,1.0
1.0,,,,,1.0,1.0,1.0,1.0,1.0,1.0,1.0,1.0,,1.0,1.0,1.0,,,,1.0,1.0,1.0,,1.0,1.0,1.0,1.0,amoxicillin,STANDARD,CYP2C19,,1.0,1.0
1.0,,,,,1.0,1.0,1.0,1.0,1.0,1.0,1.0,1.0,,1.0,1.0,1.0,,,,1.0,1.0,1.0,,1.0,1.0,1.0,1.0,bupropion,STANDARD,CYP2C19,,1.0,1.0
1.0,,,,,1.0,1.0,1.0,1.0,1.0,1.0,1.0,1.0,,1.0,1.0,1.0,,,,1.0,1.0,1.0,,1.0,1.0,1.0,1.0,progesterone,STANDARD,CYP2C19,,1.0,1.0
1.0,,,,,1.0,1.0,1.0,1.0,1.0,1.0,1.0,1.0,,1.0,1.0,1.0,,,,1.0,1.0,1.0,,1.0,1.0,1.0,1.0,cilostazol,STANDARD,CYP2C19,,1.0,1.0
1.0,,,,,1.0,1.0,1.0,1.0,1.0,1.0,1.0,1.0,,1.0,1.0,1.0,,,,1.0,1.0,1.0,,1.0,1.0,1.0,1.0,ambrisentan,STANDARD,CYP2C19,,1.0,1.0
1.0,,,,,1.0,1.0,1.0,1.0,1.0,1.0,1.0,1.0,,1.0,1.0,1.0,,,,1.0,1.0,1.0,,1.0,1.0,1.0,1.0,dipyrone,STANDARD,CYP2C19,,1.0,1.0
1.0,,,,,1.0,1.0,1.0,1.0,1.0,1.0,1.0,1.0,,1.0,1.0,1.0,,,,1.0,1.0,1.0,,1.0,1.0,1.0,1.0,thalidomide,STANDARD,CYP2C19,,1.0,1.0
1.0,,,,,1.0,1.0,1.0,1.0,1.0,1.0,1.0,1.0,,1.0,1.0,1.0,,,,1.0,1.0,1.0,,1.0,1.0,1.0,1.0,nelfinavir,STANDARD,CYP2C19,,1.0,1.0
1.0,,,,,1.0,1.0,1.0,1.0,1.0,1.0,1.0,1.0,,1.0,1.0,1.0,,,,1.0,1.0,1.0,,1.0,1.0,1.0,1.0,diazepam,STANDARD,CYP2C19,,1.0,1.0
1.0,,,,,1.0,1.0,1.0,1.0,1.0,1.0,1.0,1.0,,1.0,1.0,1.0,,,,1.0,1.0,1.0,,1.0,1.0,1.0,1.0,tacrolimus,STANDARD,CYP2C19,,1.0,1.0
1.0,,,,,1.0,1.0,1.0,1.0,1.0,1.0,1.0,1.0,,1.0,1.0,1.0,,,,1.0,1.0,1.0,,1.0,1.0,1.0,1.0,labetalol,STANDARD,CYP2C19,,1.0,1.0
1.0,,,,,1.0,1.0,1.0,1.0,1.0,1.0,1.0,1.0,,1.0,1.0,1.0,,,,1.0,1.0,1.0,,1.0,1.0,1.0,1.0,fentanyl,STANDARD,CYP2C19,,1.0,1.0
1.0,,,,,1.0,1.0,1.0,1.0,1.0,1.0,1.0,1.0,,1.0,1.0,1.0,,,,1.0,1.0,1.0,,1.0,1.0,1.0,1.0,meperidine,STANDARD,CYP2C19,,1.0,1.0
1.0,,,,,1.0,1.0,1.0,1.0,1.0,1.0,1.0,1.0,,1.0,1.0,1.0,,,,1.0,1.0,1.0,,1.0,1.0,1.0,1.0,midazolam,STANDARD,CYP2C19,,1.0,1.0
1.0,,,,,1.0,1.0,1.0,1.0,1.0,1.0,1.0,1.0,,1.0,1.0,1.0,,,,1.0,1.0,1.0,,1.0,1.0,1.0,1.0,4-hydroxytamoxifen,STANDARD,CYP2C19,,1.0,1.0
1.0,,,,,1.0,1.0,1.0,1.0,1.0,1.0,1.0,1.0,,1.0,1.0,1.0,,,,1.0,1.0,1.0,,1.0,1.0,1.0,1.0,tolperisone,STANDARD,CYP2C19,,1.0,1.0
1.0,,,,,1.0,1.0,1.0,1.0,1.0,1.0,1.0,1.0,,1.0,1.0,1.0,,,,1.0,1.0,1.0,,1.0,1.0,1.0,1.0,praziquantel,STANDARD,CYP2C19,,1.0,1.0
1.0,,,,,1.0,1.0,1.0,1.0,1.0,1.0,1.0,1.0,,1.0,1.0,1.0,,,,1.0,1.0,1.0,,1.0,1.0,1.0,1.0,icotinib,STANDARD,CYP2C19,,1.0,1.0
1.0,,,,,1.0,1.0,1.0,1.0,1.0,1.0,1.0,1.0,,1.0,1.0,1.0,,,,1.0,1.0,1.0,,1.0,1.0,1.0,1.0,3,STANDARD,CYP2C19,,1.0,1.0
1.0,,,,,1.0,1.0,1.0,1.0,1.0,1.0,1.0,1.0,,1.0,1.0,1.0,,,,1.0,1.0,1.0,,1.0,1.0,1.0,1.0,4-methylenedioxymethamphetamine,STANDARD,CYP2C19,,1.0,1.0
1.0,,,,,1.0,1.0,1.0,1.0,1.0,1.0,1.0,1.0,,1.0,1.0,1.0,,,,1.0,1.0,1.0,,1.0,1.0,1.0,1.0,proton pump inhibitors,STANDARD,CYP2C19,,1.0,1.0
1.0,,,,,1.0,1.0,1.0,1.0,1.0,1.0,1.0,1.0,,1.0,1.0,1.0,,,,1.0,1.0,1.0,,1.0,1.0,1.0,1.0,clarithromycin,STANDARD,CYP2C19,,1.0,1.0
1.0,,,,,1.0,1.0,1.0,1.0,1.0,1.0,1.0,1.0,,1.0,1.0,1.0,,,,1.0,1.0,1.0,,1.0,1.0,1.0,1.0,carisoprodol,STANDARD,CYP2C19,,1.0,1.0
1.0,,,,,1.0,1.0,1.0,1.0,1.0,1.0,1.0,1.0,,1.0,1.0,1.0,,,,1.0,1.0,1.0,,1.0,1.0,1.0,1.0,atorvastatin,STANDARD,CYP2C19,,1.0,1.0
1.0,,,,,1.0,1.0,1.0,1.0,1.0,1.0,1.0,1.0,,1.0,1.0,1.0,,,,1.0,1.0,1.0,,1.0,1.0,1.0,1.0,famotidine,STANDARD,CYP2C19,,1.0,1.0
1.0,,,,,1.0,1.0,1.0,1.0,1.0,1.0,1.0,1.0,,1.0,1.0,1.0,,,,1.0,1.0,1.0,,1.0,1.0,1.0,1.0,valproic acid,STANDARD,CYP2C19,,1.0,1.0
1.0,,,,,1.0,1.0,1.0,1.0,1.0,1.0,1.0,1.0,,1.0,1.0,1.0,,,,1.0,1.0,1.0,,1.0,1.0,1.0,1.0,clopidogrel thiol metabolite h4,STANDARD,CYP2C19,,1.0,1.0
1.0,,,,,1.0,1.0,1.0,1.0,1.0,1.0,1.0,1.0,,1.0,1.0,1.0,,,,1.0,1.0,1.0,,1.0,1.0,1.0,1.0,doxorubicin,STANDARD,CYP2C19,,1.0,1.0
1.0,,,,,1.0,1.0,1.0,1.0,1.0,1.0,1.0,1.0,,1.0,1.0,1.0,,,,1.0,1.0,1.0,,1.0,1.0,1.0,1.0,antipsychotics,STANDARD,CYP2C19,,1.0,1.0
1.0,,,,,1.0,1.0,1.0,1.0,1.0,1.0,1.0,1.0,,1.0,1.0,1.0,,,,1.0,1.0,1.0,,1.0,1.0,1.0,1.0,7-carboxycannabidiol,STANDARD,CYP2C19,,1.0,1.0
1.0,,,,,1.0,1.0,1.0,1.0,1.0,1.0,1.0,1.0,,1.0,1.0,1.0,,,,1.0,1.0,1.0,,1.0,1.0,1.0,1.0,7-hydroxycannabidiol,STANDARD,CYP2C19,,1.0,1.0
1.0,,,,,1.0,1.0,1.0,1.0,1.0,1.0,1.0,1.0,,1.0,1.0,1.0,,,,1.0,1.0,1.0,,1.0,1.0,1.0,1.0,docetaxel,STANDARD,CYP2C19,,1.0,1.0
1.0,,,,,1.0,1.0,1.0,1.0,1.0,1.0,1.0,1.0,,1.0,1.0,1.0,,,,1.0,1.0,1.0,,1.0,1.0,1.0,1.0,cannabidiol,STANDARD,CYP2C19,,1.0,1.0
1.0,,,,,1.0,1.0,1.0,1.0,1.0,1.0,1.0,1.0,,1.0,1.0,1.0,,,,1.0,1.0,1.0,,1.0,1.0,1.0,1.0,alpha-hydroxy sertraline ketone,STANDARD,CYP2C19,,1.0,1.0
1.0,,,,,1.0,1.0,1.0,1.0,1.0,1.0,1.0,1.0,,1.0,1.0,1.0,,,,1.0,1.0,1.0,,1.0,1.0,1.0,1.0,r-methylphenobarbital,STANDARD,CYP2C19,,1.0,1.0
1.0,,,,,1.0,1.0,1.0,1.0,1.0,1.0,1.0,1.0,,1.0,1.0,1.0,,,,1.0,1.0,1.0,,1.0,1.0,1.0,1.0,desvenlafaxine,STANDARD,CYP2C19,,1.0,1.0
1.0,,,,,1.0,1.0,1.0,1.0,1.0,1.0,1.0,1.0,,1.0,1.0,1.0,,,,1.0,1.0,1.0,,1.0,1.0,1.0,1.0,4-hydroxybupropion,STANDARD,CYP2C19,,1.0,1.0
1.0,,,,,1.0,1.0,1.0,1.0,1.0,1.0,1.0,1.0,,1.0,1.0,1.0,,,,1.0,1.0,1.0,,1.0,1.0,1.0,1.0,erythro-4-hydroxyhydrobupropion,STANDARD,CYP2C19,,1.0,1.0
1.0,,,,,1.0,1.0,1.0,1.0,1.0,1.0,1.0,1.0,,1.0,1.0,1.0,,,,1.0,1.0,1.0,,1.0,1.0,1.0,1.0,threo-4-hydroxyhydrobupropion,STANDARD,CYP2C19,,1.0,1.0
1.0,,,,,1.0,1.0,1.0,1.0,1.0,1.0,1.0,1.0,,1.0,1.0,1.0,,,,1.0,1.0,1.0,,1.0,1.0,1.0,1.0,hydrocodone,STANDARD,CYP2D6,,1.0,1.0
1.0,,,,,1.0,1.0,1.0,1.0,1.0,1.0,1.0,1.0,,1.0,1.0,1.0,,,,1.0,1.0,1.0,,1.0,1.0,1.0,1.0,tropisetron,STANDARD,CYP2D6,,1.0,1.0
1.0,,,,,1.0,1.0,1.0,1.0,1.0,1.0,1.0,1.0,,1.0,1.0,1.0,,,,1.0,1.0,1.0,,1.0,1.0,1.0,1.0,desipramine,STANDARD,CYP2D6,,1.0,1.0
1.0,,,,,1.0,1.0,1.0,1.0,1.0,1.0,1.0,1.0,,1.0,1.0,1.0,,,,1.0,1.0,1.0,,1.0,1.0,1.0,1.0,codeine,STANDARD,CYP2D6,,1.0,1.0
1.0,,,,,1.0,1.0,1.0,1.0,1.0,1.0,1.0,1.0,,1.0,1.0,1.0,,,,1.0,1.0,1.0,,1.0,1.0,1.0,1.0,flecainide,STANDARD,CYP2D6,,1.0,1.0
1.0,,,,,1.0,1.0,1.0,1.0,1.0,1.0,1.0,1.0,,1.0,1.0,1.0,,,,1.0,1.0,1.0,,1.0,1.0,1.0,1.0,metoprolol,STANDARD,CYP2D6,,1.0,1.0
1.0,,,,,1.0,1.0,1.0,1.0,1.0,1.0,1.0,1.0,,1.0,1.0,1.0,,,,1.0,1.0,1.0,,1.0,1.0,1.0,1.0,haloperidol,STANDARD,CYP2D6,,1.0,1.0
1.0,,,,,1.0,1.0,1.0,1.0,1.0,1.0,1.0,1.0,,1.0,1.0,1.0,,,,1.0,1.0,1.0,,1.0,1.0,1.0,1.0,propafenone,STANDARD,CYP2D6,,1.0,1.0
1.0,,,,,1.0,1.0,1.0,1.0,1.0,1.0,1.0,1.0,,1.0,1.0,1.0,,,,1.0,1.0,1.0,,1.0,1.0,1.0,1.0,risperidone,STANDARD,CYP2D6,,1.0,1.0
1.0,,,,,1.0,1.0,1.0,1.0,1.0,1.0,1.0,1.0,,1.0,1.0,1.0,,,,1.0,1.0,1.0,,1.0,1.0,1.0,1.0,zuclopenthixol,STANDARD,CYP2D6,,1.0,1.0
1.0,,,,,1.0,1.0,1.0,1.0,1.0,1.0,1.0,1.0,,1.0,1.0,1.0,,,,1.0,1.0,1.0,,1.0,1.0,1.0,1.0,ondansetron,STANDARD,CYP2D6,,1.0,1.0
1.0,,,,,1.0,1.0,1.0,1.0,1.0,1.0,1.0,1.0,,1.0,1.0,1.0,,,,1.0,1.0,1.0,,1.0,1.0,1.0,1.0,aripiprazole,STANDARD,CYP2D6,,1.0,1.0
1.0,,,,,1.0,1.0,1.0,1.0,1.0,1.0,1.0,1.0,,1.0,1.0,1.0,,,,1.0,1.0,1.0,,1.0,1.0,1.0,1.0,tramadol,STANDARD,CYP2D6,,1.0,1.0
1.0,,,,,1.0,1.0,1.0,1.0,1.0,1.0,1.0,1.0,,1.0,1.0,1.0,,,,1.0,1.0,1.0,,1.0,1.0,1.0,1.0,vortioxetine,STANDARD,CYP2D6,,1.0,1.0
1.0,,,,,1.0,1.0,1.0,1.0,1.0,1.0,1.0,1.0,,1.0,1.0,1.0,,,,1.0,1.0,1.0,,1.0,1.0,1.0,1.0,debrisoquine,STANDARD,CYP2D6,,1.0,1.0
1.0,,,,,1.0,1.0,1.0,1.0,1.0,1.0,1.0,1.0,,1.0,1.0,1.0,,,,1.0,1.0,1.0,,1.0,1.0,1.0,1.0,quinidine,STANDARD,CYP2D6,,1.0,1.0
1.0,,,,,1.0,1.0,1.0,1.0,1.0,1.0,1.0,1.0,,1.0,1.0,1.0,,,,1.0,1.0,1.0,,1.0,1.0,1.0,1.0,flupenthixol,STANDARD,CYP2D6,,1.0,1.0
1.0,,,,,1.0,1.0,1.0,1.0,1.0,1.0,1.0,1.0,,1.0,1.0,1.0,,,,1.0,1.0,1.0,,1.0,1.0,1.0,1.0,clonidine,STANDARD,CYP2D6,,1.0,1.0
1.0,,,,,1.0,1.0,1.0,1.0,1.0,1.0,1.0,1.0,,1.0,1.0,1.0,,,,1.0,1.0,1.0,,1.0,1.0,1.0,1.0,quetiapine,STANDARD,CYP2D6,,1.0,1.0
1.0,,,,,1.0,1.0,1.0,1.0,1.0,1.0,1.0,1.0,,1.0,1.0,1.0,,,,1.0,1.0,1.0,,1.0,1.0,1.0,1.0,gefitinib,STANDARD,CYP2D6,,1.0,1.0
1.0,,,,,1.0,1.0,1.0,1.0,1.0,1.0,1.0,1.0,,1.0,1.0,1.0,,,,1.0,1.0,1.0,,1.0,1.0,1.0,1.0,methylphenidate,STANDARD,CYP2D6,,1.0,1.0
1.0,,,,,1.0,1.0,1.0,1.0,1.0,1.0,1.0,1.0,,1.0,1.0,1.0,,,,1.0,1.0,1.0,,1.0,1.0,1.0,1.0,eliglustat,STANDARD,CYP2D6,,1.0,1.0
1.0,,,,,1.0,1.0,1.0,1.0,1.0,1.0,1.0,1.0,,1.0,1.0,1.0,,,,1.0,1.0,1.0,,1.0,1.0,1.0,1.0,acebutolol,STANDARD,CYP2D6,,1.0,1.0
1.0,,,,,1.0,1.0,1.0,1.0,1.0,1.0,1.0,1.0,,1.0,1.0,1.0,,,,1.0,1.0,1.0,,1.0,1.0,1.0,1.0,betaxolol,STANDARD,CYP2D6,,1.0,1.0
1.0,,,,,1.0,1.0,1.0,1.0,1.0,1.0,1.0,1.0,,1.0,1.0,1.0,,,,1.0,1.0,1.0,,1.0,1.0,1.0,1.0,bisoprolol,STANDARD,CYP2D6,,1.0,1.0
1.0,,,,,1.0,1.0,1.0,1.0,1.0,1.0,1.0,1.0,,1.0,1.0,1.0,,,,1.0,1.0,1.0,,1.0,1.0,1.0,1.0,carvedilol,STANDARD,CYP2D6,,1.0,1.0
1.0,,,,,1.0,1.0,1.0,1.0,1.0,1.0,1.0,1.0,,1.0,1.0,1.0,,,,1.0,1.0,1.0,,1.0,1.0,1.0,1.0,nebivolol,STANDARD,CYP2D6,,1.0,1.0
1.0,,,,,1.0,1.0,1.0,1.0,1.0,1.0,1.0,1.0,,1.0,1.0,1.0,,,,1.0,1.0,1.0,,1.0,1.0,1.0,1.0,propranolol,STANDARD,CYP2D6,,1.0,1.0
1.0,,,,,1.0,1.0,1.0,1.0,1.0,1.0,1.0,1.0,,1.0,1.0,1.0,,,,1.0,1.0,1.0,,1.0,1.0,1.0,1.0,duloxetine,STANDARD,CYP2D6,,1.0,1.0
1.0,,,,,1.0,1.0,1.0,1.0,1.0,1.0,1.0,1.0,,1.0,1.0,1.0,,,,1.0,1.0,1.0,,1.0,1.0,1.0,1.0,amiodarone,STANDARD,CYP2D6,,1.0,1.0
1.0,,,,,1.0,1.0,1.0,1.0,1.0,1.0,1.0,1.0,,1.0,1.0,1.0,,,,1.0,1.0,1.0,,1.0,1.0,1.0,1.0,brexpiprazole,STANDARD,CYP2D6,,1.0,1.0
1.0,,,,,1.0,1.0,1.0,1.0,1.0,1.0,1.0,1.0,,1.0,1.0,1.0,,,,1.0,1.0,1.0,,1.0,1.0,1.0,1.0,sotalol,STANDARD,CYP2D6,,1.0,1.0
1.0,,,,,1.0,1.0,1.0,1.0,1.0,1.0,1.0,1.0,,1.0,1.0,1.0,,,,1.0,1.0,1.0,,1.0,1.0,1.0,1.0,atenolol,STANDARD,CYP2D6,,1.0,1.0
1.0,,,,,1.0,1.0,1.0,1.0,1.0,1.0,1.0,1.0,,1.0,1.0,1.0,,,,1.0,1.0,1.0,,1.0,1.0,1.0,1.0,pimozide,STANDARD,CYP2D6,,1.0,1.0
1.0,,,,,1.0,1.0,1.0,1.0,1.0,1.0,1.0,1.0,,1.0,1.0,1.0,,,,1.0,1.0,1.0,,1.0,1.0,1.0,1.0,disopyramide,STANDARD,CYP2D6,,1.0,1.0
1.0,,,,,1.0,1.0,1.0,1.0,1.0,1.0,1.0,1.0,,1.0,1.0,1.0,,,,1.0,1.0,1.0,,1.0,1.0,1.0,1.0,tamsulosin hydrochloride,STANDARD,CYP2D6,,1.0,1.0
1.0,,,,,1.0,1.0,1.0,1.0,1.0,1.0,1.0,1.0,,1.0,1.0,1.0,,,,1.0,1.0,1.0,,1.0,1.0,1.0,1.0,ondansetron hydrochloride,STANDARD,CYP2D6,,1.0,1.0
1.0,,,,,1.0,1.0,1.0,1.0,1.0,1.0,1.0,1.0,,1.0,1.0,1.0,,,,1.0,1.0,1.0,,1.0,1.0,1.0,1.0,bupropion hydrochloride,STANDARD,CYP2D6,,1.0,1.0
1.0,,,,,1.0,1.0,1.0,1.0,1.0,1.0,1.0,1.0,,1.0,1.0,1.0,,,,1.0,1.0,1.0,,1.0,1.0,1.0,1.0,"dextroamphetamine saccharate, amphetamine aspartate, dextroamphetamine sulfate and amphetamine sulfate",STANDARD,CYP2D6,,1.0,1.0
1.0,,,,,1.0,1.0,1.0,1.0,1.0,1.0,1.0,1.0,,1.0,1.0,1.0,,,,1.0,1.0,1.0,,1.0,1.0,1.0,1.0,serdexmethylphenidate and dexmethylphenidate,STANDARD,CYP2D6,,1.0,1.0
1.0,,,,,1.0,1.0,1.0,1.0,1.0,1.0,1.0,1.0,,1.0,1.0,1.0,,,,1.0,1.0,1.0,,1.0,1.0,1.0,1.0,metoprolol tartrate,STANDARD,CYP2D6,,1.0,1.0
1.0,,,,,1.0,1.0,1.0,1.0,1.0,1.0,1.0,1.0,,1.0,1.0,1.0,,,,1.0,1.0,1.0,,1.0,1.0,1.0,1.0,celecoxib,STANDARD,CYP2D6,,1.0,1.0
1.0,,,,,1.0,1.0,1.0,1.0,1.0,1.0,1.0,1.0,,1.0,1.0,1.0,,,,1.0,1.0,1.0,,1.0,1.0,1.0,1.0,metoprolol succinate,STANDARD,CYP2D6,,1.0,1.0
1.0,,,,,1.0,1.0,1.0,1.0,1.0,1.0,1.0,1.0,,1.0,1.0,1.0,,,,1.0,1.0,1.0,,1.0,1.0,1.0,1.0,primaquine phosphate,STANDARD,CYP2D6,,1.0,1.0
1.0,,,,,1.0,1.0,1.0,1.0,1.0,1.0,1.0,1.0,,1.0,1.0,1.0,,,,1.0,1.0,1.0,,1.0,1.0,1.0,1.0,galantamine hydrobromide,STANDARD,CYP2D6,,1.0,1.0
1.0,,,,,1.0,1.0,1.0,1.0,1.0,1.0,1.0,1.0,,1.0,1.0,1.0,,,,1.0,1.0,1.0,,1.0,1.0,1.0,1.0,amphetamine sulfate,STANDARD,CYP2D6,,1.0,1.0
1.0,,,,,1.0,1.0,1.0,1.0,1.0,1.0,1.0,1.0,,1.0,1.0,1.0,,,,1.0,1.0,1.0,,1.0,1.0,1.0,1.0,nitisinone,STANDARD,CYP2D6,,1.0,1.0
1.0,,,,,1.0,1.0,1.0,1.0,1.0,1.0,1.0,1.0,,1.0,1.0,1.0,,,,1.0,1.0,1.0,,1.0,1.0,1.0,1.0,lamotrigine,STANDARD,CYP2D6,,1.0,1.0
1.0,,,,,1.0,1.0,1.0,1.0,1.0,1.0,1.0,1.0,,1.0,1.0,1.0,,,,1.0,1.0,1.0,,1.0,1.0,1.0,1.0,tramadol hydrochloride,STANDARD,CYP2D6,,1.0,1.0
1.0,,,,,1.0,1.0,1.0,1.0,1.0,1.0,1.0,1.0,,1.0,1.0,1.0,,,,1.0,1.0,1.0,,1.0,1.0,1.0,1.0,doxorubicin hydrochloride,STANDARD,CYP2D6,,1.0,1.0
1.0,,,,,1.0,1.0,1.0,1.0,1.0,1.0,1.0,1.0,,1.0,1.0,1.0,,,,1.0,1.0,1.0,,1.0,1.0,1.0,1.0,ranolazine,STANDARD,CYP2D6,,1.0,1.0
1.0,,,,,1.0,1.0,1.0,1.0,1.0,1.0,1.0,1.0,,1.0,1.0,1.0,,,,1.0,1.0,1.0,,1.0,1.0,1.0,1.0,paroxetine hydrochloride hemihydrate,STANDARD,CYP2D6,,1.0,1.0
1.0,,,,,1.0,1.0,1.0,1.0,1.0,1.0,1.0,1.0,,1.0,1.0,1.0,,,,1.0,1.0,1.0,,1.0,1.0,1.0,1.0,codeine sulfate,STANDARD,CYP2D6,,1.0,1.0
1.0,,,,,1.0,1.0,1.0,1.0,1.0,1.0,1.0,1.0,,1.0,1.0,1.0,,,,1.0,1.0,1.0,,1.0,1.0,1.0,1.0,milsaperidone,STANDARD,CYP2D6,,1.0,1.0
1.0,,,,,1.0,1.0,1.0,1.0,1.0,1.0,1.0,1.0,,1.0,1.0,1.0,,,,1.0,1.0,1.0,,1.0,1.0,1.0,1.0,metoprolol succinate er tablets,STANDARD,CYP2D6,,1.0,1.0
1.0,,,,,1.0,1.0,1.0,1.0,1.0,1.0,1.0,1.0,,1.0,1.0,1.0,,,,1.0,1.0,1.0,,1.0,1.0,1.0,1.0,ivermectin,STANDARD,CYP2D6,,1.0,1.0
1.0,,,,,1.0,1.0,1.0,1.0,1.0,1.0,1.0,1.0,,1.0,1.0,1.0,,,,1.0,1.0,1.0,,1.0,1.0,1.0,1.0,nilotinib,STANDARD,CYP2D6,,1.0,1.0
1.0,,,,,1.0,1.0,1.0,1.0,1.0,1.0,1.0,1.0,,1.0,1.0,1.0,,,,1.0,1.0,1.0,,1.0,1.0,1.0,1.0,metoprolol succinate er,STANDARD,CYP2D6,,1.0,1.0
1.0,,,,,1.0,1.0,1.0,1.0,1.0,1.0,1.0,1.0,,1.0,1.0,1.0,,,,1.0,1.0,1.0,,1.0,1.0,1.0,1.0,dextromethorphan,STANDARD,CYP2D6,,1.0,1.0
1.0,,,,,1.0,1.0,1.0,1.0,1.0,1.0,1.0,1.0,,1.0,1.0,1.0,,,,1.0,1.0,1.0,,1.0,1.0,1.0,1.0,opioids,STANDARD,CYP2D6,,1.0,1.0
1.0,,,,,1.0,1.0,1.0,1.0,1.0,1.0,1.0,1.0,,1.0,1.0,1.0,,,,1.0,1.0,1.0,,1.0,1.0,1.0,1.0,mexiletine,STANDARD,CYP2D6,,1.0,1.0
1.0,,,,,1.0,1.0,1.0,1.0,1.0,1.0,1.0,1.0,,1.0,1.0,1.0,,,,1.0,1.0,1.0,,1.0,1.0,1.0,1.0,iloperidone,STANDARD,CYP2D6,,1.0,1.0
1.0,,,,,1.0,1.0,1.0,1.0,1.0,1.0,1.0,1.0,,1.0,1.0,1.0,,,,1.0,1.0,1.0,,1.0,1.0,1.0,1.0,iloperidone metabolite p88,STANDARD,CYP2D6,,1.0,1.0
1.0,,,,,1.0,1.0,1.0,1.0,1.0,1.0,1.0,1.0,,1.0,1.0,1.0,,,,1.0,1.0,1.0,,1.0,1.0,1.0,1.0,endoxifen,STANDARD,CYP2D6,,1.0,1.0
1.0,,,,,1.0,1.0,1.0,1.0,1.0,1.0,1.0,1.0,,1.0,1.0,1.0,,,,1.0,1.0,1.0,,1.0,1.0,1.0,1.0,noroxycodone,STANDARD,CYP2D6,,1.0,1.0
1.0,,,,,1.0,1.0,1.0,1.0,1.0,1.0,1.0,1.0,,1.0,1.0,1.0,,,,1.0,1.0,1.0,,1.0,1.0,1.0,1.0,n-desmethyltramadol,STANDARD,CYP2D6,,1.0,1.0
1.0,,,,,1.0,1.0,1.0,1.0,1.0,1.0,1.0,1.0,,1.0,1.0,1.0,,,,1.0,1.0,1.0,,1.0,1.0,1.0,1.0,mianserin,STANDARD,CYP2D6,,1.0,1.0
1.0,,,,,1.0,1.0,1.0,1.0,1.0,1.0,1.0,1.0,,1.0,1.0,1.0,,,,1.0,1.0,1.0,,1.0,1.0,1.0,1.0,selective serotonin reuptake inhibitors,STANDARD,CYP2D6,,1.0,1.0
1.0,,,,,1.0,1.0,1.0,1.0,1.0,1.0,1.0,1.0,,1.0,1.0,1.0,,,,1.0,1.0,1.0,,1.0,1.0,1.0,1.0,o-desmethyltramadol,STANDARD,CYP2D6,,1.0,1.0
1.0,,,,,1.0,1.0,1.0,1.0,1.0,1.0,1.0,1.0,,1.0,1.0,1.0,,,,1.0,1.0,1.0,,1.0,1.0,1.0,1.0,primaquine,STANDARD,CYP2D6,,1.0,1.0
1.0,,,,,1.0,1.0,1.0,1.0,1.0,1.0,1.0,1.0,,1.0,1.0,1.0,,,,1.0,1.0,1.0,,1.0,1.0,1.0,1.0,mephedrone,STANDARD,CYP2D6,,1.0,1.0
1.0,,,,,1.0,1.0,1.0,1.0,1.0,1.0,1.0,1.0,,1.0,1.0,1.0,,,,1.0,1.0,1.0,,1.0,1.0,1.0,1.0,simvastatin,STANDARD,CYP2D6,,1.0,1.0
1.0,,,,,1.0,1.0,1.0,1.0,1.0,1.0,1.0,1.0,,1.0,1.0,1.0,,,,1.0,1.0,1.0,,1.0,1.0,1.0,1.0,donepezil,STANDARD,CYP2D6,,1.0,1.0
1.0,,,,,1.0,1.0,1.0,1.0,1.0,1.0,1.0,1.0,,1.0,1.0,1.0,,,,1.0,1.0,1.0,,1.0,1.0,1.0,1.0,tolterodine,STANDARD,CYP2D6,,1.0,1.0
1.0,,,,,1.0,1.0,1.0,1.0,1.0,1.0,1.0,1.0,,1.0,1.0,1.0,,,,1.0,1.0,1.0,,1.0,1.0,1.0,1.0,hydroxyamitriptyline,STANDARD,CYP2D6,,1.0,1.0
1.0,,,,,1.0,1.0,1.0,1.0,1.0,1.0,1.0,1.0,,1.0,1.0,1.0,,,,1.0,1.0,1.0,,1.0,1.0,1.0,1.0,bepridil,STANDARD,CYP2D6,,1.0,1.0
1.0,,,,,1.0,1.0,1.0,1.0,1.0,1.0,1.0,1.0,,1.0,1.0,1.0,,,,1.0,1.0,1.0,,1.0,1.0,1.0,1.0,maprotiline,STANDARD,CYP2D6,,1.0,1.0
1.0,,,,,1.0,1.0,1.0,1.0,1.0,1.0,1.0,1.0,,1.0,1.0,1.0,,,,1.0,1.0,1.0,,1.0,1.0,1.0,1.0,opipramol,STANDARD,CYP2D6,,1.0,1.0
1.0,,,,,1.0,1.0,1.0,1.0,1.0,1.0,1.0,1.0,,1.0,1.0,1.0,,,,1.0,1.0,1.0,,1.0,1.0,1.0,1.0,lovastatin,STANDARD,CYP2D6,,1.0,1.0
1.0,,,,,1.0,1.0,1.0,1.0,1.0,1.0,1.0,1.0,,1.0,1.0,1.0,,,,1.0,1.0,1.0,,1.0,1.0,1.0,1.0,tamsulosin,STANDARD,CYP2D6,,1.0,1.0
1.0,,,,,1.0,1.0,1.0,1.0,1.0,1.0,1.0,1.0,,1.0,1.0,1.0,,,,1.0,1.0,1.0,,1.0,1.0,1.0,1.0,alpha-hydroxymetoprolol,STANDARD,CYP2D6,,1.0,1.0
1.0,,,,,1.0,1.0,1.0,1.0,1.0,1.0,1.0,1.0,,1.0,1.0,1.0,,,,1.0,1.0,1.0,,1.0,1.0,1.0,1.0,dapoxetine,STANDARD,CYP2D6,,1.0,1.0
1.0,,,,,1.0,1.0,1.0,1.0,1.0,1.0,1.0,1.0,,1.0,1.0,1.0,,,,1.0,1.0,1.0,,1.0,1.0,1.0,1.0,primaquine 5,STANDARD,CYP2D6,,1.0,1.0
1.0,,,,,1.0,1.0,1.0,1.0,1.0,1.0,1.0,1.0,,1.0,1.0,1.0,,,,1.0,1.0,1.0,,1.0,1.0,1.0,1.0,6-orthoquinone,STANDARD,CYP2D6,,1.0,1.0
1.0,,,,,1.0,1.0,1.0,1.0,1.0,1.0,1.0,1.0,,1.0,1.0,1.0,,,,1.0,1.0,1.0,,1.0,1.0,1.0,1.0,morphine,STANDARD,CYP2D6,,1.0,1.0
1.0,,,,,1.0,1.0,1.0,1.0,1.0,1.0,1.0,1.0,,1.0,1.0,1.0,,,,1.0,1.0,1.0,,1.0,1.0,1.0,1.0,paramethoxymethamphetamine,STANDARD,CYP2D6,,1.0,1.0
1.0,,,,,1.0,1.0,1.0,1.0,1.0,1.0,1.0,1.0,,1.0,1.0,1.0,,,,1.0,1.0,1.0,,1.0,1.0,1.0,1.0,methamphetamine,STANDARD,CYP2D6,,1.0,1.0
1.0,,,,,1.0,1.0,1.0,1.0,1.0,1.0,1.0,1.0,,1.0,1.0,1.0,,,,1.0,1.0,1.0,,1.0,1.0,1.0,1.0,perphenazine,STANDARD,CYP2D6,,1.0,1.0
1.0,,,,,1.0,1.0,1.0,1.0,1.0,1.0,1.0,1.0,,1.0,1.0,1.0,,,,1.0,1.0,1.0,,1.0,1.0,1.0,1.0,dabigatran,STANDARD,CYP2D6,,1.0,1.0
1.0,,,,,1.0,1.0,1.0,1.0,1.0,1.0,1.0,1.0,,1.0,1.0,1.0,,,,1.0,1.0,1.0,,1.0,1.0,1.0,1.0,hydromorphone,STANDARD,CYP2D6,,1.0,1.0
1.0,,,,,1.0,1.0,1.0,1.0,1.0,1.0,1.0,1.0,,1.0,1.0,1.0,,,,1.0,1.0,1.0,,1.0,1.0,1.0,1.0,oxymorphone,STANDARD,CYP2D6,,1.0,1.0
1.0,,,,,1.0,1.0,1.0,1.0,1.0,1.0,1.0,1.0,,1.0,1.0,1.0,,,,1.0,1.0,1.0,,1.0,1.0,1.0,1.0,noroxymorphone,STANDARD,CYP2D6,,1.0,1.0
1.0,,,,,1.0,1.0,1.0,1.0,1.0,1.0,1.0,1.0,,1.0,1.0,1.0,,,,1.0,1.0,1.0,,1.0,1.0,1.0,1.0,solanidine,STANDARD,CYP2D6,,1.0,1.0
1.0,,,,,1.0,1.0,1.0,1.0,1.0,1.0,1.0,1.0,,1.0,1.0,1.0,,,,1.0,1.0,1.0,,1.0,1.0,1.0,1.0,pridopidine,STANDARD,CYP2D6,,1.0,1.0
1.0,,,,,1.0,1.0,1.0,1.0,1.0,1.0,1.0,1.0,,1.0,1.0,1.0,,,,1.0,1.0,1.0,,1.0,1.0,1.0,1.0,s-methadone,STANDARD,CYP2D6,,1.0,1.0
1.0,,,,,1.0,1.0,1.0,1.0,1.0,1.0,1.0,1.0,,1.0,1.0,1.0,,,,1.0,1.0,1.0,,1.0,1.0,1.0,1.0,n-desalkylquetiapine,STANDARD,CYP2D6,,1.0,1.0
1.0,,,,,1.0,1.0,1.0,1.0,1.0,1.0,1.0,1.0,,1.0,1.0,1.0,,,,1.0,1.0,1.0,,1.0,1.0,1.0,1.0,ibogaine,STANDARD,CYP2D6,,1.0,1.0
1.0,,,,,1.0,1.0,1.0,1.0,1.0,1.0,1.0,1.0,,1.0,1.0,1.0,,,,1.0,1.0,1.0,,1.0,1.0,1.0,1.0,amphetamine,STANDARD,CYP2D6,,1.0,1.0
1.0,,,,,1.0,1.0,1.0,1.0,1.0,1.0,1.0,1.0,,1.0,1.0,1.0,,,,1.0,1.0,1.0,,1.0,1.0,1.0,1.0,lisdexamfetamine,STANDARD,CYP2D6,,1.0,1.0
1.0,,,,,1.0,1.0,1.0,1.0,1.0,1.0,1.0,1.0,,1.0,1.0,1.0,,,,1.0,1.0,1.0,,1.0,1.0,1.0,1.0,n-desmethyltamoxifen,STANDARD,CYP2D6,,1.0,1.0
1.0,,,,,1.0,1.0,1.0,1.0,1.0,1.0,1.0,1.0,,1.0,1.0,1.0,,,,1.0,1.0,1.0,,1.0,1.0,1.0,1.0,dehydroaripiprazole,STANDARD,CYP2D6,,1.0,1.0
1.0,,,,,1.0,1.0,1.0,1.0,1.0,1.0,1.0,1.0,,1.0,1.0,1.0,,,,1.0,1.0,1.0,,1.0,1.0,1.0,1.0,fesoterodine,STANDARD,CYP2D6,,1.0,1.0
1.0,,,,,1.0,1.0,1.0,1.0,1.0,1.0,1.0,1.0,,1.0,1.0,1.0,,,,1.0,1.0,1.0,,1.0,1.0,1.0,1.0,berberine,STANDARD,CYP2D6,,1.0,1.0
1.0,,,,,1.0,1.0,1.0,1.0,1.0,1.0,1.0,1.0,,1.0,1.0,1.0,,,,1.0,1.0,1.0,,1.0,1.0,1.0,1.0,n,STANDARD,CYP2D6,,1.0,1.0
1.0,,,,,1.0,1.0,1.0,1.0,1.0,1.0,1.0,1.0,,1.0,1.0,1.0,,,,1.0,1.0,1.0,,1.0,1.0,1.0,1.0,n-didesmethyltramadol,STANDARD,CYP2D6,,1.0,1.0
1.0,,,,,1.0,1.0,1.0,1.0,1.0,1.0,1.0,1.0,,1.0,1.0,1.0,,,,1.0,1.0,1.0,,1.0,1.0,1.0,1.0,r-eddp,STANDARD,CYP2D6,,1.0,1.0
1.0,,,,,1.0,1.0,1.0,1.0,1.0,1.0,1.0,1.0,,1.0,1.0,1.0,,,,1.0,1.0,1.0,,1.0,1.0,1.0,1.0,s-eddp,STANDARD,CYP2D6,,1.0,1.0
1.0,,,,,1.0,1.0,1.0,1.0,1.0,1.0,1.0,1.0,,1.0,1.0,1.0,,,,1.0,1.0,1.0,,1.0,1.0,1.0,1.0,rosuvastatin,STANDARD,CYP2D6,,1.0,1.0
1.0,,,,,1.0,1.0,1.0,1.0,1.0,1.0,1.0,1.0,,1.0,1.0,1.0,,,,1.0,1.0,1.0,,1.0,1.0,1.0,1.0,desethyl hydroxychloroquine,STANDARD,CYP2D6,,1.0,1.0
1.0,,,,,1.0,1.0,1.0,1.0,1.0,1.0,1.0,1.0,,1.0,1.0,1.0,,,,1.0,1.0,1.0,,1.0,1.0,1.0,1.0,nevirapine,STANDARD,CYP2D6,,1.0,1.0
1.0,,,,,1.0,1.0,1.0,1.0,1.0,1.0,1.0,1.0,,1.0,1.0,1.0,,,,1.0,1.0,1.0,,1.0,1.0,1.0,1.0,carbamazepine,STANDARD,CYP2D6,,1.0,1.0
1.0,,,,,1.0,1.0,1.0,1.0,1.0,1.0,1.0,1.0,,1.0,1.0,1.0,,,,1.0,1.0,1.0,,1.0,1.0,1.0,1.0,primidone,STANDARD,CYP2D6,,1.0,1.0
1.0,,,,,1.0,1.0,1.0,1.0,1.0,1.0,1.0,1.0,,1.0,1.0,1.0,,,,1.0,1.0,1.0,,1.0,1.0,1.0,1.0,thioridazine,STANDARD,CYP2D6,,1.0,1.0
1.0,,,,,1.0,1.0,1.0,1.0,1.0,1.0,1.0,1.0,,1.0,1.0,1.0,,,,1.0,1.0,1.0,,1.0,1.0,1.0,1.0,desethylchloroquine,STANDARD,CYP2D6,,1.0,1.0
1.0,,,,,1.0,1.0,1.0,1.0,1.0,1.0,1.0,1.0,,1.0,1.0,1.0,,,,1.0,1.0,1.0,,1.0,1.0,1.0,1.0,hydroxychloroquine,STANDARD,CYP2D6,,1.0,1.0
1.0,,,,,1.0,1.0,1.0,1.0,1.0,1.0,1.0,1.0,,1.0,1.0,1.0,,,,1.0,1.0,1.0,,1.0,1.0,1.0,1.0,dexmedetomidine,STANDARD,CYP2D6,,1.0,1.0
1.0,,,,,1.0,1.0,1.0,1.0,1.0,1.0,1.0,1.0,,1.0,1.0,1.0,,,,1.0,1.0,1.0,,1.0,1.0,1.0,1.0,hydroxyurea,STANDARD,CYP2D6,,1.0,1.0
1.0,,,,,1.0,1.0,1.0,1.0,1.0,1.0,1.0,1.0,,1.0,1.0,1.0,,,,1.0,1.0,1.0,,1.0,1.0,1.0,1.0,loratadine,STANDARD,CYP2D6,,1.0,1.0
1.0,,,,,1.0,1.0,1.0,1.0,1.0,1.0,1.0,1.0,,1.0,1.0,1.0,,,,1.0,1.0,1.0,,1.0,1.0,1.0,1.0,levomethadone,STANDARD,CYP2D6,,1.0,1.0
1.0,,,,,1.0,1.0,1.0,1.0,1.0,1.0,1.0,1.0,,1.0,1.0,1.0,,,,1.0,1.0,1.0,,1.0,1.0,1.0,1.0,metoclopramide,STANDARD,CYP2D6,,1.0,1.0
1.0,,,,,1.0,1.0,1.0,1.0,1.0,1.0,1.0,1.0,,1.0,1.0,1.0,,,,1.0,1.0,1.0,,1.0,1.0,1.0,1.0,ibrutinib,STANDARD,CYP2D6,,1.0,1.0
1.0,,,,,1.0,1.0,1.0,1.0,1.0,1.0,1.0,1.0,,1.0,1.0,1.0,,,,1.0,1.0,1.0,,1.0,1.0,1.0,1.0,r-norfluoxetine,STANDARD,CYP2D6,,1.0,1.0
1.0,,,,,1.0,1.0,1.0,1.0,1.0,1.0,1.0,1.0,,1.0,1.0,1.0,,,,1.0,1.0,1.0,,1.0,1.0,1.0,1.0,s-norfluoxetine,STANDARD,CYP2D6,,1.0,1.0
1.0,,,,,1.0,1.0,1.0,1.0,1.0,1.0,1.0,1.0,,1.0,1.0,1.0,,,,1.0,1.0,1.0,,1.0,1.0,1.0,1.0,lornoxicam,STANDARD,CYP2C9,,1.0,1.0
1.0,,,,,1.0,1.0,1.0,1.0,1.0,1.0,1.0,1.0,,1.0,1.0,1.0,,,,1.0,1.0,1.0,,1.0,1.0,1.0,1.0,ibuprofen,STANDARD,CYP2C9,,1.0,1.0
1.0,,,,,1.0,1.0,1.0,1.0,1.0,1.0,1.0,1.0,,1.0,1.0,1.0,,,,1.0,1.0,1.0,,1.0,1.0,1.0,1.0,flurbiprofen,STANDARD,CYP2C9,,1.0,1.0
1.0,,,,,1.0,1.0,1.0,1.0,1.0,1.0,1.0,1.0,,1.0,1.0,1.0,,,,1.0,1.0,1.0,,1.0,1.0,1.0,1.0,tenoxicam,STANDARD,CYP2C9,,1.0,1.0
1.0,,,,,1.0,1.0,1.0,1.0,1.0,1.0,1.0,1.0,,1.0,1.0,1.0,,,,1.0,1.0,1.0,,1.0,1.0,1.0,1.0,piroxicam,STANDARD,CYP2C9,,1.0,1.0
1.0,,,,,1.0,1.0,1.0,1.0,1.0,1.0,1.0,1.0,,1.0,1.0,1.0,,,,1.0,1.0,1.0,,1.0,1.0,1.0,1.0,fluvastatin,STANDARD,CYP2C9,,1.0,1.0
1.0,,,,,1.0,1.0,1.0,1.0,1.0,1.0,1.0,1.0,,1.0,1.0,1.0,,,,1.0,1.0,1.0,,1.0,1.0,1.0,1.0,meloxicam,STANDARD,CYP2C9,,1.0,1.0
1.0,,,,,1.0,1.0,1.0,1.0,1.0,1.0,1.0,1.0,,1.0,1.0,1.0,,,,1.0,1.0,1.0,,1.0,1.0,1.0,1.0,siponimod,STANDARD,CYP2C9,,1.0,1.0
1.0,,,,,1.0,1.0,1.0,1.0,1.0,1.0,1.0,1.0,,1.0,1.0,1.0,,,,1.0,1.0,1.0,,1.0,1.0,1.0,1.0,acenocoumarol,STANDARD,CYP2C9,,1.0,1.0
1.0,,,,,1.0,1.0,1.0,1.0,1.0,1.0,1.0,1.0,,1.0,1.0,1.0,,,,1.0,1.0,1.0,,1.0,1.0,1.0,1.0,aceclofenac,STANDARD,CYP2C9,,1.0,1.0
1.0,,,,,1.0,1.0,1.0,1.0,1.0,1.0,1.0,1.0,,1.0,1.0,1.0,,,,1.0,1.0,1.0,,1.0,1.0,1.0,1.0,diclofenac,STANDARD,CYP2C9,,1.0,1.0
1.0,,,,,1.0,1.0,1.0,1.0,1.0,1.0,1.0,1.0,,1.0,1.0,1.0,,,,1.0,1.0,1.0,,1.0,1.0,1.0,1.0,indomethacin,STANDARD,CYP2C9,,1.0,1.0
1.0,,,,,1.0,1.0,1.0,1.0,1.0,1.0,1.0,1.0,,1.0,1.0,1.0,,,,1.0,1.0,1.0,,1.0,1.0,1.0,1.0,lumiracoxib,STANDARD,CYP2C9,,1.0,1.0
1.0,,,,,1.0,1.0,1.0,1.0,1.0,1.0,1.0,1.0,,1.0,1.0,1.0,,,,1.0,1.0,1.0,,1.0,1.0,1.0,1.0,nabumetone,STANDARD,CYP2C9,,1.0,1.0
1.0,,,,,1.0,1.0,1.0,1.0,1.0,1.0,1.0,1.0,,1.0,1.0,1.0,,,,1.0,1.0,1.0,,1.0,1.0,1.0,1.0,naproxen,STANDARD,CYP2C9,,1.0,1.0
1.0,,,,,1.0,1.0,1.0,1.0,1.0,1.0,1.0,1.0,,1.0,1.0,1.0,,,,1.0,1.0,1.0,,1.0,1.0,1.0,1.0,fosphenytoin,STANDARD,CYP2C9,,1.0,1.0
1.0,,,,,1.0,1.0,1.0,1.0,1.0,1.0,1.0,1.0,,1.0,1.0,1.0,,,,1.0,1.0,1.0,,1.0,1.0,1.0,1.0,fluindione,STANDARD,CYP2C9,,1.0,1.0
1.0,,,,,1.0,1.0,1.0,1.0,1.0,1.0,1.0,1.0,,1.0,1.0,1.0,,,,1.0,1.0,1.0,,1.0,1.0,1.0,1.0,tolbutamide,STANDARD,CYP2C9,,1.0,1.0
1.0,,,,,1.0,1.0,1.0,1.0,1.0,1.0,1.0,1.0,,1.0,1.0,1.0,,,,1.0,1.0,1.0,,1.0,1.0,1.0,1.0,glimepiride,STANDARD,CYP2C9,,1.0,1.0
1.0,,,,,1.0,1.0,1.0,1.0,1.0,1.0,1.0,1.0,,1.0,1.0,1.0,,,,1.0,1.0,1.0,,1.0,1.0,1.0,1.0,phenprocoumon,STANDARD,CYP2C9,,1.0,1.0
1.0,,,,,1.0,1.0,1.0,1.0,1.0,1.0,1.0,1.0,,1.0,1.0,1.0,,,,1.0,1.0,1.0,,1.0,1.0,1.0,1.0,glyburide,STANDARD,CYP2C9,,1.0,1.0
1.0,,,,,1.0,1.0,1.0,1.0,1.0,1.0,1.0,1.0,,1.0,1.0,1.0,,,,1.0,1.0,1.0,,1.0,1.0,1.0,1.0,sitagliptin and metformin hydrochloride,STANDARD,CYP2C9,,1.0,1.0
1.0,,,,,1.0,1.0,1.0,1.0,1.0,1.0,1.0,1.0,,1.0,1.0,1.0,,,,1.0,1.0,1.0,,1.0,1.0,1.0,1.0,rosuvastatin calcium,STANDARD,CYP2C9,,1.0,1.0
1.0,,,,,1.0,1.0,1.0,1.0,1.0,1.0,1.0,1.0,,1.0,1.0,1.0,,,,1.0,1.0,1.0,,1.0,1.0,1.0,1.0,warfarin sodium,STANDARD,CYP2C9,,1.0,1.0
1.0,,,,,1.0,1.0,1.0,1.0,1.0,1.0,1.0,1.0,,1.0,1.0,1.0,,,,1.0,1.0,1.0,,1.0,1.0,1.0,1.0,verapamil hydrochloride,STANDARD,CYP2C9,,1.0,1.0
1.0,,,,,1.0,1.0,1.0,1.0,1.0,1.0,1.0,1.0,,1.0,1.0,1.0,,,,1.0,1.0,1.0,,1.0,1.0,1.0,1.0,sitagliptin,STANDARD,CYP2C9,,1.0,1.0
1.0,,,,,1.0,1.0,1.0,1.0,1.0,1.0,1.0,1.0,,1.0,1.0,1.0,,,,1.0,1.0,1.0,,1.0,1.0,1.0,1.0,hydroxyphenytoin,STANDARD,CYP2C9,,1.0,1.0
1.0,,,,,1.0,1.0,1.0,1.0,1.0,1.0,1.0,1.0,,1.0,1.0,1.0,,,,1.0,1.0,1.0,,1.0,1.0,1.0,1.0,avatrombopag,STANDARD,CYP2C9,,1.0,1.0
1.0,,,,,1.0,1.0,1.0,1.0,1.0,1.0,1.0,1.0,,1.0,1.0,1.0,,,,1.0,1.0,1.0,,1.0,1.0,1.0,1.0,pioglitazone,STANDARD,CYP2C9,,1.0,1.0
1.0,,,,,1.0,1.0,1.0,1.0,1.0,1.0,1.0,1.0,,1.0,1.0,1.0,,,,1.0,1.0,1.0,,1.0,1.0,1.0,1.0,propofol,STANDARD,CYP2C9,,1.0,1.0
1.0,,,,,1.0,1.0,1.0,1.0,1.0,1.0,1.0,1.0,,1.0,1.0,1.0,,,,1.0,1.0,1.0,,1.0,1.0,1.0,1.0,losartan,STANDARD,CYP2C9,,1.0,1.0
1.0,,,,,1.0,1.0,1.0,1.0,1.0,1.0,1.0,1.0,,1.0,1.0,1.0,,,,1.0,1.0,1.0,,1.0,1.0,1.0,1.0,rifampin,STANDARD,CYP2C9,,1.0,1.0
1.0,,,,,1.0,1.0,1.0,1.0,1.0,1.0,1.0,1.0,,1.0,1.0,1.0,,,,1.0,1.0,1.0,,1.0,1.0,1.0,1.0,ketorolac,STANDARD,CYP2C9,,1.0,1.0
1.0,,,,,1.0,1.0,1.0,1.0,1.0,1.0,1.0,1.0,,1.0,1.0,1.0,,,,1.0,1.0,1.0,,1.0,1.0,1.0,1.0,pitavastatin,STANDARD,CYP2C9,,1.0,1.0
1.0,,,,,1.0,1.0,1.0,1.0,1.0,1.0,1.0,1.0,,1.0,1.0,1.0,,,,1.0,1.0,1.0,,1.0,1.0,1.0,1.0,zafirlukast,STANDARD,CYP2C9,,1.0,1.0
1.0,,,,,1.0,1.0,1.0,1.0,1.0,1.0,1.0,1.0,,1.0,1.0,1.0,,,,1.0,1.0,1.0,,1.0,1.0,1.0,1.0,nateglinide,STANDARD,CYP2C9,,1.0,1.0
1.0,,,,,1.0,1.0,1.0,1.0,1.0,1.0,1.0,1.0,,1.0,1.0,1.0,,,,1.0,1.0,1.0,,1.0,1.0,1.0,1.0,benzbromarone,STANDARD,CYP2C9,,1.0,1.0
1.0,,,,,1.0,1.0,1.0,1.0,1.0,1.0,1.0,1.0,,1.0,1.0,1.0,,,,1.0,1.0,1.0,,1.0,1.0,1.0,1.0,fulvestrant,STANDARD,CYP2C9,,1.0,1.0
1.0,,,,,1.0,1.0,1.0,1.0,1.0,1.0,1.0,1.0,,1.0,1.0,1.0,,,,1.0,1.0,1.0,,1.0,1.0,1.0,1.0,anastrozole,STANDARD,CYP2C9,,1.0,1.0
1.0,,,,,1.0,1.0,1.0,1.0,1.0,1.0,1.0,1.0,,1.0,1.0,1.0,,,,1.0,1.0,1.0,,1.0,1.0,1.0,1.0,noscapine,STANDARD,CYP2C9,,1.0,1.0
1.0,,,,,1.0,1.0,1.0,1.0,1.0,1.0,1.0,1.0,,1.0,1.0,1.0,,,,1.0,1.0,1.0,,1.0,1.0,1.0,1.0,losartan e-3174,STANDARD,CYP2C9,,1.0,1.0
1.0,,,,,1.0,1.0,1.0,1.0,1.0,1.0,1.0,1.0,,1.0,1.0,1.0,,,,1.0,1.0,1.0,,1.0,1.0,1.0,1.0,ketoprofen,STANDARD,CYP2C9,,1.0,1.0
1.0,,,,,1.0,1.0,1.0,1.0,1.0,1.0,1.0,1.0,,1.0,1.0,1.0,,,,1.0,1.0,1.0,,1.0,1.0,1.0,1.0,irbesartan,STANDARD,CYP2C9,,1.0,1.0
1.0,,,,,1.0,1.0,1.0,1.0,1.0,1.0,1.0,1.0,,1.0,1.0,1.0,,,,1.0,1.0,1.0,,1.0,1.0,1.0,1.0,apatinib,STANDARD,CYP2C9,,1.0,1.0
1.0,,,,,1.0,1.0,1.0,1.0,1.0,1.0,1.0,1.0,,1.0,1.0,1.0,,,,1.0,1.0,1.0,,1.0,1.0,1.0,1.0,apatinib metabolite m1-1,STANDARD,CYP2C9,,1.0,1.0
1.0,,,,,1.0,1.0,1.0,1.0,1.0,1.0,1.0,1.0,,1.0,1.0,1.0,,,,1.0,1.0,1.0,,1.0,1.0,1.0,1.0,dimolegin,STANDARD,CYP2C9,,1.0,1.0
1.0,,,,,1.0,1.0,1.0,1.0,1.0,1.0,1.0,1.0,,1.0,1.0,1.0,,,,1.0,1.0,1.0,,1.0,1.0,1.0,1.0,efavirenz,STANDARD,CYP2B6,,1.0,1.0
1.0,,,,,1.0,1.0,1.0,1.0,1.0,1.0,1.0,1.0,,1.0,1.0,1.0,,,,1.0,1.0,1.0,,1.0,1.0,1.0,1.0,artemether,STANDARD,CYP2B6,,1.0,1.0
1.0,,,,,1.0,1.0,1.0,1.0,1.0,1.0,1.0,1.0,,1.0,1.0,1.0,,,,1.0,1.0,1.0,,1.0,1.0,1.0,1.0,hydroxybupropion,STANDARD,CYP2B6,,1.0,1.0
1.0,,,,,1.0,1.0,1.0,1.0,1.0,1.0,1.0,1.0,,1.0,1.0,1.0,,,,1.0,1.0,1.0,,1.0,1.0,1.0,1.0,levonorgestrel,STANDARD,CYP2B6,,1.0,1.0
1.0,,,,,1.0,1.0,1.0,1.0,1.0,1.0,1.0,1.0,,1.0,1.0,1.0,,,,1.0,1.0,1.0,,1.0,1.0,1.0,1.0,fludarabine,STANDARD,CYP2B6,,1.0,1.0
1.0,,,,,1.0,1.0,1.0,1.0,1.0,1.0,1.0,1.0,,1.0,1.0,1.0,,,,1.0,1.0,1.0,,1.0,1.0,1.0,1.0,ketamine,STANDARD,CYP2B6,,1.0,1.0
1.0,,,,,1.0,1.0,1.0,1.0,1.0,1.0,1.0,1.0,,1.0,1.0,1.0,,,,1.0,1.0,1.0,,1.0,1.0,1.0,1.0,cotinine,STANDARD,CYP2B6,,1.0,1.0
1.0,,,,,1.0,1.0,1.0,1.0,1.0,1.0,1.0,1.0,,1.0,1.0,1.0,,,,1.0,1.0,1.0,,1.0,1.0,1.0,1.0,nicotine,STANDARD,CYP2B6,,1.0,1.0
1.0,,,,,1.0,1.0,1.0,1.0,1.0,1.0,1.0,1.0,,1.0,1.0,1.0,,,,1.0,1.0,1.0,,1.0,1.0,1.0,1.0,dihydroartemisinin,STANDARD,CYP2B6,,1.0,1.0
1.0,,,,,1.0,1.0,1.0,1.0,1.0,1.0,1.0,1.0,,1.0,1.0,1.0,,,,1.0,1.0,1.0,,1.0,1.0,1.0,1.0,lamivudine,STANDARD,CYP2B6,,1.0,1.0
1.0,,,,,1.0,1.0,1.0,1.0,1.0,1.0,1.0,1.0,,1.0,1.0,1.0,,,,1.0,1.0,1.0,,1.0,1.0,1.0,1.0,tenofovir,STANDARD,CYP2B6,,1.0,1.0
1.0,,,,,1.0,1.0,1.0,1.0,1.0,1.0,1.0,1.0,,1.0,1.0,1.0,,,,1.0,1.0,1.0,,1.0,1.0,1.0,1.0,varenicline,STANDARD,CYP2B6,,1.0,1.0
1.0,,,,,1.0,1.0,1.0,1.0,1.0,1.0,1.0,1.0,,1.0,1.0,1.0,,,,1.0,1.0,1.0,,1.0,1.0,1.0,1.0,non-nucleoside reverse transcriptase inhibitors,STANDARD,CYP2B6,,1.0,1.0
1.0,,,,,1.0,1.0,1.0,1.0,1.0,1.0,1.0,1.0,,1.0,1.0,1.0,,,,1.0,1.0,1.0,,1.0,1.0,1.0,1.0,imatinib,STANDARD,CYP2B6,,1.0,1.0
1.0,,,,,1.0,1.0,1.0,1.0,1.0,1.0,1.0,1.0,,1.0,1.0,1.0,,,,1.0,1.0,1.0,,1.0,1.0,1.0,1.0,lumefantrine,STANDARD,CYP2B6,,1.0,1.0
1.0,,,,,1.0,1.0,1.0,1.0,1.0,1.0,1.0,1.0,,1.0,1.0,1.0,,,,1.0,1.0,1.0,,1.0,1.0,1.0,1.0,desmethylsertraline,STANDARD,CYP2B6,,1.0,1.0
1.0,,,,,1.0,1.0,1.0,1.0,1.0,1.0,1.0,1.0,,1.0,1.0,1.0,,,,1.0,1.0,1.0,,1.0,1.0,1.0,1.0,capecitabine,STANDARD,DPYD,,1.0,1.0
1.0,,,,,1.0,1.0,1.0,1.0,1.0,1.0,1.0,1.0,,1.0,1.0,1.0,,,,1.0,1.0,1.0,,1.0,1.0,1.0,1.0,fluorouracil,STANDARD,DPYD,,1.0,1.0
1.0,,,,,1.0,1.0,1.0,1.0,1.0,1.0,1.0,1.0,,1.0,1.0,1.0,,,,1.0,1.0,1.0,,1.0,1.0,1.0,1.0,tegafur,STANDARD,DPYD,,1.0,1.0
1.0,,,,,1.0,1.0,1.0,1.0,1.0,1.0,1.0,1.0,,1.0,1.0,1.0,,,,1.0,1.0,1.0,,1.0,1.0,1.0,1.0,flucytosine,STANDARD,DPYD,,1.0,1.0
1.0,,,,,1.0,1.0,1.0,1.0,1.0,1.0,1.0,1.0,,1.0,1.0,1.0,,,,1.0,1.0,1.0,,1.0,1.0,1.0,1.0,3-aminoisobutyrate,STANDARD,DPYD,,1.0,1.0
1.0,,,,,1.0,1.0,1.0,1.0,1.0,1.0,1.0,1.0,,1.0,1.0,1.0,,,,1.0,1.0,1.0,,1.0,1.0,1.0,1.0,uracil,STANDARD,DPYD,,1.0,1.0
1.0,,,,,1.0,1.0,1.0,1.0,1.0,1.0,1.0,1.0,,1.0,1.0,1.0,,,,1.0,1.0,1.0,,1.0,1.0,1.0,1.0,tegafur / gimeracil / oteracil,STANDARD,DPYD,,1.0,1.0
1.0,,,,,1.0,1.0,1.0,1.0,1.0,1.0,1.0,1.0,,1.0,1.0,1.0,,,,1.0,1.0,1.0,,1.0,1.0,1.0,1.0,cisplatin,STANDARD,DPYD,,1.0,1.0
1.0,,,,,1.0,1.0,1.0,1.0,1.0,1.0,1.0,1.0,,1.0,1.0,1.0,,,,1.0,1.0,1.0,,1.0,1.0,1.0,1.0,azathioprine,STANDARD,TPMT,,1.0,1.0
1.0,,,,,1.0,1.0,1.0,1.0,1.0,1.0,1.0,1.0,,1.0,1.0,1.0,,,,1.0,1.0,1.0,,1.0,1.0,1.0,1.0,thioguanine,STANDARD,TPMT,,1.0,1.0
1.0,,,,,1.0,1.0,1.0,1.0,1.0,1.0,1.0,1.0,,1.0,1.0,1.0,,,,1.0,1.0,1.0,,1.0,1.0,1.0,1.0,mercaptopurine,STANDARD,TPMT,,1.0,1.0
1.0,,,,,1.0,1.0,1.0,1.0,1.0,1.0,1.0,1.0,,1.0,1.0,1.0,,,,1.0,1.0,1.0,,1.0,1.0,1.0,1.0,thiopurine,STANDARD,TPMT,,1.0,1.0
1.0,,,,,1.0,1.0,1.0,1.0,1.0,1.0,1.0,1.0,,1.0,1.0,1.0,,,,1.0,1.0,1.0,,1.0,1.0,1.0,1.0,purixan,STANDARD,TPMT,,1.0,1.0
1.0,,,,,1.0,1.0,1.0,1.0,1.0,1.0,1.0,1.0,,1.0,1.0,1.0,,,,1.0,1.0,1.0,,1.0,1.0,1.0,1.0,azathioprine sodium,STANDARD,TPMT,,1.0,1.0
1.0,,,,,1.0,1.0,1.0,1.0,1.0,1.0,1.0,1.0,,1.0,1.0,1.0,,,,1.0,1.0,1.0,,1.0,1.0,1.0,1.0,purine analogues,STANDARD,TPMT,,1.0,1.0
1.0,,,,,1.0,1.0,1.0,1.0,1.0,1.0,1.0,1.0,,1.0,1.0,1.0,,,,1.0,1.0,1.0,,1.0,1.0,1.0,1.0,thioguanosine diphosphate,STANDARD,TPMT,,1.0,1.0
1.0,,,,,1.0,1.0,1.0,1.0,1.0,1.0,1.0,1.0,,1.0,1.0,1.0,,,,1.0,1.0,1.0,,1.0,1.0,1.0,1.0,thioguanosine monophosphate,STANDARD,TPMT,,1.0,1.0
1.0,,,,,1.0,1.0,1.0,1.0,1.0,1.0,1.0,1.0,,1.0,1.0,1.0,,,,1.0,1.0,1.0,,1.0,1.0,1.0,1.0,thioguanosine triphosphate,STANDARD,TPMT,,1.0,1.0
1.0,,,,,1.0,1.0,1.0,1.0,1.0,1.0,1.0,1.0,,1.0,1.0,1.0,,,,1.0,1.0,1.0,,1.0,1.0,1.0,1.0,deoxy-thioguanosine triphosphate,STANDARD,TPMT,,1.0,1.0
1.0,,,,,1.0,1.0,1.0,1.0,1.0,1.0,1.0,1.0,,1.0,1.0,1.0,,,,1.0,1.0,1.0,,1.0,1.0,1.0,1.0,acyclovir,STANDARD,NUDT15,,1.0,1.0
1.0,,,,,1.0,1.0,1.0,1.0,1.0,1.0,1.0,1.0,,1.0,1.0,1.0,,,,1.0,1.0,1.0,,1.0,1.0,1.0,1.0,simvastatin acid,STANDARD,SLCO1B1,,1.0,1.0
1.0,,,,,1.0,1.0,1.0,1.0,1.0,1.0,1.0,1.0,,1.0,1.0,1.0,,,,1.0,1.0,1.0,,1.0,1.0,1.0,1.0,lovastatin acid,STANDARD,SLCO1B1,,1.0,1.0
1.0,,,,,1.0,1.0,1.0,1.0,1.0,1.0,1.0,1.0,,1.0,1.0,1.0,,,,1.0,1.0,1.0,,1.0,1.0,1.0,1.0,pravastatin,STANDARD,SLCO1B1,,1.0,1.0
1.0,,,,,1.0,1.0,1.0,1.0,1.0,1.0,1.0,1.0,,1.0,1.0,1.0,,,,1.0,1.0,1.0,,1.0,1.0,1.0,1.0,hmg-coa reductase inhibitors,STANDARD,SLCO1B1,,1.0,1.0
1.0,,,,,1.0,1.0,1.0,1.0,1.0,1.0,1.0,1.0,,1.0,1.0,1.0,,,,1.0,1.0,1.0,,1.0,1.0,1.0,1.0,methotrexate,STANDARD,SLCO1B1,,1.0,1.0
1.0,,,,,1.0,1.0,1.0,1.0,1.0,1.0,1.0,1.0,,1.0,1.0,1.0,,,,1.0,1.0,1.0,,1.0,1.0,1.0,1.0,conjugated estrogens,STANDARD,SLCO1B1,,1.0,1.0
1.0,,,,,1.0,1.0,1.0,1.0,1.0,1.0,1.0,1.0,,1.0,1.0,1.0,,,,1.0,1.0,1.0,,1.0,1.0,1.0,1.0,atrasentan,STANDARD,SLCO1B1,,1.0,1.0
1.0,,,,,1.0,1.0,1.0,1.0,1.0,1.0,1.0,1.0,,1.0,1.0,1.0,,,,1.0,1.0,1.0,,1.0,1.0,1.0,1.0,estrone sulfate,STANDARD,SLCO1B1,,1.0,1.0
1.0,,,,,1.0,1.0,1.0,1.0,1.0,1.0,1.0,1.0,,1.0,1.0,1.0,,,,1.0,1.0,1.0,,1.0,1.0,1.0,1.0,estrone,STANDARD,SLCO1B1,,1.0,1.0
1.0,,,,,1.0,1.0,1.0,1.0,1.0,1.0,1.0,1.0,,1.0,1.0,1.0,,,,1.0,1.0,1.0,,1.0,1.0,1.0,1.0,paclitaxel,STANDARD,SLCO1B1,,1.0,1.0
1.0,,,,,1.0,1.0,1.0,1.0,1.0,1.0,1.0,1.0,,1.0,1.0,1.0,,,,1.0,1.0,1.0,,1.0,1.0,1.0,1.0,olmesartan,STANDARD,SLCO1B1,,1.0,1.0
1.0,,,,,1.0,1.0,1.0,1.0,1.0,1.0,1.0,1.0,,1.0,1.0,1.0,,,,1.0,1.0,1.0,,1.0,1.0,1.0,1.0,ramipril,STANDARD,SLCO1B1,,1.0,1.0
1.0,,,,,1.0,1.0,1.0,1.0,1.0,1.0,1.0,1.0,,1.0,1.0,1.0,,,,1.0,1.0,1.0,,1.0,1.0,1.0,1.0,sn-38,STANDARD,SLCO1B1,,1.0,1.0
1.0,,,,,1.0,1.0,1.0,1.0,1.0,1.0,1.0,1.0,,1.0,1.0,1.0,,,,1.0,1.0,1.0,,1.0,1.0,1.0,1.0,repaglinide,STANDARD,SLCO1B1,,1.0,1.0
1.0,,,,,1.0,1.0,1.0,1.0,1.0,1.0,1.0,1.0,,1.0,1.0,1.0,,,,1.0,1.0,1.0,,1.0,1.0,1.0,1.0,glucose,STANDARD,SLCO1B1,,1.0,1.0
1.0,,,,,1.0,1.0,1.0,1.0,1.0,1.0,1.0,1.0,,1.0,1.0,1.0,,,,1.0,1.0,1.0,,1.0,1.0,1.0,1.0,atazanavir,STANDARD,SLCO1B1,,1.0,1.0
1.0,,,,,1.0,1.0,1.0,1.0,1.0,1.0,1.0,1.0,,1.0,1.0,1.0,,,,1.0,1.0,1.0,,1.0,1.0,1.0,1.0,pitavastatin lactone,STANDARD,SLCO1B1,,1.0,1.0
1.0,,,,,1.0,1.0,1.0,1.0,1.0,1.0,1.0,1.0,,1.0,1.0,1.0,,,,1.0,1.0,1.0,,1.0,1.0,1.0,1.0,grazoprevir,STANDARD,SLCO1B1,,1.0,1.0
1.0,,,,,1.0,1.0,1.0,1.0,1.0,1.0,1.0,1.0,,1.0,1.0,1.0,,,,1.0,1.0,1.0,,1.0,1.0,1.0,1.0,letermovir,STANDARD,SLCO1B1,,1.0,1.0
1.0,,,,,1.0,1.0,1.0,1.0,1.0,1.0,1.0,1.0,,1.0,1.0,1.0,,,,1.0,1.0,1.0,,1.0,1.0,1.0,1.0,atazanavir / ritonavir,STANDARD,SLCO1B1,,1.0,1.0
1.0,,,,,1.0,1.0,1.0,1.0,1.0,1.0,1.0,1.0,,1.0,1.0,1.0,,,,1.0,1.0,1.0,,1.0,1.0,1.0,1.0,isoniazid,STANDARD,SLCO1B1,,1.0,1.0
1.0,,,,,1.0,1.0,1.0,1.0,1.0,1.0,1.0,1.0,,1.0,1.0,1.0,,,,1.0,1.0,1.0,,1.0,1.0,1.0,1.0,ritonavir,STANDARD,SLCO1B1,,1.0,1.0
1.0,,,,,1.0,1.0,1.0,1.0,1.0,1.0,1.0,1.0,,1.0,1.0,1.0,,,,1.0,1.0,1.0,,1.0,1.0,1.0,1.0,irinotecan,STANDARD,SLCO1B1,,1.0,1.0
1.0,,,,,1.0,1.0,1.0,1.0,1.0,1.0,1.0,1.0,,1.0,1.0,1.0,,,,1.0,1.0,1.0,,1.0,1.0,1.0,1.0,leucovorin,STANDARD,SLCO1B1,,1.0,1.0
1.0,,,,,1.0,1.0,1.0,1.0,1.0,1.0,1.0,1.0,,1.0,1.0,1.0,,,,1.0,1.0,1.0,,1.0,1.0,1.0,1.0,rosiglitazone,STANDARD,SLCO1B1,,1.0,1.0
1.0,,,,,1.0,1.0,1.0,1.0,1.0,1.0,1.0,1.0,,1.0,1.0,1.0,,,,1.0,1.0,1.0,,1.0,1.0,1.0,1.0,rocuronium,STANDARD,SLCO1B1,,1.0,1.0
1.0,,,,,1.0,1.0,1.0,1.0,1.0,1.0,1.0,1.0,,1.0,1.0,1.0,,,,1.0,1.0,1.0,,1.0,1.0,1.0,1.0,2-hydroxyatorvastatin,STANDARD,SLCO1B1,,1.0,1.0
1.0,,,,,1.0,1.0,1.0,1.0,1.0,1.0,1.0,1.0,,1.0,1.0,1.0,,,,1.0,1.0,1.0,,1.0,1.0,1.0,1.0,2-hydroxyatorvastatin lactone,STANDARD,SLCO1B1,,1.0,1.0
1.0,,,,,1.0,1.0,1.0,1.0,1.0,1.0,1.0,1.0,,1.0,1.0,1.0,,,,1.0,1.0,1.0,,1.0,1.0,1.0,1.0,4-hydroxyatorvastatin,STANDARD,SLCO1B1,,1.0,1.0
1.0,,,,,1.0,1.0,1.0,1.0,1.0,1.0,1.0,1.0,,1.0,1.0,1.0,,,,1.0,1.0,1.0,,1.0,1.0,1.0,1.0,4-hydroxyatorvastatin lactone,STANDARD,SLCO1B1,,1.0,1.0
1.0,,,,,1.0,1.0,1.0,1.0,1.0,1.0,1.0,1.0,,1.0,1.0,1.0,,,,1.0,1.0,1.0,,1.0,1.0,1.0,1.0,atorvastatin lactone,STANDARD,SLCO1B1,,1.0,1.0
1.0,,,,,1.0,1.0,1.0,1.0,1.0,1.0,1.0,1.0,,1.0,1.0,1.0,,,,1.0,1.0,1.0,,1.0,1.0,1.0,1.0,amprenavir,STANDARD,SLCO1B1,,1.0,1.0
1.0,,,,,1.0,1.0,1.0,1.0,1.0,1.0,1.0,1.0,,1.0,1.0,1.0,,,,1.0,1.0,1.0,,1.0,1.0,1.0,1.0,lopinavir,STANDARD,SLCO1B1,,1.0,1.0
1.0,,,,,1.0,1.0,1.0,1.0,1.0,1.0,1.0,1.0,,1.0,1.0,1.0,,,,1.0,1.0,1.0,,1.0,1.0,1.0,1.0,mycophenolic acid,STANDARD,SLCO1B1,,1.0,1.0
1.0,,,,,1.0,1.0,1.0,1.0,1.0,1.0,1.0,1.0,,1.0,1.0,1.0,,,,1.0,1.0,1.0,,1.0,1.0,1.0,1.0,folfiri,STANDARD,UGT1A1,,1.0,1.0
1.0,,,,,1.0,1.0,1.0,1.0,1.0,1.0,1.0,1.0,,1.0,1.0,1.0,,,,1.0,1.0,1.0,,1.0,1.0,1.0,1.0,sacituzumab govitecan,STANDARD,UGT1A1,,1.0,1.0
1.0,,,,,1.0,1.0,1.0,1.0,1.0,1.0,1.0,1.0,,1.0,1.0,1.0,,,,1.0,1.0,1.0,,1.0,1.0,1.0,1.0,raloxifene 6-glucuronide,STANDARD,UGT1A1,,1.0,1.0
1.0,,,,,1.0,1.0,1.0,1.0,1.0,1.0,1.0,1.0,,1.0,1.0,1.0,,,,1.0,1.0,1.0,,1.0,1.0,1.0,1.0,raloxifene-4′-glucuronide,STANDARD,UGT1A1,,1.0,1.0
1.0,,,,,1.0,1.0,1.0,1.0,1.0,1.0,1.0,1.0,,1.0,1.0,1.0,,,,1.0,1.0,1.0,,1.0,1.0,1.0,1.0,bilirubin,STANDARD,UGT1A1,,1.0,1.0
1.0,,,,,1.0,1.0,1.0,1.0,1.0,1.0,1.0,1.0,,1.0,1.0,1.0,,,,1.0,1.0,1.0,,1.0,1.0,1.0,1.0,moxifloxacin,STANDARD,UGT1A1,,1.0,1.0
1.0,,,,,1.0,1.0,1.0,1.0,1.0,1.0,1.0,1.0,,1.0,1.0,1.0,,,,1.0,1.0,1.0,,1.0,1.0,1.0,1.0,dolutegravir,STANDARD,UGT1A1,,1.0,1.0
1.0,,,,,1.0,1.0,1.0,1.0,1.0,1.0,1.0,1.0,,1.0,1.0,1.0,,,,1.0,1.0,1.0,,1.0,1.0,1.0,1.0,oxaliplatin,STANDARD,UGT1A1,,1.0,1.0
1.0,,,,,1.0,1.0,1.0,1.0,1.0,1.0,1.0,1.0,,1.0,1.0,1.0,,,,1.0,1.0,1.0,,1.0,1.0,1.0,1.0,sorafenib,STANDARD,UGT1A1,,1.0,1.0
1.0,,,,,1.0,1.0,1.0,1.0,1.0,1.0,1.0,1.0,,1.0,1.0,1.0,,,,1.0,1.0,1.0,,1.0,1.0,1.0,1.0,belinostat,STANDARD,UGT1A1,,1.0,1.0
1.0,,,,,1.0,1.0,1.0,1.0,1.0,1.0,1.0,1.0,,1.0,1.0,1.0,,,,1.0,1.0,1.0,,1.0,1.0,1.0,1.0,deferasirox,STANDARD,UGT1A1,,1.0,1.0
1.0,,,,,1.0,1.0,1.0,1.0,1.0,1.0,1.0,1.0,,1.0,1.0,1.0,,,,1.0,1.0,1.0,,1.0,1.0,1.0,1.0,rasburicase,STANDARD,G6PD,,1.0,1.0
1.0,,,,,1.0,1.0,1.0,1.0,1.0,1.0,1.0,1.0,,1.0,1.0,1.0,,,,1.0,1.0,1.0,,1.0,1.0,1.0,1.0,nitrofurantoin,STANDARD,G6PD,,1.0,1.0
1.0,,,,,1.0,1.0,1.0,1.0,1.0,1.0,1.0,1.0,,1.0,1.0,1.0,,,,1.0,1.0,1.0,,1.0,1.0,1.0,1.0,chlorpropamide,STANDARD,G6PD,,1.0,1.0
1.0,,,,,1.0,1.0,1.0,1.0,1.0,1.0,1.0,1.0,,1.0,1.0,1.0,,,,1.0,1.0,1.0,,1.0,1.0,1.0,1.0,dabrafenib,STANDARD,G6PD,,1.0,1.0
1.0,,,,,1.0,1.0,1.0,1.0,1.0,1.0,1.0,1.0,,1.0,1.0,1.0,,,,1.0,1.0,1.0,,1.0,1.0,1.0,1.0,glipizide,STANDARD,G6PD,,1.0,1.0
1.0,,,,,1.0,1.0,1.0,1.0,1.0,1.0,1.0,1.0,,1.0,1.0,1.0,,,,1.0,1.0,1.0,,1.0,1.0,1.0,1.0,mesalazine,STANDARD,G6PD,,1.0,1.0
1.0,,,,,1.0,1.0,1.0,1.0,1.0,1.0,1.0,1.0,,1.0,1.0,1.0,,,,1.0,1.0,1.0,,1.0,1.0,1.0,1.0,nicorandil,STANDARD,G6PD,,1.0,1.0
1.0,,,,,1.0,1.0,1.0,1.0,1.0,1.0,1.0,1.0,,1.0,1.0,1.0,,,,1.0,1.0,1.0,,1.0,1.0,1.0,1.0,nitrofurazone,STANDARD,G6PD,,1.0,1.0
1.0,,,,,1.0,1.0,1.0,1.0,1.0,1.0,1.0,1.0,,1.0,1.0,1.0,,,,1.0,1.0,1.0,,1.0,1.0,1.0,1.0,probenecid,STANDARD,G6PD,,1.0,1.0
1.0,,,,,1.0,1.0,1.0,1.0,1.0,1.0,1.0,1.0,,1.0,1.0,1.0,,,,1.0,1.0,1.0,,1.0,1.0,1.0,1.0,quinacrine,STANDARD,G6PD,,1.0,1.0
1.0,,,,,1.0,1.0,1.0,1.0,1.0,1.0,1.0,1.0,,1.0,1.0,1.0,,,,1.0,1.0,1.0,,1.0,1.0,1.0,1.0,sodium nitrate,STANDARD,G6PD,,1.0,1.0
1.0,,,,,1.0,1.0,1.0,1.0,1.0,1.0,1.0,1.0,,1.0,1.0,1.0,,,,1.0,1.0,1.0,,1.0,1.0,1.0,1.0,sulfacetamide,STANDARD,G6PD,,1.0,1.0
1.0,,,,,1.0,1.0,1.0,1.0,1.0,1.0,1.0,1.0,,1.0,1.0,1.0,,,,1.0,1.0,1.0,,1.0,1.0,1.0,1.0,tolazamide,STANDARD,G6PD,,1.0,1.0
1.0,,,,,1.0,1.0,1.0,1.0,1.0,1.0,1.0,1.0,,1.0,1.0,1.0,,,,1.0,1.0,1.0,,1.0,1.0,1.0,1.0,dapsone,STANDARD,G6PD,,1.0,1.0
1.0,,,,,1.0,1.0,1.0,1.0,1.0,1.0,1.0,1.0,,1.0,1.0,1.0,,,,1.0,1.0,1.0,,1.0,1.0,1.0,1.0,methylene blue,STANDARD,G6PD,,1.0,1.0
1.0,,,,,1.0,1.0,1.0,1.0,1.0,1.0,1.0,1.0,,1.0,1.0,1.0,,,,1.0,1.0,1.0,,1.0,1.0,1.0,1.0,pegloticase,STANDARD,G6PD,,1.0,1.0
1.0,,,,,1.0,1.0,1.0,1.0,1.0,1.0,1.0,1.0,,1.0,1.0,1.0,,,,1.0,1.0,1.0,,1.0,1.0,1.0,1.0,tafenoquine,STANDARD,G6PD,,1.0,1.0
1.0,,,,,1.0,1.0,1.0,1.0,1.0,1.0,1.0,1.0,,1.0,1.0,1.0,,,,1.0,1.0,1.0,,1.0,1.0,1.0,1.0,toluidine blue,STANDARD,G6PD,,1.0,1.0
1.0,,,,,1.0,1.0,1.0,1.0,1.0,1.0,1.0,1.0,,1.0,1.0,1.0,,,,1.0,1.0,1.0,,1.0,1.0,1.0,1.0,aminosalicylic acid,STANDARD,G6PD,,1.0,1.0
1.0,,,,,1.0,1.0,1.0,1.0,1.0,1.0,1.0,1.0,,1.0,1.0,1.0,,,,1.0,1.0,1.0,,1.0,1.0,1.0,1.0,chloramphenicol,STANDARD,G6PD,,1.0,1.0
1.0,,,,,1.0,1.0,1.0,1.0,1.0,1.0,1.0,1.0,,1.0,1.0,1.0,,,,1.0,1.0,1.0,,1.0,1.0,1.0,1.0,chloroquine,STANDARD,G6PD,,1.0,1.0
1.0,,,,,1.0,1.0,1.0,1.0,1.0,1.0,1.0,1.0,,1.0,1.0,1.0,,,,1.0,1.0,1.0,,1.0,1.0,1.0,1.0,ciprofloxacin,STANDARD,G6PD,,1.0,1.0
1.0,,,,,1.0,1.0,1.0,1.0,1.0,1.0,1.0,1.0,,1.0,1.0,1.0,,,,1.0,1.0,1.0,,1.0,1.0,1.0,1.0,dimercaprol,STANDARD,G6PD,,1.0,1.0
1.0,,,,,1.0,1.0,1.0,1.0,1.0,1.0,1.0,1.0,,1.0,1.0,1.0,,,,1.0,1.0,1.0,,1.0,1.0,1.0,1.0,furazolidone,STANDARD,G6PD,,1.0,1.0
1.0,,,,,1.0,1.0,1.0,1.0,1.0,1.0,1.0,1.0,,1.0,1.0,1.0,,,,1.0,1.0,1.0,,1.0,1.0,1.0,1.0,mafenide,STANDARD,G6PD,,1.0,1.0
1.0,,,,,1.0,1.0,1.0,1.0,1.0,1.0,1.0,1.0,,1.0,1.0,1.0,,,,1.0,1.0,1.0,,1.0,1.0,1.0,1.0,nalidixic acid,STANDARD,G6PD,,1.0,1.0
1.0,,,,,1.0,1.0,1.0,1.0,1.0,1.0,1.0,1.0,,1.0,1.0,1.0,,,,1.0,1.0,1.0,,1.0,1.0,1.0,1.0,norfloxacin,STANDARD,G6PD,,1.0,1.0
1.0,,,,,1.0,1.0,1.0,1.0,1.0,1.0,1.0,1.0,,1.0,1.0,1.0,,,,1.0,1.0,1.0,,1.0,1.0,1.0,1.0,ofloxacin,STANDARD,G6PD,,1.0,1.0
1.0,,,,,1.0,1.0,1.0,1.0,1.0,1.0,1.0,1.0,,1.0,1.0,1.0,,,,1.0,1.0,1.0,,1.0,1.0,1.0,1.0,phenazopyridine,STANDARD,G6PD,,1.0,1.0
1.0,,,,,1.0,1.0,1.0,1.0,1.0,1.0,1.0,1.0,,1.0,1.0,1.0,,,,1.0,1.0,1.0,,1.0,1.0,1.0,1.0,quinine,STANDARD,G6PD,,1.0,1.0
1.0,,,,,1.0,1.0,1.0,1.0,1.0,1.0,1.0,1.0,,1.0,1.0,1.0,,,,1.0,1.0,1.0,,1.0,1.0,1.0,1.0,sulfadiazine,STANDARD,G6PD,,1.0,1.0
1.0,,,,,1.0,1.0,1.0,1.0,1.0,1.0,1.0,1.0,,1.0,1.0,1.0,,,,1.0,1.0,1.0,,1.0,1.0,1.0,1.0,sulfamethazine,STANDARD,G6PD,,1.0,1.0
1.0,,,,,1.0,1.0,1.0,1.0,1.0,1.0,1.0,1.0,,1.0,1.0,1.0,,,,1.0,1.0,1.0,,1.0,1.0,1.0,1.0,sulfamethoxazole,STANDARD,G6PD,,1.0,1.0
1.0,,,,,1.0,1.0,1.0,1.0,1.0,1.0,1.0,1.0,,1.0,1.0,1.0,,,,1.0,1.0,1.0,,1.0,1.0,1.0,1.0,sulfamethoxazole / trimethoprim,STANDARD,G6PD,,1.0,1.0
1.0,,,,,1.0,1.0,1.0,1.0,1.0,1.0,1.0,1.0,,1.0,1.0,1.0,,,,1.0,1.0,1.0,,1.0,1.0,1.0,1.0,sulfanilamide,STANDARD,G6PD,,1.0,1.0
1.0,,,,,1.0,1.0,1.0,1.0,1.0,1.0,1.0,1.0,,1.0,1.0,1.0,,,,1.0,1.0,1.0,,1.0,1.0,1.0,1.0,sulfasalazine,STANDARD,G6PD,,1.0,1.0
1.0,,,,,1.0,1.0,1.0,1.0,1.0,1.0,1.0,1.0,,1.0,1.0,1.0,,,,1.0,1.0,1.0,,1.0,1.0,1.0,1.0,sulfisoxazole,STANDARD,G6PD,,1.0,1.0
1.0,,,,,1.0,1.0,1.0,1.0,1.0,1.0,1.0,1.0,,1.0,1.0,1.0,,,,1.0,1.0,1.0,,1.0,1.0,1.0,1.0,vitamin c,STANDARD,G6PD,,1.0,1.0
1.0,,,,,1.0,1.0,1.0,1.0,1.0,1.0,1.0,1.0,,1.0,1.0,1.0,,,,1.0,1.0,1.0,,1.0,1.0,1.0,1.0,vitamin k and analogues,STANDARD,G6PD,,1.0,1.0
1.0,,,,,1.0,1.0,1.0,1.0,1.0,1.0,1.0,1.0,,1.0,1.0,1.0,,,,1.0,1.0,1.0,,1.0,1.0,1.0,1.0,daunorubicin,STANDARD,G6PD,,1.0,1.0
1.0,,,,,1.0,1.0,1.0,1.0,1.0,1.0,1.0,1.0,,1.0,1.0,1.0,,,,1.0,1.0,1.0,,1.0,1.0,1.0,1.0,flucloxacillin,STANDARD,HLA-B,,1.0,1.0
1.0,,,,,1.0,1.0,1.0,1.0,1.0,1.0,1.0,1.0,,1.0,1.0,1.0,,,,1.0,1.0,1.0,,1.0,1.0,1.0,1.0,abacavir,STANDARD,HLA-B,,1.0,1.0
1.0,,,,,1.0,1.0,1.0,1.0,1.0,1.0,1.0,1.0,,1.0,1.0,1.0,,,,1.0,1.0,1.0,,1.0,1.0,1.0,1.0,oxcarbazepine,STANDARD,HLA-B,,1.0,1.0
1.0,,,,,1.0,1.0,1.0,1.0,1.0,1.0,1.0,1.0,,1.0,1.0,1.0,,,,1.0,1.0,1.0,,1.0,1.0,1.0,1.0,methazolamide,STANDARD,HLA-B,,1.0,1.0
1.0,,,,,1.0,1.0,1.0,1.0,1.0,1.0,1.0,1.0,,1.0,1.0,1.0,,,,1.0,1.0,1.0,,1.0,1.0,1.0,1.0,antiepileptics,STANDARD,HLA-B,,1.0,1.0
1.0,,,,,1.0,1.0,1.0,1.0,1.0,1.0,1.0,1.0,,1.0,1.0,1.0,,,,1.0,1.0,1.0,,1.0,1.0,1.0,1.0,allopurinol,STANDARD,HLA-B,,1.0,1.0
1.0,,,,,1.0,1.0,1.0,1.0,1.0,1.0,1.0,1.0,,1.0,1.0,1.0,,,,1.0,1.0,1.0,,1.0,1.0,1.0,1.0,ribavirin,STANDARD,HLA-B,,1.0,1.0
1.0,,,,,1.0,1.0,1.0,1.0,1.0,1.0,1.0,1.0,,1.0,1.0,1.0,,,,1.0,1.0,1.0,,1.0,1.0,1.0,1.0,interferon beta-1a,STANDARD,HLA-B,,1.0,1.0
1.0,,,,,1.0,1.0,1.0,1.0,1.0,1.0,1.0,1.0,,1.0,1.0,1.0,,,,1.0,1.0,1.0,,1.0,1.0,1.0,1.0,rubella vaccines,STANDARD,HLA-B,,1.0,1.0
1.0,,,,,1.0,1.0,1.0,1.0,1.0,1.0,1.0,1.0,,1.0,1.0,1.0,,,,1.0,1.0,1.0,,1.0,1.0,1.0,1.0,peginterferon alfa-2a,STANDARD,HLA-B,,1.0,1.0
1.0,,,,,1.0,1.0,1.0,1.0,1.0,1.0,1.0,1.0,,1.0,1.0,1.0,,,,1.0,1.0,1.0,,1.0,1.0,1.0,1.0,peginterferon alfa-2b,STANDARD,HLA-B,,1.0,1.0
1.0,,,,,1.0,1.0,1.0,1.0,1.0,1.0,1.0,1.0,,1.0,1.0,1.0,,,,1.0,1.0,1.0,,1.0,1.0,1.0,1.0,measles vaccines,STANDARD,HLA-B,,1.0,1.0
1.0,,,,,1.0,1.0,1.0,1.0,1.0,1.0,1.0,1.0,,1.0,1.0,1.0,,,,1.0,1.0,1.0,,1.0,1.0,1.0,1.0,"""interferon alfa-2a",STANDARD,HLA-B,,1.0,1.0
1.0,,,,,1.0,1.0,1.0,1.0,1.0,1.0,1.0,1.0,,1.0,1.0,1.0,,,,1.0,1.0,1.0,,1.0,1.0,1.0,1.0,"recombinant""",STANDARD,HLA-B,,1.0,1.0
1.0,,,,,1.0,1.0,1.0,1.0,1.0,1.0,1.0,1.0,,1.0,1.0,1.0,,,,1.0,1.0,1.0,,1.0,1.0,1.0,1.0,"""ribavirin""",STANDARD,HLA-B,,1.0,1.0
1.0,,,,,1.0,1.0,1.0,1.0,1.0,1.0,1.0,1.0,,1.0,1.0,1.0,,,,1.0,1.0,1.0,,1.0,1.0,1.0,1.0,stavudine,STANDARD,HLA-B,,1.0,1.0
1.0,,,,,1.0,1.0,1.0,1.0,1.0,1.0,1.0,1.0,,1.0,1.0,1.0,,,,1.0,1.0,1.0,,1.0,1.0,1.0,1.0,bcr-abl tyrosine kinase inhibitors,STANDARD,HLA-B,,1.0,1.0
1.0,,,,,1.0,1.0,1.0,1.0,1.0,1.0,1.0,1.0,,1.0,1.0,1.0,,,,1.0,1.0,1.0,,1.0,1.0,1.0,1.0,etanercept,STANDARD,HLA-B,,1.0,1.0
1.0,,,,,1.0,1.0,1.0,1.0,1.0,1.0,1.0,1.0,,1.0,1.0,1.0,,,,1.0,1.0,1.0,,1.0,1.0,1.0,1.0,tebentafusp,STANDARD,HLA-A,,1.0,1.0
1.0,,,,,1.0,1.0,1.0,1.0,1.0,1.0,1.0,1.0,,1.0,1.0,1.0,,,,1.0,1.0,1.0,,1.0,1.0,1.0,1.0,desflurane,STANDARD,RYR1,,1.0,1.0
1.0,,,,,1.0,1.0,1.0,1.0,1.0,1.0,1.0,1.0,,1.0,1.0,1.0,,,,1.0,1.0,1.0,,1.0,1.0,1.0,1.0,enflurane,STANDARD,RYR1,,1.0,1.0
1.0,,,,,1.0,1.0,1.0,1.0,1.0,1.0,1.0,1.0,,1.0,1.0,1.0,,,,1.0,1.0,1.0,,1.0,1.0,1.0,1.0,halothane,STANDARD,RYR1,,1.0,1.0
1.0,,,,,1.0,1.0,1.0,1.0,1.0,1.0,1.0,1.0,,1.0,1.0,1.0,,,,1.0,1.0,1.0,,1.0,1.0,1.0,1.0,isoflurane,STANDARD,RYR1,,1.0,1.0
1.0,,,,,1.0,1.0,1.0,1.0,1.0,1.0,1.0,1.0,,1.0,1.0,1.0,,,,1.0,1.0,1.0,,1.0,1.0,1.0,1.0,methoxyflurane,STANDARD,RYR1,,1.0,1.0
1.0,,,,,1.0,1.0,1.0,1.0,1.0,1.0,1.0,1.0,,1.0,1.0,1.0,,,,1.0,1.0,1.0,,1.0,1.0,1.0,1.0,sevoflurane,STANDARD,RYR1,,1.0,1.0
1.0,,,,,1.0,1.0,1.0,1.0,1.0,1.0,1.0,1.0,,1.0,1.0,1.0,,,,1.0,1.0,1.0,,1.0,1.0,1.0,1.0,succinylcholine,STANDARD,RYR1,,1.0,1.0
1.0,,,,,1.0,1.0,1.0,1.0,1.0,1.0,1.0,1.0,,1.0,1.0,1.0,,,,1.0,1.0,1.0,,1.0,1.0,1.0,1.0,anesthesiques,STANDARD,RYR1,,1.0,1.0
1.0,,,,,1.0,1.0,1.0,1.0,1.0,1.0,1.0,1.0,,1.0,1.0,1.0,,,,1.0,1.0,1.0,,1.0,1.0,1.0,1.0,succinylcholine chloride,STANDARD,RYR1,,1.0,1.0
1.0,,,,,1.0,1.0,1.0,1.0,1.0,1.0,1.0,1.0,,1.0,1.0,1.0,,,,1.0,1.0,1.0,,1.0,1.0,1.0,1.0,hydralazine,STANDARD,NAT2,,1.0,1.0
1.0,,,,,1.0,1.0,1.0,1.0,1.0,1.0,1.0,1.0,,1.0,1.0,1.0,,,,1.0,1.0,1.0,,1.0,1.0,1.0,1.0,caffeine,STANDARD,NAT2,,1.0,1.0
1.0,,,,,1.0,1.0,1.0,1.0,1.0,1.0,1.0,1.0,,1.0,1.0,1.0,,,,1.0,1.0,1.0,,1.0,1.0,1.0,1.0,sulfapyridine,STANDARD,NAT2,,1.0,1.0
1.0,,,,,1.0,1.0,1.0,1.0,1.0,1.0,1.0,1.0,,1.0,1.0,1.0,,,,1.0,1.0,1.0,,1.0,1.0,1.0,1.0,acetylisoniazid,STANDARD,NAT2,,1.0,1.0
1.0,,,,,1.0,1.0,1.0,1.0,1.0,1.0,1.0,1.0,,1.0,1.0,1.0,,,,1.0,1.0,1.0,,1.0,1.0,1.0,1.0,iguratimod,STANDARD,NAT2,,1.0,1.0
1.0,,,,,1.0,1.0,1.0,1.0,1.0,1.0,1.0,1.0,,1.0,1.0,1.0,,,,1.0,1.0,1.0,,1.0,1.0,1.0,1.0,lurbinectedin,STANDARD,CYP3A5,,1.0,1.0
1.0,,,,,1.0,1.0,1.0,1.0,1.0,1.0,1.0,1.0,,1.0,1.0,1.0,,,,1.0,1.0,1.0,,1.0,1.0,1.0,1.0,rivaroxaban,STANDARD,CYP3A5,,1.0,1.0
1.0,,,,,1.0,1.0,1.0,1.0,1.0,1.0,1.0,1.0,,1.0,1.0,1.0,,,,1.0,1.0,1.0,,1.0,1.0,1.0,1.0,venetoclax,STANDARD,CYP3A5,,1.0,1.0
1.0,,,,,1.0,1.0,1.0,1.0,1.0,1.0,1.0,1.0,,1.0,1.0,1.0,,,,1.0,1.0,1.0,,1.0,1.0,1.0,1.0,sirolimus,STANDARD,CYP3A5,,1.0,1.0
1.0,,,,,1.0,1.0,1.0,1.0,1.0,1.0,1.0,1.0,,1.0,1.0,1.0,,,,1.0,1.0,1.0,,1.0,1.0,1.0,1.0,4-dehydrocilostazol,STANDARD,CYP3A5,,1.0,1.0
1.0,,,,,1.0,1.0,1.0,1.0,1.0,1.0,1.0,1.0,,1.0,1.0,1.0,,,,1.0,1.0,1.0,,1.0,1.0,1.0,1.0,dihydropyridine derivatives,STANDARD,CYP3A5,,1.0,1.0
1.0,,,,,1.0,1.0,1.0,1.0,1.0,1.0,1.0,1.0,,1.0,1.0,1.0,,,,1.0,1.0,1.0,,1.0,1.0,1.0,1.0,dextropropoxyphene,STANDARD,CYP3A5,,1.0,1.0
1.0,,,,,1.0,1.0,1.0,1.0,1.0,1.0,1.0,1.0,,1.0,1.0,1.0,,,,1.0,1.0,1.0,,1.0,1.0,1.0,1.0,felodipine,STANDARD,CYP3A5,,1.0,1.0
1.0,,,,,1.0,1.0,1.0,1.0,1.0,1.0,1.0,1.0,,1.0,1.0,1.0,,,,1.0,1.0,1.0,,1.0,1.0,1.0,1.0,granisetron,STANDARD,CYP3A5,,1.0,1.0
1.0,,,,,1.0,1.0,1.0,1.0,1.0,1.0,1.0,1.0,,1.0,1.0,1.0,,,,1.0,1.0,1.0,,1.0,1.0,1.0,1.0,cyclosporine,STANDARD,CYP3A5,,1.0,1.0
1.0,,,,,1.0,1.0,1.0,1.0,1.0,1.0,1.0,1.0,,1.0,1.0,1.0,,,,1.0,1.0,1.0,,1.0,1.0,1.0,1.0,vincristine,STANDARD,CYP3A5,,1.0,1.0
1.0,,,,,1.0,1.0,1.0,1.0,1.0,1.0,1.0,1.0,,1.0,1.0,1.0,,,,1.0,1.0,1.0,,1.0,1.0,1.0,1.0,vardenafil,STANDARD,CYP3A5,,1.0,1.0
1.0,,,,,1.0,1.0,1.0,1.0,1.0,1.0,1.0,1.0,,1.0,1.0,1.0,,,,1.0,1.0,1.0,,1.0,1.0,1.0,1.0,sufentanil,STANDARD,CYP3A5,,1.0,1.0
1.0,,,,,1.0,1.0,1.0,1.0,1.0,1.0,1.0,1.0,,1.0,1.0,1.0,,,,1.0,1.0,1.0,,1.0,1.0,1.0,1.0,nimodipine,STANDARD,CYP3A5,,1.0,1.0
1.0,,,,,1.0,1.0,1.0,1.0,1.0,1.0,1.0,1.0,,1.0,1.0,1.0,,,,1.0,1.0,1.0,,1.0,1.0,1.0,1.0,naldemedine,STANDARD,CYP3A5,,1.0,1.0
1.0,,,,,1.0,1.0,1.0,1.0,1.0,1.0,1.0,1.0,,1.0,1.0,1.0,,,,1.0,1.0,1.0,,1.0,1.0,1.0,1.0,maraviroc,STANDARD,CYP3A5,,1.0,1.0
1.0,,,,,1.0,1.0,1.0,1.0,1.0,1.0,1.0,1.0,,1.0,1.0,1.0,,,,1.0,1.0,1.0,,1.0,1.0,1.0,1.0,desbutyl lumefantrine,STANDARD,CYP3A5,,1.0,1.0
1.0,,,,,1.0,1.0,1.0,1.0,1.0,1.0,1.0,1.0,,1.0,1.0,1.0,,,,1.0,1.0,1.0,,1.0,1.0,1.0,1.0,apixaban,STANDARD,CYP3A5,,1.0,1.0
1.0,,,,,1.0,1.0,1.0,1.0,1.0,1.0,1.0,1.0,,1.0,1.0,1.0,,,,1.0,1.0,1.0,,1.0,1.0,1.0,1.0,edoxaban,STANDARD,CYP3A5,,1.0,1.0
1.0,,,,,1.0,1.0,1.0,1.0,1.0,1.0,1.0,1.0,,1.0,1.0,1.0,,,,1.0,1.0,1.0,,1.0,1.0,1.0,1.0,temsirolimus,STANDARD,CYP3A5,,1.0,1.0
1.0,,,,,1.0,1.0,1.0,1.0,1.0,1.0,1.0,1.0,,1.0,1.0,1.0,,,,1.0,1.0,1.0,,1.0,1.0,1.0,1.0,perampanel,STANDARD,CYP3A5,,1.0,1.0
1.0,,,,,1.0,1.0,1.0,1.0,1.0,1.0,1.0,1.0,,1.0,1.0,1.0,,,,1.0,1.0,1.0,,1.0,1.0,1.0,1.0,nifedipine,STANDARD,CYP3A5,,1.0,1.0
1.0,,,,,1.0,1.0,1.0,1.0,1.0,1.0,1.0,1.0,,1.0,1.0,1.0,,,,1.0,1.0,1.0,,1.0,1.0,1.0,1.0,sunitinib,STANDARD,CYP3A5,,1.0,1.0
1.0,,,,,1.0,1.0,1.0,1.0,1.0,1.0,1.0,1.0,,1.0,1.0,1.0,,,,1.0,1.0,1.0,,1.0,1.0,1.0,1.0,amlodipine,STANDARD,CYP3A5,,1.0,1.0
1.0,,,,,1.0,1.0,1.0,1.0,1.0,1.0,1.0,1.0,,1.0,1.0,1.0,,,,1.0,1.0,1.0,,1.0,1.0,1.0,1.0,4-hydroxycyclophosphamide,STANDARD,CYP3A5,,1.0,1.0
1.0,,,,,1.0,1.0,1.0,1.0,1.0,1.0,1.0,1.0,,1.0,1.0,1.0,,,,1.0,1.0,1.0,,1.0,1.0,1.0,1.0,everolimus,STANDARD,CYP3A5,,1.0,1.0
1.0,,,,,1.0,1.0,1.0,1.0,1.0,1.0,1.0,1.0,,1.0,1.0,1.0,,,,1.0,1.0,1.0,,1.0,1.0,1.0,1.0,vitamin k1,STANDARD,CYP4F2,,1.0,1.0
1.0,,,,,1.0,1.0,1.0,1.0,1.0,1.0,1.0,1.0,,1.0,1.0,1.0,,,,1.0,1.0,1.0,,1.0,1.0,1.0,1.0,coumarin,STANDARD,CYP2A6,,1.0,1.0
1.0,,,,,1.0,1.0,1.0,1.0,1.0,1.0,1.0,1.0,,1.0,1.0,1.0,,,,1.0,1.0,1.0,,1.0,1.0,1.0,1.0,letrozole,STANDARD,CYP2A6,,1.0,1.0
1.0,,,,,1.0,1.0,1.0,1.0,1.0,1.0,1.0,1.0,,1.0,1.0,1.0,,,,1.0,1.0,1.0,,1.0,1.0,1.0,1.0,pilocarpine,STANDARD,CYP2A6,,1.0,1.0
1.0,,,,,1.0,1.0,1.0,1.0,1.0,1.0,1.0,1.0,,1.0,1.0,1.0,,,,1.0,1.0,1.0,,1.0,1.0,1.0,1.0,3-hydroxycotinine,STANDARD,CYP2A6,,1.0,1.0
1.0,,,,,1.0,1.0,1.0,1.0,1.0,1.0,1.0,1.0,,1.0,1.0,1.0,,,,1.0,1.0,1.0,,1.0,1.0,1.0,1.0,metronidazole,STANDARD,CYP2A6,,1.0,1.0
1.0,,,,,1.0,1.0,1.0,1.0,1.0,1.0,1.0,1.0,,1.0,1.0,1.0,,,,1.0,1.0,1.0,,1.0,1.0,1.0,1.0,3-hydroxycotinine glucuronide,STANDARD,CYP2A6,,1.0,1.0
1.0,,,,,1.0,1.0,1.0,1.0,1.0,1.0,1.0,1.0,,1.0,1.0,1.0,,,,1.0,1.0,1.0,,1.0,1.0,1.0,1.0,drugs used in nicotine dependence,STANDARD,CYP2A6,,1.0,1.0
1.0,,,,,1.0,1.0,1.0,1.0,1.0,1.0,1.0,1.0,,1.0,1.0,1.0,,,,1.0,1.0,1.0,,1.0,1.0,1.0,1.0,"""1",STANDARD,CYP2A6,,1.0,1.0
1.0,,,,,1.0,1.0,1.0,1.0,1.0,1.0,1.0,1.0,,1.0,1.0,1.0,,,,1.0,1.0,1.0,,1.0,1.0,1.0,1.0,"7-dimethylxanthine""",STANDARD,CYP2A6,,1.0,1.0
1.0,,,,,1.0,1.0,1.0,1.0,1.0,1.0,1.0,1.0,,1.0,1.0,1.0,,,,1.0,1.0,1.0,,1.0,1.0,1.0,1.0,"""caffeine""",STANDARD,CYP2A6,,1.0,1.0
1.0,,,,,1.0,1.0,1.0,1.0,1.0,1.0,1.0,1.0,,1.0,1.0,1.0,,,,1.0,1.0,1.0,,1.0,1.0,1.0,1.0,erlotinib,STANDARD,CYP1A2,,1.0,1.0
1.0,,,,,1.0,1.0,1.0,1.0,1.0,1.0,1.0,1.0,,1.0,1.0,1.0,,,,1.0,1.0,1.0,,1.0,1.0,1.0,1.0,theophylline,STANDARD,CYP1A2,,1.0,1.0
1.0,,,,,1.0,1.0,1.0,1.0,1.0,1.0,1.0,1.0,,1.0,1.0,1.0,,,,1.0,1.0,1.0,,1.0,1.0,1.0,1.0,pentoxifylline,STANDARD,CYP1A2,,1.0,1.0
1.0,,,,,1.0,1.0,1.0,1.0,1.0,1.0,1.0,1.0,,1.0,1.0,1.0,,,,1.0,1.0,1.0,,1.0,1.0,1.0,1.0,pentoxifylline m5,STANDARD,CYP1A2,,1.0,1.0
1.0,,,,,1.0,1.0,1.0,1.0,1.0,1.0,1.0,1.0,,1.0,1.0,1.0,,,,1.0,1.0,1.0,,1.0,1.0,1.0,1.0,axitinib,STANDARD,ABCG2,,1.0,1.0
1.0,,,,,1.0,1.0,1.0,1.0,1.0,1.0,1.0,1.0,,1.0,1.0,1.0,,,,1.0,1.0,1.0,,1.0,1.0,1.0,1.0,antineoplastic agents,STANDARD,ABCG2,,1.0,1.0
1.0,,,,,1.0,1.0,1.0,1.0,1.0,1.0,1.0,1.0,,1.0,1.0,1.0,,,,1.0,1.0,1.0,,1.0,1.0,1.0,1.0,ceftriaxone,STANDARD,ABCG2,,1.0,1.0
1.0,,,,,1.0,1.0,1.0,1.0,1.0,1.0,1.0,1.0,,1.0,1.0,1.0,,,,1.0,1.0,1.0,,1.0,1.0,1.0,1.0,opioid anesthetics,STANDARD,ABCG2,,1.0,1.0
1.0,,,,,1.0,1.0,1.0,1.0,1.0,1.0,1.0,1.0,,1.0,1.0,1.0,,,,1.0,1.0,1.0,,1.0,1.0,1.0,1.0,other general anesthetics,STANDARD,ABCG2,,1.0,1.0
1.0,,,,,1.0,1.0,1.0,1.0,1.0,1.0,1.0,1.0,,1.0,1.0,1.0,,,,1.0,1.0,1.0,,1.0,1.0,1.0,1.0,volatile anesthetics,STANDARD,ABCG2,,1.0,1.0
1.0,,,,,1.0,1.0,1.0,1.0,1.0,1.0,1.0,1.0,,1.0,1.0,1.0,,,,1.0,1.0,1.0,,1.0,1.0,1.0,1.0,topotecan,STANDARD,ABCG2,,1.0,1.0
1.0,,,,,1.0,1.0,1.0,1.0,1.0,1.0,1.0,1.0,,1.0,1.0,1.0,,,,1.0,1.0,1.0,,1.0,1.0,1.0,1.0,odevixibat,STANDARD,CYP3A4,,1.0,1.0
1.0,,,,,1.0,1.0,1.0,1.0,1.0,1.0,1.0,1.0,,1.0,1.0,1.0,,,,1.0,1.0,1.0,,1.0,1.0,1.0,1.0,exemestane,STANDARD,CYP3A4,,1.0,1.0
1.0,,,,,1.0,1.0,1.0,1.0,1.0,1.0,1.0,1.0,,1.0,1.0,1.0,,,,1.0,1.0,1.0,,1.0,1.0,1.0,1.0,alprazolam,STANDARD,CYP3A4,,1.0,1.0
1.0,,,,,1.0,1.0,1.0,1.0,1.0,1.0,1.0,1.0,,1.0,1.0,1.0,,,,1.0,1.0,1.0,,1.0,1.0,1.0,1.0,sildenafil,STANDARD,CYP3A4,,1.0,1.0
1.0,,,,,1.0,1.0,1.0,1.0,1.0,1.0,1.0,1.0,,1.0,1.0,1.0,,,,1.0,1.0,1.0,,1.0,1.0,1.0,1.0,1-hydroxymidazolam,STANDARD,CYP3A4,,1.0,1.0
1.0,,,,,1.0,1.0,1.0,1.0,1.0,1.0,1.0,1.0,,1.0,1.0,1.0,,,,1.0,1.0,1.0,,1.0,1.0,1.0,1.0,alectinib,STANDARD,CYP3A4,,1.0,1.0
1.0,,,,,1.0,1.0,1.0,1.0,1.0,1.0,1.0,1.0,,1.0,1.0,1.0,,,,1.0,1.0,1.0,,1.0,1.0,1.0,1.0,buprenorphine,STANDARD,CYP3A4,,1.0,1.0
1.0,,,,,1.0,1.0,1.0,1.0,1.0,1.0,1.0,1.0,,1.0,1.0,1.0,,,,1.0,1.0,1.0,,1.0,1.0,1.0,1.0,teneligliptin,STANDARD,CYP3A4,,1.0,1.0
1.0,,,,,1.0,1.0,1.0,1.0,1.0,1.0,1.0,1.0,,1.0,1.0,1.0,,,,1.0,1.0,1.0,,1.0,1.0,1.0,1.0,apremilast,STANDARD,CYP3A4,,1.0,1.0
1.0,,,,,1.0,1.0,1.0,1.0,1.0,1.0,1.0,1.0,,1.0,1.0,1.0,,,,1.0,1.0,1.0,,1.0,1.0,1.0,1.0,erythromycin,STANDARD,CYP3A4,,1.0,1.0
1.0,,,,,1.0,1.0,1.0,1.0,1.0,1.0,1.0,1.0,,1.0,1.0,1.0,,,,1.0,1.0,1.0,,1.0,1.0,1.0,1.0,tenofovir alafenamide,STANDARD,CYP3A4,,1.0,1.0
1.0,,,,,1.0,1.0,1.0,1.0,1.0,1.0,1.0,1.0,,1.0,1.0,1.0,,,,1.0,1.0,1.0,,1.0,1.0,1.0,1.0,dexamethasone,STANDARD,CYP3A4,,1.0,1.0
1.0,,,,,1.0,1.0,1.0,1.0,1.0,1.0,1.0,1.0,,1.0,1.0,1.0,,,,1.0,1.0,1.0,,1.0,1.0,1.0,1.0,silodosin,STANDARD,CYP3A4,,1.0,1.0
